<?xml version="1.0" encoding="UTF-8" standalone="no" ?>
<COLLADA version="1.4.1" xmlns="http://www.collada.org/2005/11/COLLADASchema">

  <asset>
    <contributor>
      <authoring_tool>ONSHAPE BY PTC INC, 1.206</authoring_tool>
    </contributor>
    <created>2025-11-10T20:10:13</created>
    <modified>2025-11-10T20:10:13</modified>
    <unit meter="1" name="meters"/>
    <up_axis>Z_UP</up_axis>
  </asset>

  <library_materials>
    <material id="ID9" name="ID9">
      <instance_effect url="#ID9-fx"/>
    </material>
  </library_materials>

  <library_effects>
    <effect id="ID9-fx" name="ID9">
      <profile_COMMON>
        <technique sid="COMMON">
          <lambert>
            <diffuse>
              <color sid="diffuse">1 1 0.01 1</color>
            </diffuse>
            <transparent opaque="A_ONE">
              <color sid="transparent">1 1 1 1</color>
            </transparent>
            <transparency>
              <float sid="transparency">1</float>
            </transparency>
          </lambert>
        </technique>
        <extra>
          <technique profile="OTHER">
            <double_sided>1</double_sided>
          </technique>
        </extra>
      </profile_COMMON>
    </effect>
  </library_effects>

  <library_geometries>
    <geometry id="ID3">
      <mesh>
        <source id="ID4">
          <float_array count="4968" id="ID5">-0.00507961 -0.0444821 0 -0.00410211 -0.0437213 0 -0.00301272 -0.0431317 0 -0.00301272 -0.0568683 0 -0.00410211 -0.0562787 0 0.00739771 -0.0487655 0 -0.00184114 -0.0427295 0 -0.00591855 -0.0453934 0 -0.000619345 -0.0425256 0 -0.00659605 -0.0464304 0 -0.00709363 -0.0475648 0 0.000619345 -0.0425256 0 -0.00739771 -0.0487655 0 0.00184114 -0.0427295 0 -0.0075 -0.05 0 0.00301272 -0.0431317 0 0.00410211 -0.0437213 0 -0.00739771 -0.0512345 0 0.00659605 -0.0464304 0 -0.00591855 -0.0546066 0 0.00591855 -0.0453934 0 -0.00659605 -0.0535696 0 -0.00709363 -0.0524352 0 0.00507961 -0.0444821 0 0.0075 -0.05 0 -0.00507961 -0.0555179 0 0.00709363 -0.0475648 0 0.00709363 -0.0524352 0 0.00659605 -0.0535696 0 0.000619345 -0.0574744 0 0.00739771 -0.0512345 0 -0.000619345 -0.0574744 0 -0.00184114 -0.0572705 0 0.00301272 -0.0568683 0 0.00507961 -0.0555179 0 0.00410211 -0.0562787 0 0.00591855 -0.0546066 0 0.00184114 -0.0572705 0 -0.000619345 -0.0425256 0 0.000318309 -0.0425068 -0.0236075 0.000619345 -0.0425256 0 -0.00747298 -0.050636 -0.0236075 -0.00747298 -0.049364 -0.0236075 -0.0075 -0.05 0 0.00158009 -0.0426683 -0.0236075 0.00184114 -0.0427295 0 0.00301272 -0.0431317 0 0.00279642 -0.0430408 -0.0236075 0.0039323 -0.0436135 -0.0236075 0.00410211 -0.0437213 0 0.00495506 -0.04437 -0.0236075 0.00507961 -0.0444821 0 0.00591855 -0.0453934 0 0.00583527 -0.0452884 -0.0236075 0.00654761 -0.0463423 -0.0236075 0.00659605 -0.0464304 0 0.00707158 -0.0475015 -0.0236075 0.00709363 -0.0475648 0 0.00739771 -0.0487655 0 0.00739212 -0.0487325 -0.0236075 0.0075 -0.05 -0.0236075 0.0075 -0.05 0 -0.000952634 -0.0425607 -0.0236075 -0.00184114 -0.0427295 0 -0.00219617 -0.0428287 -0.0236075 -0.00301272 -0.0431317 0 -0.00337653 -0.0433031 -0.0236075 -0.00445975 -0.04397 -0.0236075 -0.00410211 -0.0437213 0 -0.00507961 -0.0444821 0 -0.00541467 -0.0448105 -0.0236075 -0.00591855 -0.0453934 0 -0.00621382 -0.0458002 -0.0236075 -0.00683421 -0.0469107 -0.0236075 -0.00659605 -0.0464304 0 -0.00709363 -0.0475648 0 -0.007258 -0.0481102 -0.0236075 -0.00739771 -0.0487655 0 -0.00621382 -0.0541998 -0.0236075 -0.00683421 -0.0530893 -0.0236075 -0.00659605 -0.0535696 0 -0.007258 -0.0518898 -0.0236075 -0.00739771 -0.0512345 0 -0.00709363 -0.0524352 0 -0.00410211 -0.0562787 0 -0.00337653 -0.0566969 -0.0236075 -0.00445975 -0.05603 -0.0236075 -0.00591855 -0.0546066 0 -0.00507961 -0.0555179 0 -0.00541467 -0.0551895 -0.0236075 -0.000952634 -0.0574393 -0.0236075 -0.000619345 -0.0574744 0 0.000318309 -0.0574932 -0.0236075 -0.00219617 -0.0571712 -0.0236075 -0.00301272 -0.0568683 0 -0.00184114 -0.0572705 0 0.0039323 -0.0563865 -0.0236075 0.00279642 -0.0569592 -0.0236075 0.00301272 -0.0568683 0 0.00184114 -0.0572705 0 0.00158009 -0.0573317 -0.0236075 0.000619345 -0.0574744 0 0.00591855 -0.0546066 0 0.00583527 -0.0547117 -0.0236075 0.00507961 -0.0555179 0 0.00410211 -0.0562787 0 0.00495506 -0.05563 -0.0236075 0.00654761 -0.0536577 -0.0236075 0.00659605 -0.0535696 0 0.00709363 -0.0524352 0 0.00707158 -0.0524985 -0.0236075 0.00739771 -0.0512345 0 0.00739212 -0.0512675 -0.0236075 0.00573436 -0.0259026 0 0.00345554 -0.0254722 -2.34696e-11 0.00392484 -0.0243623 0 0.00115247 -0.025257 -2.10334e-11 -0.00115993 -0.025257 -5.28785e-12 0.00201338 -0.022961 0 -0.00201338 -0.022961 0 -0.00392484 -0.0243623 0 -0.00345554 -0.0254722 1.72326e-12 -0.00573436 -0.0259026 0 3.22866e-10 -0.0216987 0 0.00549051 -0.0727171 -0.00820693 0.0025193 -0.0719587 -0.0111818 0.00311637 -0.0717305 -0.0114734 0.00809756 -0.0693846 -0.0131236 0.0097632 -0.0696602 -0.0114767 0.00852484 -0.070022 -0.0118326 0.0046552 -0.0703637 -0.0133122 0.0104457 -0.0687214 -0.0124082 0.004423 -0.0707548 -0.0127766 0.00909328 -0.0705227 -0.0104734 -0.00573436 -0.0259026 0 -0.00345554 -0.0254722 1.72326e-12 -0.00581732 -0.0259783 -0.00163805 0.00652765 -0.0721603 -0.00893737 -0.0025695 -0.0714376 -0.0121406 -0.00476019 -0.0726997 -0.00869658 -0.0057211 -0.0721395 -0.00952245 -0.00191533 -0.0744946 -0.00314843 -0.00385642 -0.0741934 -0.00365718 -0.00240631 -0.0734882 -0.00748861 0.000480531 -0.0722618 -0.0108512 0.00118214 -0.0722282 -0.0108662 0.00167653 -0.0736986 -0.00700955 9.73472e-05 -0.0745983 -0.00291228 -0.00108106 -0.0736939 -0.00714127 -0.00364456 -0.0731536 -0.00801206 -0.00208218 -0.0717217 -0.0117217 -0.0015164 -0.0719519 -0.0113746 0.00212371 -0.0745014 -0.0029555 0.00410546 -0.0742069 -0.00327687 0.00345554 -0.0745278 0 0.00573436 -0.0740974 -2.84217e-17 -0.000888435 -0.0721216 -0.0111091 -0.0060536 -0.0737998 -0.00323754 -0.00567008 -0.0737033 -0.00442388 -0.00573436 -0.0740974 2e-07 -0.00581723 -0.0740217 -0.00163715 -0.00891127 -0.0707425 -0.0101924 -0.00707345 -0.0707674 -0.0114999 -0.00649965 -0.0714892 -0.0104659 -0.00819634 -0.071583 -0.0089746 -0.00343784 -0.0695349 -0.0148369 -0.00743333 -0.0683878 -0.0148392 -0.00326268 -0.069135 -0.0153874 -0.0104071 -0.068776 -0.0123576 -0.0075471 -0.0691941 -0.0137184 -0.00742598 -0.069995 -0.0125945 0.0111894 -0.0676105 -0.0133503 0.00875156 -0.0684152 -0.0140661 0.00158009 -0.0573317 -0.0236075 0.00206049 -0.0606849 -0.022252 0.000318309 -0.0574932 -0.0236075 0.00298794 -0.0644043 -0.0199288 0.00249959 -0.0676522 -0.0171964 0.00184721 -0.0675147 -0.0174181 0.00441391 -0.0687682 -0.0155512 0.00406975 -0.068419 -0.0160544 0.00737042 -0.0661874 -0.0172398 -0.00927319 -0.0545145 -0.022521 -0.00683421 -0.0530893 -0.0236075 -0.00621382 -0.0541998 -0.0236075 -0.0132318 -0.0360902 -0.0156525 -0.0129781 -0.0392205 -0.0181366 -0.013844 -0.0374738 -0.0162787 -0.007258 -0.0481102 -0.0236075 -0.00832755 -0.0455856 -0.022907 -0.00683421 -0.0469107 -0.0236075 0.0127581 -0.0506465 -0.0212221 0.0137947 -0.0467253 -0.0203113 0.0162854 -0.0483189 -0.0185688 -0.00445975 -0.04397 -0.0236075 -0.00541467 -0.0448105 -0.0236075 -0.00499907 -0.0409053 -0.0224914 -0.00337653 -0.0433031 -0.0236075 0.0144428 -0.0428963 -0.0188284 0.0148945 -0.0403901 -0.0173023 0.0153245 -0.0419181 -0.0177031 -0.00753382 -0.0276833 -0.00766627 -0.00693944 -0.0270638 -0.00627221 -0.00469516 -0.0269824 -0.00785574 0.0111081 -0.0380695 -0.0186505 0.0143974 -0.0389031 -0.0168265 0.0109522 -0.0417271 -0.0206197 0.0109511 -0.034748 -0.0161559 0.0118692 -0.033503 -0.0141612 0.0125674 -0.0347589 -0.0149441 0.00964579 -0.0301842 -0.0113074 0.0103956 -0.0312078 -0.0123426 0.00673369 -0.0310652 -0.014481 0.00721365 -0.0372488 -0.0199734 0.00707328 -0.0339307 -0.0174732 0.00620447 -0.028733 -0.0110809 0.0089027 -0.0292471 -0.0101786 0.0024973 -0.0283534 -0.0117793 0.00214149 -0.0266557 -0.00800158 0.00818935 -0.028409 -0.00896189 0.00752645 -0.0276776 -0.00765645 -0.00128983 -0.0283469 -0.0119602 -0.00128997 -0.0266499 -0.00816549 0.00550051 -0.0269997 -0.00736873 0.00573436 -0.0259026 0 0.00581696 -0.025978 -0.00163443 0.00345554 -0.0254722 -2.34696e-11 0.006934 -0.0270597 -0.00626301 0.00464164 -0.0259142 -0.00344905 0.0064327 -0.0265628 -0.00478354 0.00605255 -0.0261992 -0.00323223 0.00115247 -0.025257 -2.10334e-11 0.00172538 -0.0256156 -0.00399849 -0.00125378 -0.0256105 -0.00414079 -0.00421013 -0.0258992 -0.00387187 -0.00115993 -0.025257 -5.28785e-12 0.0132284 -0.0360835 -0.0156494 0.0156829 -0.0434819 -0.0180312 0.00279642 -0.0430408 -0.0236075 0.00158009 -0.0426683 -0.0236075 0.00314801 -0.040516 -0.0226652 0.0159661 -0.0450741 -0.018286 0.00715087 -0.0409259 -0.021911 0.00495506 -0.04437 -0.0236075 0.0039323 -0.0436135 -0.0236075 0.00311278 -0.0368288 -0.020746 0.00298988 -0.0335125 -0.0182425 0.0161551 -0.0466921 -0.0184534 -0.000941186 -0.040509 -0.0228605 -0.00107655 -0.0368217 -0.0209461 0.0137155 -0.0556988 -0.0198236 0.015431 -0.0519518 -0.019278 -0.0052338 -0.0372276 -0.0205679 -0.00930963 -0.0347136 -0.0171237 -0.00532112 -0.0339097 -0.0180652 0.0163378 -0.0499552 -0.0186147 -0.00621382 -0.0458002 -0.0236075 -0.00890891 -0.0416933 -0.0215684 0.016301 -0.0515907 -0.0185824 0.0161637 -0.0532185 -0.0184611 0.0153466 -0.0579957 -0.0177231 0.0116138 -0.0592852 -0.0198109 0.0159664 -0.0548332 -0.0182853 0.00804904 -0.0668759 -0.0162475 0.0104635 -0.0634999 -0.0179397 0.0114575 -0.0645084 -0.0164863 -0.0117847 -0.0466819 -0.0215331 -0.00747298 -0.049364 -0.0236075 -0.0106793 -0.0506067 -0.0223417 -0.00747298 -0.050636 -0.0236075 -0.007258 -0.0518898 -0.0236075 0.00765877 -0.0618648 -0.0203503 0.00964633 -0.0583244 -0.0212419 0.00918502 -0.0626101 -0.0192402 0.00362708 -0.068111 -0.0165047 0.00309862 -0.0678529 -0.016889 0.00545552 -0.0650711 -0.0188856 0.00649755 -0.0655799 -0.0181277 -0.00527415 -0.0575557 -0.0229926 -0.00541467 -0.0551895 -0.0236075 -0.00445975 -0.05603 -0.0236075 -0.00760587 -0.0582951 -0.022066 0.00567277 -0.0698422 -0.013699 0.00318087 -0.0700929 -0.0141323 0.00477018 -0.0695489 -0.0144449 0.000654462 -0.0701319 -0.0144168 0.00851388 -0.0676257 -0.0151794 -0.00337653 -0.0566969 -0.0236075 0.00024959 -0.0642632 -0.0202501 -0.00197763 -0.0608779 -0.0221659 3.36688e-05 -0.0606815 -0.0223488 -0.0011236 -0.0643973 -0.0201252 -0.00391556 -0.0612685 -0.0217084 0.00427433 -0.0646754 -0.0194918 0.00404452 -0.0608881 -0.0218782 0.00592868 -0.0612852 -0.0212382 -0.00153519 -0.067845 -0.0171104 -0.00209875 -0.0681012 -0.0167782 -0.00479286 -0.0655608 -0.018667 0.00163337 -0.0642655 -0.020184 -0.00970405 -0.059249 -0.0208291 -0.00572435 -0.0618421 -0.0209896 -0.00735198 -0.0625821 -0.0200301 -0.0153288 -0.0419339 -0.0177066 -0.0125582 -0.0428505 -0.0201182 -0.015687 -0.0435008 -0.0180345 0.0132619 -0.0604322 -0.0181344 -0.0159554 -0.0450996 -0.0182755 -0.0148957 -0.0480963 -0.0196993 0.0111408 -0.0323167 -0.0132942 0.0138398 -0.0374656 -0.016276 -0.00118159 -0.0335055 -0.0184418 -0.00923938 -0.038035 -0.0196224 -0.014403 -0.0389159 -0.0168302 -0.0148995 -0.040404 -0.0173056 -0.0162979 -0.0483461 -0.0185797 -0.0163397 -0.0499842 -0.0186164 -0.00244669 -0.064664 -0.0198128 0.0126092 -0.0651641 -0.0149874 -0.000908911 -0.0676464 -0.0173593 -0.00368162 -0.0650555 -0.0193221 -0.000952634 -0.0574393 -0.0236075 -0.000237918 -0.0675112 -0.0175177 0.00279642 -0.0569592 -0.0236075 0.000458482 -0.0674432 -0.017581 0.00116026 -0.0674444 -0.0175475 0.0144286 -0.0610128 -0.0168551 0.0157009 -0.0564302 -0.0180471 0.00464964 -0.0691485 -0.0150094 0.0119138 -0.0664236 -0.0142089 0.0138734 -0.0624551 -0.0163083 0.013265 -0.0638392 -0.0156869 0.0149212 -0.0595251 -0.0173261 -0.00258337 -0.0684077 -0.0163722 -0.00574844 -0.0661651 -0.0178665 0.00741607 -0.0575772 -0.0223865 0.00739212 -0.0512675 -0.0236075 0.0075 -0.05 -0.0236075 0.00972825 -0.0496315 -0.022777 0.0113622 -0.0545495 -0.0215353 -0.00875162 -0.0634672 -0.0188576 0.00869459 -0.0536559 -0.0229042 0.00654761 -0.0536577 -0.0236075 0.00707158 -0.0524985 -0.0236075 0.0104879 -0.0456176 -0.0220083 0.00707158 -0.0475015 -0.0236075 0.00654761 -0.0463423 -0.0236075 0.0068867 -0.0448586 -0.0232316 -0.0029751 -0.0687557 -0.0159041 -0.00652088 -0.0668512 -0.0169435 0.00498719 -0.0570654 -0.0232115 0.00583527 -0.0547117 -0.0236075 0.00739212 -0.0487325 -0.0236075 0.00583527 -0.0452884 -0.0236075 0.00278277 -0.0306606 -0.0152253 -0.009883 -0.0644721 -0.0175057 0.0039323 -0.0563865 -0.0236075 0.00495506 -0.05563 -0.0236075 -0.000952634 -0.0425607 -0.0236075 -0.00219617 -0.0428287 -0.0236075 -0.00605916 -0.0262027 -0.00324545 -0.006441 -0.0265676 -0.00479557 -0.00708794 -0.0675992 -0.0159246 0.000318309 -0.0425068 -0.0236075 -0.00125336 -0.0306538 -0.0154181 -0.00525859 -0.0310449 -0.0150538 -0.00504796 -0.0287139 -0.0116184 -0.0107136 -0.0655678 -0.0160134 -0.0132423 -0.063887 -0.015664 -0.0091177 -0.0318227 -0.0141428 -0.0118823 -0.0664744 -0.0141764 -0.00219617 -0.0571712 -0.0236075 -0.0118744 -0.0335087 -0.0141634 -0.0111475 -0.032324 -0.0132987 -0.00965202 -0.0301903 -0.0113125 -0.0104018 -0.0312158 -0.01235 -0.00820064 -0.0284178 -0.00897297 -0.0117828 -0.0556555 -0.0210415 -0.0125726 -0.0347664 -0.0149475 -0.0089128 -0.0292554 -0.0101874 -0.00349554 -0.0699438 -0.0142685 -0.0139409 -0.0570203 -0.0192336 -0.0115083 -0.0603901 -0.0193176 -0.0135298 -0.0519027 -0.0206614 -0.0161604 -0.0532534 -0.0184581 -0.0161572 -0.046716 -0.0184554 -0.0111533 -0.0676639 -0.0133095 -0.0153357 -0.0580377 -0.0177135 -0.0156927 -0.0564702 -0.01804 -0.0159739 -0.0548747 -0.018293 -0.0162873 -0.0516234 -0.0185704 -0.00343411 -0.07035 -0.0136986 -0.0129668 -0.0616855 -0.0175749 -0.0149069 -0.0595694 -0.017314 -0.00325533 -0.0707417 -0.0131434 -0.0138536 -0.0625012 -0.0162898 -0.0144107 -0.06106 -0.0168394 -0.00965579 -0.0698026 -0.011322 -0.0125811 -0.065215 -0.0149591 -0.00296434 -0.0711078 -0.0126191 -0.00753184 -0.0723167 -0.00766781 -0.000216345 -0.0722259 -0.010933 0.000293066 -0.0737647 -0.00698004 0.00186831 -0.0721263 -0.0109775 0.00302955 -0.0734974 -0.00722896 -0.00643491 -0.073435 -0.00479117 -0.00693766 -0.0729366 -0.00627266 0.00431318 -0.0731671 -0.00763195 -0.00345554 -0.0745278 0 -0.00115993 -0.074743 0 0.00673905 -0.073138 -0.00572566 0.00631844 -0.0735499 -0.0043638 0.00115247 -0.074743 0 0.00364235 -0.0714481 -0.0118439 0.00600271 -0.0738504 -0.00294665 0.00580296 -0.074035 -0.00148542 0.00408211 -0.0711197 -0.0122825 0.00724577 -0.0726223 -0.00702115 0.00843789 -0.0713082 -0.00939784 0.00781732 -0.0720103 -0.00824601 0.00201338 -0.077039 0 0.00115247 -0.074743 0 0.00392484 -0.0756377 0 -0.00392484 -0.0756377 0 -0.00573436 -0.0740974 2e-07 -0.00345554 -0.0745278 0 -0.00115993 -0.074743 0 -0.00201338 -0.077039 0 0.00345554 -0.0745278 0 0.00573436 -0.0740974 -2.84217e-17 -3.22866e-10 -0.0783013 0 -0.00201338 -0.022961 0 -0.00207589 -0.023001 -0.0170327 2e-07 -0.0216986 -0.0162193 -0.00753382 -0.0276833 -0.00766627 -0.00769002 -0.0278542 -0.0191632 -0.00693944 -0.0270638 -0.00627221 -0.005921 -0.0260788 -0.0185047 -0.00404962 -0.0244611 -0.0177945 -0.00573436 -0.0259026 0 -0.0111475 -0.032324 -0.0132987 -0.0108083 -0.031811 -0.0203024 -0.0104018 -0.0312158 -0.01235 -0.0089128 -0.0292554 -0.0101874 -0.00965202 -0.0301903 -0.0113125 -0.0093182 -0.0297644 -0.0197623 -0.013844 -0.0374738 -0.0162787 -0.0142882 -0.0386075 -0.0215407 -0.0133022 -0.0362451 -0.0211932 -0.0121373 -0.0339722 -0.0207796 -0.0125726 -0.0347664 -0.0149475 -0.0153288 -0.0419339 -0.0177066 -0.015687 -0.0435008 -0.0180345 -0.0156968 -0.0435546 -0.0220324 -0.0148995 -0.040404 -0.0173056 -0.0150887 -0.0410505 -0.0218209 -0.0162979 -0.0483461 -0.0185797 -0.0163397 -0.0499842 -0.0186164 -0.0163125 -0.0486818 -0.0222456 -0.016105 -0.0461033 -0.0221741 -0.0159554 -0.0450996 -0.0182755 -0.0161572 -0.046716 -0.0184554 -0.0153357 -0.0580377 -0.0177135 -0.0149069 -0.0595694 -0.017314 -0.0151031 -0.058905 -0.0218251 -0.0159739 -0.0548747 -0.018293 -0.0161123 -0.0538463 -0.0221761 -0.0161604 -0.0532534 -0.0184581 -0.0108289 -0.0681613 -0.0203089 -0.0121623 -0.0659875 -0.0207867 -0.0118823 -0.0664744 -0.0141764 -0.00934687 -0.0702041 -0.0197704 -0.0104071 -0.068776 -0.0123576 -0.00753184 -0.0723167 -0.00766781 -0.00693766 -0.0729366 -0.00627266 -0.0077101 -0.0721263 -0.0191699 -0.00819634 -0.071583 -0.0089746 -0.00891127 -0.0707425 -0.0101924 -0.00581723 -0.0740217 -0.00163715 -0.00573436 -0.0740974 2e-07 -0.00595319 -0.0738969 -0.0185139 -0.00643491 -0.073435 -0.00479117 -0.00392484 -0.0756377 0 -0.00406506 -0.0755266 -0.0178004 -0.00201338 -0.077039 0 -0.00208546 -0.0769918 -0.0170364 1.42109e-17 -0.0783013 -0.0162194 -3.22866e-10 -0.0783013 0 -0.0144107 -0.06106 -0.0168394 -0.014307 -0.0613451 -0.0215462 -0.0133212 -0.0637182 -0.021199 -0.0125811 -0.065215 -0.0149591 -0.0157074 -0.0563935 -0.0220356 -0.0060536 -0.0737998 -0.00323754 -0.0111533 -0.0676639 -0.0133095 -0.00965579 -0.0698026 -0.011322 -0.0132423 -0.063887 -0.015664 -0.0138536 -0.0625012 -0.0162898 -0.00820064 -0.0284178 -0.00897297 -0.0156927 -0.0564702 -0.01804 -0.016314 -0.0512655 -0.0222461 -0.0162873 -0.0516234 -0.0185704 -0.014403 -0.0389159 -0.0168302 -0.0132318 -0.0360902 -0.0156525 -0.0118744 -0.0335087 -0.0141634 -0.006441 -0.0265676 -0.00479557 -0.00605916 -0.0262027 -0.00324545 -0.00581732 -0.0259783 -0.00163805 -0.00392484 -0.0243623 0 3.22866e-10 -0.0216987 0 0.00201338 -0.077039 0 0.00207589 -0.076999 -0.0170327 1.42109e-17 -0.0783013 -0.0162194 0.00781732 -0.0720103 -0.00824601 0.00769002 -0.0721458 -0.0191632 0.00724577 -0.0726223 -0.00702115 0.005921 -0.0739212 -0.0185047 0.00404962 -0.0755389 -0.0177945 0.00573436 -0.0740974 -2.84217e-17 0.0111894 -0.0676105 -0.0133503 0.0108083 -0.068189 -0.0203024 0.0104457 -0.0687214 -0.0124082 0.00909328 -0.0705227 -0.0104734 0.0097632 -0.0696602 -0.0114767 0.0093182 -0.0702356 -0.0197623 0.0138734 -0.0624551 -0.0163083 0.0142882 -0.0613925 -0.0215407 0.0133022 -0.0637549 -0.0211932 0.0119138 -0.0664236 -0.0142089 0.0126092 -0.0651641 -0.0149874 0.0121373 -0.0660278 -0.0207796 0.0153466 -0.0579957 -0.0177231 0.0157009 -0.0564302 -0.0180471 0.0156968 -0.0564454 -0.0220324 0.0149212 -0.0595251 -0.0173261 0.0150887 -0.0589495 -0.0218209 0.016301 -0.0515907 -0.0185824 0.0163378 -0.0499552 -0.0186147 0.0163125 -0.0513182 -0.0222456 0.016105 -0.0538967 -0.0221741 0.0159664 -0.0548332 -0.0182853 0.0161637 -0.0532185 -0.0184611 0.0153245 -0.0419181 -0.0177031 0.0148945 -0.0403901 -0.0173023 0.0151031 -0.041095 -0.0218251 0.0159661 -0.0450741 -0.018286 0.0161123 -0.0461537 -0.0221761 0.0161551 -0.0466921 -0.0184534 0.0108289 -0.0318387 -0.0203089 0.0121623 -0.0340125 -0.0207867 0.0118692 -0.033503 -0.0141612 0.0133212 -0.0362818 -0.021199 0.0138398 -0.0374656 -0.016276 0.0132284 -0.0360835 -0.0156494 0.00934687 -0.0297959 -0.0197704 0.0103956 -0.0312078 -0.0123426 0.00752645 -0.0276776 -0.00765645 0.006934 -0.0270597 -0.00626301 0.0077101 -0.0278737 -0.0191699 0.00818935 -0.028409 -0.00896189 0.0089027 -0.0292471 -0.0101786 0.00581696 -0.025978 -0.00163443 0.00573436 -0.0259026 0 0.00595319 -0.0261031 -0.0185139 0.0064327 -0.0265628 -0.00478354 0.00392484 -0.0243623 0 0.00406506 -0.0244734 -0.0178004 0.00201338 -0.022961 0 0.00208546 -0.0230082 -0.0170364 2e-07 -0.0216986 -0.0162193 3.22866e-10 -0.0216987 0 0.0143974 -0.0389031 -0.0168265 0.014307 -0.0386548 -0.0215462 0.0157074 -0.0436065 -0.0220356 0.00605255 -0.0261992 -0.00323223 0.0111408 -0.0323167 -0.0132942 0.00964579 -0.0301842 -0.0113074 0.0125674 -0.0347589 -0.0149441 0.00843789 -0.0713082 -0.00939784 0.0156829 -0.0434819 -0.0180312 0.016314 -0.0487345 -0.0222461 0.0162854 -0.0483189 -0.0185688 0.0144286 -0.0610128 -0.0168551 0.013265 -0.0638392 -0.0156869 0.00673905 -0.073138 -0.00572566 0.00631844 -0.0735499 -0.0043638 0.00600271 -0.0738504 -0.00294665 0.00580296 -0.074035 -0.00148542 0.00392484 -0.0756377 0 -3.22866e-10 -0.0783013 0 0.0128103 -0.0913621 0 0.0123947 -0.0887306 -0.00409147 0.0169008 -0.0887306 -0.00172649 0.0259467 -0.0619661 -0.0160315 0.0321926 -0.0619661 -0.011338 0.0305029 -0.0695986 -0.00943064 0.00985393 -0.0921644 0 0.0101133 -0.0767236 -0.0160313 0.0093182 -0.0702356 -0.0197623 0.0110082 -0.0695986 -0.0196622 0.0225861 -0.0767236 -0.0107171 0.0200025 -0.0831565 -0.00663144 0.0165642 -0.0767236 -0.0138777 0.0146694 -0.0831565 -0.00943045 0.00756757 -0.0887306 -0.00570299 0.0185035 -0.0891475 0 0.0156863 -0.0903601 0 0.0245848 -0.0695986 -0.0138778 0.0280231 -0.0767236 -0.00663154 0.00382807 -0.0931306 0 0.00685909 -0.0927542 0 0.00254446 -0.0887306 -0.00651932 0.00301143 -0.0831565 -0.0123039 0.0327342 -0.0767236 -0.0017267 0.0248175 -0.0831565 -0.0030132 0.0238254 -0.0861561 0 0.0212146 -0.0877481 0 0.0308964 -0.0803369 0 0.0286705 -0.0824498 0 0.0089564 -0.0831565 -0.0113377 0.00404962 -0.0755389 -0.0177945 0.0150887 -0.0589495 -0.0218209 0.0156968 -0.0564454 -0.0220324 0.0190288 -0.0619661 -0.0196623 0.0263187 -0.0843842 0 0.000769243 -0.0932943 0 -0.00254455 -0.0887306 -0.00651931 -0.00895651 -0.0831565 -0.0113377 -0.00301154 -0.0831565 -0.0123039 1.42109e-17 -0.0783013 -0.0162194 -0.0180301 -0.0695986 -0.0173179 -0.0133212 -0.0637182 -0.021199 -0.0121623 -0.0659875 -0.0207867 -0.0101134 -0.0767236 -0.0160313 -0.0110083 -0.0695986 -0.0196622 -0.00934687 -0.0702041 -0.0197704 -0.0245849 -0.0695986 -0.0138777 -0.0321927 -0.0619661 -0.0113379 -0.0259468 -0.0619661 -0.0160314 -0.0225862 -0.0767236 -0.0107171 -0.030503 -0.0695986 -0.00943055 -0.0165643 -0.0767236 -0.0138776 -0.0190289 -0.0619661 -0.0196622 -0.0151031 -0.058905 -0.0218251 -0.0157074 -0.0563935 -0.0220356 -0.0195349 -0.0540235 -0.0208498 -0.014307 -0.0613451 -0.0215462 -0.0266367 -0.0540235 -0.0171224 -0.0330487 -0.0459768 -0.0123041 -0.0266367 -0.0459768 -0.0171224 -0.0161123 -0.0538463 -0.0221761 -0.0321928 -0.0380343 -0.011338 -0.0376049 -0.0380343 -0.00570329 -0.0169009 -0.0887306 -0.00172644 -0.0170861 -0.0897866 0 -0.0198606 -0.088478 0 -0.016105 -0.0461033 -0.0221741 -0.0195349 -0.0459768 -0.0208498 -0.0156968 -0.0435546 -0.0220324 -0.0356311 -0.0304017 -0.00409174 -0.0400809 -0.0336161 0 -0.0388245 -0.030826 0 -0.0339295 -0.0230979 0 -0.0327345 -0.0232767 -0.00172672 -0.0357368 -0.0255484 0 -0.0298038 -0.0185881 0 -0.0280233 -0.0232767 -0.0066316 -0.0150887 -0.0410505 -0.0218209 -0.0190289 -0.0380343 -0.0196623 0.012785 -0.00863012 0 0.01568 -0.00963796 0 0.0169009 -0.0112696 -0.00172672 -0.0121373 -0.0339722 -0.0207796 -0.0133022 -0.0362451 -0.0211932 -0.0180301 -0.0304017 -0.0173181 0.0329548 -0.0780887 0 -0.0165644 -0.0232767 -0.0138778 -0.0110084 -0.0304017 -0.0196623 -0.0093182 -0.0297644 -0.0197623 -0.0108083 -0.031811 -0.0203024 -0.0200027 -0.0168438 -0.00663158 -0.0146696 -0.0168438 -0.00943063 -0.00769002 -0.0278542 -0.0191632 -0.0101134 -0.0232767 -0.0160315 -0.0225863 -0.0232767 -0.0107172 -0.005921 -0.0260788 -0.0185047 -0.00756773 -0.0112696 -0.00570323 -0.0123949 -0.0112696 -0.00409168 -0.00836698 -0.00751584 0 -0.0142599 -0.00911525 0 -0.016901 -0.0112696 -0.00172667 -0.00404962 -0.0244611 -0.0177945 -0.00301156 -0.0168438 -0.0123041 -0.00207589 -0.023001 -0.0170327 0.00254448 -0.0112696 -0.00651959 0.00380744 -0.00686675 0 0.00756764 -0.0112696 -0.00570326 0.0146695 -0.0168438 -0.00943067 0.0123948 -0.0112696 -0.00409172 -0.0248177 -0.0168438 -0.0030133 -0.0198654 -0.011525 0 0.0200026 -0.0168438 -0.00663164 0.0225862 -0.0232767 -0.0107173 0.0211976 -0.0122433 0 0.0248177 -0.0168438 -0.00301337 -0.027516 -0.0165669 0 -0.0250826 -0.0147033 0 0.0327344 -0.0232767 -0.00172682 0.0329451 -0.0219012 0 0.0348456 -0.0242948 0 0.0286697 -0.0175493 0 0.0262982 -0.0156007 0 0.0321927 -0.0380343 -0.011338 0.0386047 -0.0459768 -0.00651974 0.0330486 -0.0459768 -0.0123042 0.0386046 -0.0540235 -0.00651973 0.0330486 -0.0540235 -0.0123042 0.0190288 -0.0380343 -0.0196624 0.0133212 -0.0362818 -0.021199 0.01803 -0.0304017 -0.0173181 0.0406293 -0.0350262 0 0.0415828 -0.037924 0 0.0376048 -0.0380343 -0.0057034 0.0423302 -0.0408865 0 0.0428694 -0.0439007 0 0.0431914 -0.0469321 0 0.035631 -0.0304017 -0.00409185 0.0394681 -0.0321901 0 0.038119 -0.0294589 0 0.0431914 -0.0530679 0 0.0433013 -0.05 1.77636e-17 0.036569 -0.0268135 0 0.0428694 -0.0560993 0 0.0423352 -0.0590944 0 0.0376048 -0.0619661 -0.00570335 0.0415888 -0.0620531 0 0.0406324 -0.0649668 0 0.039479 -0.0677859 0 0.0356309 -0.0695986 -0.00409176 0.0381226 -0.0705332 0 0.036582 -0.0731673 0 0.0280232 -0.0232767 -0.00663169 0.034857 -0.0756884 0 -0.0142882 -0.0386075 -0.0215407 -0.00533456 -0.0929712 0 -0.00227809 -0.0932403 0 -0.024585 -0.0304017 -0.0138778 0.0305029 -0.0304017 -0.00943074 0.0245849 -0.0304017 -0.0138779 0.0308785 -0.0196445 0 0.0077101 -0.0278737 -0.0191699 0.00595319 -0.0261031 -0.0185139 0.0101133 -0.0232767 -0.0160315 0.0165643 -0.0232767 -0.0138779 0.00895646 -0.0168438 -0.011338 0.00984475 -0.00783275 0 0.00301145 -0.0168438 -0.0123041 -0.00254457 -0.0112696 -0.00651958 0.000756078 -0.00670622 0 2e-07 -0.0216986 -0.0162193 -0.0259469 -0.0380343 -0.0160315 -0.030503 -0.0304017 -0.00943065 -0.0163125 -0.0486818 -0.0222456 -0.016314 -0.0512655 -0.0222461 -0.0386048 -0.0459768 -0.00651963 -0.0330487 -0.0540235 -0.0123041 -0.0426256 -0.0576153 0 -0.0386047 -0.0540235 -0.00651961 -0.0376048 -0.0619661 -0.00570324 -0.040075 -0.0664006 0 -0.035631 -0.0695986 -0.00409166 -0.0077101 -0.0721263 -0.0191699 -0.0327343 -0.0767236 -0.0017266 -0.0319362 -0.0792417 0 -0.0339131 -0.0769224 0 -0.00595319 -0.0738969 -0.0185139 -0.00406506 -0.0755266 -0.0178004 -0.0297878 -0.081426 0 -0.0123948 -0.0887306 -0.00409143 -0.00756766 -0.0887306 -0.00570297 -0.00834233 -0.0924895 0 -0.0248176 -0.0831565 -0.00301312 -0.0225156 -0.0869862 0 -0.0142428 -0.0908916 0 0.016314 -0.0487345 -0.0222461 0.0195347 -0.0540235 -0.0208498 0.0163125 -0.0513182 -0.0222456 0.0195347 -0.0459768 -0.0208498 0.0161123 -0.0461537 -0.0221761 0.0266366 -0.0459768 -0.0171225 0.0133022 -0.0637549 -0.0211932 0.0142882 -0.0613925 -0.0215407 0.01803 -0.0695986 -0.017318 0.0266366 -0.0540235 -0.0171225 0.0151031 -0.041095 -0.0218251 0.014307 -0.0386548 -0.0215462 0.0259467 -0.0380343 -0.0160316 0.0121623 -0.0340125 -0.0207867 0.0108289 -0.0318387 -0.0203089 0.0110082 -0.0304017 -0.0196623 0.0238129 -0.0138346 0 0.0121373 -0.0660278 -0.0207796 0.0157074 -0.0436065 -0.0220356 0.00934687 -0.0297959 -0.0197704 0.0184821 -0.0108417 0 0.00769002 -0.0721458 -0.0191632 0.016105 -0.0538967 -0.0221741 0.00208546 -0.0230082 -0.0170364 0.00406506 -0.0244734 -0.0178004 0.005921 -0.0739212 -0.0185047 0.0108083 -0.068189 -0.0203024 0.00683649 -0.00724295 0 0.00207589 -0.076999 -0.0170327 -0.00208546 -0.0769918 -0.0170364 -0.00533688 -0.00702888 0 -0.00230407 -0.00676077 0 -0.00895656 -0.0168438 -0.0113379 -0.0113204 -0.0917943 0 -0.0200026 -0.0831565 -0.00663138 -0.0146695 -0.0831565 -0.00943041 -0.0280232 -0.0767236 -0.00663146 -0.0108289 -0.0681613 -0.0203089 -0.0250736 -0.0853022 0 -0.0319439 -0.0207679 0 -0.0113364 -0.00820918 0 -0.0274992 -0.0834479 0 -0.0357346 -0.0744543 0 -0.0426301 -0.0424106 0 -0.0419865 -0.0394121 0 -0.022538 -0.0130276 0 -0.0171087 -0.0102225 0 -0.0411293 -0.0635385 0 -0.0430572 -0.0545839 0 -0.0430591 -0.0454274 0 -0.0432736 -0.0484843 0 -0.0411375 -0.0364848 0 -0.0373657 -0.0718805 0 -0.0388162 -0.0691889 0 -0.0419857 -0.0605924 0 -0.0432736 -0.0515376 0 -0.0373778 -0.0281413 0 -0.0492475 -0.0536852 0.0328171 -0.0499954 -0.0493703 0.025 -0.0499295 -0.0526545 0.025 0.00917467 -0.099135 0.0262555 0.0130225 -0.0982741 0.025 0.016179 -0.0973089 0.025 0.00654832 -0.0995693 0.025 0.00981756 -0.0990255 0.025 0.00390249 -0.0998102 0.0269287 -0.0492667 -0.045335 0.0321434 -0.047903 -0.0371158 0.0312692 -0.0494778 -0.042794 0.025 0.0304694 -0.0875497 0.0377136 0.0224979 -0.0922756 0.0393742 0.0239664 -0.0925078 0.0358949 -0.0428782 -0.0242831 0.025 -0.0412174 -0.0219831 0.0290223 -0.0410826 -0.0215005 0.025 -0.0369832 -0.0163528 0.025 -0.0391221 -0.0188648 0.025 -0.0360832 -0.0154943 0.0277127 -0.0478457 -0.0619319 0.0332713 -0.049145 -0.0592062 0.025 -0.047097 -0.0332128 0.025 -0.0480983 -0.0363414 0.025 -0.0285696 -0.0589991 0.0650349 -0.0323179 -0.0675659 0.0588673 -0.026845 -0.0670661 0.0635758 -0.0395817 -0.076664 0.0399103 -0.0370825 -0.0761294 0.0460272 -0.0407261 -0.0686767 0.0471938 -0.0369832 -0.0681072 0.0533614 -0.0336539 -0.0756077 0.051677 -0.0404631 -0.0518062 0.0543168 -0.0354867 -0.0428797 0.0594963 -0.0405159 -0.0434632 0.053561 -0.0220805 -0.0585282 0.0690423 -0.0228418 -0.0501969 0.0694771 -0.0294922 -0.0506795 0.0653701 -0.0343484 -0.0595269 0.0600632 -0.00820239 -0.0411181 0.0735163 -0.0157747 -0.0414491 0.0716695 -0.0156271 -0.0497843 0.0724947 0.0197373 -0.025066 0.0635841 0.0131714 -0.0250225 0.066263 0.0142565 -0.0326047 0.069656 0.00545573 -0.0181836 0.0631831 0.0117165 -0.0181414 0.0617118 0.00993279 -0.0121547 0.05613 0.0231736 -0.0183011 0.0559542 0.0258042 -0.0251985 0.0599146 0.0221646 -0.0407231 0.0688483 0.0277104 -0.0327922 0.0628949 0.0212492 -0.0326511 0.0668029 0.0148902 -0.00230304 0.0268108 0.0198532 -0.00423959 0.0284406 0.015 -0.00230304 0.025 0.0145649 -0.00230304 0.0285857 0.0185075 -0.00402684 0.0316288 0.024989 -0.00791956 0.0352367 0.0307689 -0.0129936 0.0385572 0.0329389 -0.0133366 0.0334159 0.0267718 -0.00820144 0.0310126 0.0225661 -0.00767901 0.0391318 0.0241644 -0.0124655 0.047522 0.0278199 -0.0127008 0.0432981 0.0166788 -0.00384527 0.0345687 0.0198925 -0.0122935 0.0511249 0.0195628 -0.0074857 0.0426021 0.0280877 -0.0184989 0.0518097 0.0176714 -0.0181809 0.0592822 0.00626811 -0.0250689 0.0678853 0.00690454 -0.0326542 0.0713837 0.0151094 -0.0121891 0.0540179 -0.000431309 -0.0408751 0.0741584 -0.00802566 -0.0494521 0.0743486 -0.000625731 -0.0327982 0.0719437 -0.00814886 -0.0330334 0.071322 -0.0154796 -0.0333539 0.0695341 -0.0229619 -0.0418601 0.0686634 -0.029587 -0.0423409 0.0645721 -0.0150407 -0.0581257 0.0719867 -0.018737 -0.0742454 0.0645105 -0.0126296 -0.0738962 0.067065 -0.0140321 -0.0662389 0.0701597 -0.0392744 -0.0600984 0.0542496 -0.034598 -0.0833191 0.0388858 -0.0359257 -0.0837896 0.0332227 -0.0498446 -0.0460745 0.025 -0.0488959 -0.0395556 0.025 -0.0451945 -0.0292583 0.030219 -0.045887 -0.0301435 0.025 -0.0444775 -0.0271586 0.025 -0.0346831 -0.0139852 0.025 -0.0322387 -0.0117827 0.025 -0.0299361 -0.00997414 0.0263269 -0.0240931 -0.00618884 0.025 -0.0269302 -0.00787277 0.025 -0.0296386 -0.00973152 0.025 -0.028891 -0.00960386 0.0307846 -0.0221598 -0.0052981 0.0282684 -0.0211501 -0.00469377 0.025 -0.0181242 -0.00340163 0.025 -0.015 -0.00230304 0.025 0.00123985 -0.0998362 0.028849 -0.00331735 -0.0998897 0.025 -3.60762e-05 -0.0999998 0.025 -0.0415702 -0.0777194 0.0268856 -0.0451009 -0.0698436 0.0334934 -0.0456251 -0.0704124 0.0262979 -0.0496432 -0.0559538 0.025 -0.0484296 -0.0624287 0.025 -0.0475049 -0.0655957 0.025 -0.0463789 -0.0686816 0.025 -0.0450395 -0.0717103 0.025 -0.0435148 -0.074626 0.025 -0.0417943 -0.0774431 0.025 -0.0398938 -0.08014 0.025 -0.0301061 -0.0898156 0.0278873 -0.0297528 -0.0894322 0.0327375 -0.0378291 -0.0826949 0.025 -0.0363483 -0.0842482 0.0274204 -0.035581 -0.0851267 0.025 -0.0331943 -0.0873915 0.025 -0.00672979 -0.0991384 0.0313344 -0.0145105 -0.0970612 0.033642 -0.00702782 -0.099244 0.0300632 -0.0279827 -0.0914356 0.025 -0.0306542 -0.0894996 0.025 -0.0150982 -0.0972695 0.0311353 -0.0071227 -0.099347 0.0287608 -0.0230188 -0.0942654 0.0282731 -0.00623595 -0.0990328 0.0325431 -0.00555846 -0.0989297 0.0336595 -0.0122007 -0.0966497 0.0382268 -0.0252018 -0.0931841 0.025 -0.0242809 -0.0882618 0.0461299 -0.0211362 -0.0878969 0.0498412 -0.0256178 -0.0819529 0.0536835 -0.0222874 -0.0947568 0.025 -0.0105355 -0.0964565 0.0401921 -0.004714 -0.0988317 0.0346561 -0.0192957 -0.0961265 0.025 -0.00372337 -0.0987413 0.0355083 -0.00858207 -0.0962781 0.0418727 -0.00261096 -0.0986605 0.0361953 -0.00638847 -0.0961189 0.0432274 -0.0152853 -0.0974725 0.028567 -0.00701209 -0.0994447 0.0274592 -0.0150672 -0.0976653 0.0260004 -0.0130553 -0.0982649 0.025 -0.0162098 -0.0972984 0.025 -0.0108726 -0.0808828 0.0627895 -0.0133045 -0.0872593 0.0555734 -0.00881034 -0.0870024 0.0574531 -0.00400873 -0.0959828 0.0442227 -0.00140415 -0.0985915 0.0367001 -0.00985805 -0.0990186 0.025 -0.00659134 -0.0995626 0.025 -0.00013267 -0.0985359 0.0370102 -0.00150146 -0.0958732 0.0448342 0.000783885 -0.0866435 0.0590094 -0.00407536 -0.0867954 0.0586079 -0.0028281 -0.0919227 0.0521015 0.00325248 -0.099893 0.025 0.00117218 -0.0984952 0.037118 0.00107161 -0.0957928 0.0450468 0.00247826 -0.0984702 0.0370209 0.00364712 -0.0957435 0.0448553 -0.0135367 -0.0968529 0.0360254 -0.028643 -0.089039 0.0374714 -0.0268039 -0.0886456 0.0419725 -0.0323979 -0.0828486 0.0442703 -0.0227447 -0.093968 0.0320351 -0.04109 -0.0771984 0.033477 -0.0474918 -0.0447062 0.0397141 -0.0433375 -0.035898 0.0455669 -0.0461847 -0.036507 0.0385983 0.00564774 -0.0865504 0.0586478 0.00471358 -0.0917327 0.0521324 0.0103964 -0.0865185 0.0575318 -0.0434544 -0.0692603 0.0405163 -0.0218839 -0.093663 0.035707 -0.0461072 -0.0613159 0.0406867 -0.0474657 -0.0530539 0.0404168 -0.0435811 -0.0286867 0.0371008 -0.0445507 -0.0440771 0.0469124 -0.0397541 -0.0214646 0.0352636 -0.0348112 -0.0150436 0.0331383 -0.0327034 -0.0145927 0.0382971 0.00375343 -0.0984616 0.0367212 0.00616165 -0.0957266 0.0442644 -0.0293798 -0.0823894 0.0492437 -0.0204574 -0.0933578 0.0391983 -0.0432265 -0.0606997 0.0477374 -0.0445134 -0.0524224 0.0476427 -0.0373295 -0.020946 0.041198 -0.0340031 -0.0204399 0.0466792 -0.0298118 -0.0141528 0.043062 -0.0409076 -0.0281148 0.0436441 -0.0394314 -0.0353037 0.0520034 -0.0271593 -0.00923343 0.035023 -0.0208528 -0.00501851 0.0314675 -0.0148902 -0.00230304 0.0268108 0.00496627 -0.0984696 0.0362264 0.00855329 -0.0957424 0.0432886 -0.0212046 -0.0815498 0.0574804 -0.0243668 -0.074654 0.0610339 -0.0293802 -0.0751119 0.0567206 -0.0185005 -0.0930601 0.0424229 -0.0372399 -0.0275568 0.0496878 -0.0345626 -0.0347388 0.0577493 -0.0247835 -0.00887197 0.0389378 -0.0262075 -0.0137346 0.0473156 -0.0190596 -0.0047457 0.0344223 -0.0145628 -0.00230304 0.0285938 0.0119002 -0.0917311 0.0498374 0.0190864 -0.0866395 0.0531648 0.014913 -0.0865484 0.055689 -0.0174471 -0.08756 0.0530151 -0.0206993 -0.0666201 0.0673711 -0.0160613 -0.0927771 0.0453016 -0.0354146 -0.0512204 0.0602749 -0.0224375 -0.0337517 0.066624 -0.0326683 -0.0270264 0.0550831 -0.0288511 -0.0342172 0.0626632 -0.029857 -0.0199588 0.0515723 -0.0218223 -0.00852839 0.0424325 -0.0219793 -0.0133485 0.0509533 -0.0132814 -0.00230304 0.0319716 -0.0168245 -0.00448637 0.03706 -0.0140238 -0.00230304 0.0303219 0.00608693 -0.0984941 0.0355485 0.0107631 -0.0957907 0.041952 -0.0162488 -0.0811902 0.0605408 -0.0131998 -0.0925158 0.0477634 -0.00762364 -0.0578014 0.0737957 -0.000224779 -0.0492082 0.0749932 -0.0273054 -0.0265366 0.059697 -0.0249932 -0.0195146 0.0557569 -0.0183485 -0.00821115 0.0454212 -0.0172314 -0.0130039 0.0538854 -0.0142026 -0.00424692 0.0393158 -0.0123427 -0.00230304 0.0335237 0.00708781 -0.0985344 0.0347044 0.0127368 -0.0958701 0.0402874 -0.00619486 -0.0736149 0.0686344 -0.00998664 -0.0922826 0.0497477 -0.00650078 -0.0920833 0.0512057 -0.0212832 -0.0260995 0.0634161 -0.0195314 -0.0191183 0.0591298 -0.0144476 -0.00792804 0.0478302 -0.0120805 -0.0127093 0.0560398 -0.0112583 -0.00403324 0.0411341 -0.0112246 -0.00230304 0.0349498 -0.00994507 -0.00230304 0.0362289 0.0285761 -0.0872503 0.0421994 0.0338521 -0.0811794 0.0445418 0.026003 -0.0869949 0.0463359 0.000604812 -0.0804534 0.0646513 -0.00520821 -0.0806351 0.0641709 0.000201235 -0.0657064 0.0724686 -0.0070076 -0.0659318 0.0718729 -1.19395e-05 -0.0575635 0.0744246 -0.0147499 -0.025726 0.0661486 -0.0136062 -0.0187794 0.061608 -0.0102157 -0.00768606 0.0496002 -0.00665367 -0.0124721 0.0573633 -0.00806417 -0.0038506 0.04247 -0.00851956 -0.00230304 0.0373457 0.0144257 -0.0959788 0.0383359 0.00794426 -0.0985895 0.0337148 0.00701864 -0.073282 0.0686885 0.000408761 -0.0734085 0.06918 0.00741691 -0.0655684 0.071932 0.0075835 -0.0490588 0.0744126 0.00734714 -0.0407263 0.07358 -0.00108438 -0.012298 0.0578235 -0.00736348 -0.0185065 0.0631306 -0.000956914 -0.0183063 0.06366 -0.00786659 -0.0254251 0.0678274 -0.00575708 -0.00749115 0.0506876 -0.00469888 -0.00370348 0.0432908 -0.00696729 -0.00230304 0.0382835 -0.00531516 -0.00230304 0.0390264 0.036117 -0.0815375 0.0391755 0.00642335 -0.0803421 0.0642186 0.0121041 -0.0803039 0.0628836 0.000940953 -0.0918049 0.0524129 0.0150455 -0.0573676 0.07211 0.00760698 -0.0574177 0.0738581 0.0149414 -0.0406752 0.0717953 -0.000802587 -0.0252042 0.0684111 -0.0011814 -0.00734811 0.0510657 0.00449019 -0.0121913 0.057409 -0.00124526 -0.00359552 0.0435762 -0.0018056 -0.00230304 0.0398909 -0.00358892 -0.00230304 0.0395642 0.0086352 -0.0986581 0.032604 0.0157881 -0.0961141 0.0361456 0.01961 -0.0732793 0.0646676 0.013472 -0.0732386 0.0671719 0.0211623 -0.0655654 0.0675426 0.0144618 -0.065521 0.0702765 0.0224577 -0.0490556 0.0696627 0.0152069 -0.0490075 0.0726211 0.00339861 -0.00726047 0.0507251 4.22353e-06 -0.00230304 0.0399997 0.00221163 -0.00352937 0.0433191 0.00914361 -0.0987385 0.0313995 0.0167907 -0.0962726 0.0337703 0.0224997 -0.0804487 0.0576594 0.0175073 -0.0803397 0.0606791 0.0252815 -0.0734031 0.0612373 0.0083969 -0.0917079 0.0512668 0.0303467 -0.073607 0.0569653 0.0221205 -0.0574146 0.0692234 0.0288387 -0.0408689 0.0648115 0.0291575 -0.0492019 0.0656104 0.00787019 -0.00723039 0.0496743 0.00558667 -0.00350667 0.042526 0.00359016 -0.00230304 0.039564 0.00181151 -0.00230304 0.0398899 0.00945698 -0.0988287 0.0301308 0.0174086 -0.0964505 0.0312685 0.032883 -0.0659232 0.0591344 0.0273535 -0.0657006 0.0637979 0.0351411 -0.0494428 0.0605639 0.0286577 -0.0575573 0.0652694 0.0344962 -0.0577924 0.0603453 0.0334809 -0.0330245 0.0580281 0.0347995 -0.0411088 0.0597843 0.0312226 -0.0254166 0.0553448 0.0121232 -0.0072586 0.047939 0.0117629 -0.00359272 0.0394222 0.00879677 -0.00352796 0.0412162 0.00532197 -0.00230304 0.039024 0.0320483 -0.0882497 0.0281419 0.0306323 -0.0895167 0.025 0.0331765 -0.0874062 0.025 0.0381778 -0.0742332 0.0463355 0.030774 -0.0808738 0.0494902 0.0346811 -0.073886 0.051957 0.0269586 -0.0806282 0.0538989 0.0151372 -0.0918018 0.0478795 0.0376146 -0.0662277 0.053667 0.0394923 -0.0581139 0.0545724 0.0402613 -0.0497723 0.0546476 0.0399001 -0.0414371 0.0538905 0.0384188 -0.0333423 0.0523224 0.0358591 -0.0257151 0.0499873 0.0322927 -0.0187696 0.0469508 0.016053 -0.00734441 0.0455621 0.00697454 -0.00230304 0.0382796 0.00852303 -0.00230304 0.037343 0.00956758 -0.0989265 0.0288292 0.0176267 -0.0966433 0.0287018 0.0180282 -0.0919182 0.0454413 0.0228136 -0.0867896 0.0500213 0.0414318 -0.0666067 0.0475304 0.0435228 -0.0585141 0.0480928 0.044015 -0.0418457 0.0472752 0.044392 -0.0501824 0.0480069 0.0424025 -0.0337378 0.0459182 0.0395996 -0.0260864 0.043974 0.0356851 -0.0191064 0.0414971 0.0144119 -0.00369937 0.037188 0.01123 -0.00230304 0.034944 0.00994779 -0.00230304 0.0362268 0.0251911 -0.0930507 0.0284706 0.0251715 -0.0932004 0.025 0.0279618 -0.09145 0.025 0.0205021 -0.0920774 0.0425827 0.0407508 -0.07464 0.0402395 0.0442406 -0.0670508 0.0408756 0.0464886 -0.058983 0.0410661 0.0474315 -0.050663 0.0408056 0.0493049 -0.0512022 0.0332209 0.0471405 -0.0347212 0.0316586 0.0453337 -0.0342013 0.0389733 0.0470429 -0.0423244 0.0401014 0.0397199 -0.0199439 0.0293539 0.0381813 -0.0195011 0.035583 0.042352 -0.0265216 0.0374529 0.0278707 -0.0085177 0.0265637 0.0123469 -0.00230304 0.0335173 0.0174396 -0.0968463 0.0261336 0.0094727 -0.0990294 0.0275267 0.0428965 -0.0755913 0.0272317 0.0423367 -0.0750964 0.0338188 0.0375131 -0.0819393 0.0335236 0.0450331 -0.0717257 0.025 0.0463694 -0.0687018 0.025 0.0465829 -0.0680893 0.0266757 0.0496431 -0.0559617 0.025 0.0499274 -0.0526713 0.025 0.0488965 -0.0395545 0.025 0.0481005 -0.0363531 0.025 0.0410862 -0.021507 0.025 0.0428738 -0.0242746 0.025 0.0342764 -0.0137216 0.0280009 0.024082 -0.00618171 0.025 0.0140259 -0.00230304 0.0303171 0.0132824 -0.00230304 0.0319694 0.0222569 -0.0947731 0.025 0.0380058 -0.0823749 0.0277251 0.0355638 -0.0851456 0.025 0.0378097 -0.0827154 0.025 0.0316364 -0.0878855 0.032989 0.0459719 -0.0675491 0.0338665 0.0483166 -0.0595091 0.0336653 0.0489618 -0.0600795 0.0260726 0.049477 -0.0427958 0.025 0.0489092 -0.0428615 0.0325456 0.0498467 -0.0460881 0.025 0.0444744 -0.0271548 0.025 0.0440484 -0.0270099 0.0305846 0.0458898 -0.0301474 0.025 0.0346744 -0.0139784 0.025 0.0369811 -0.016349 0.025 0.0248716 -0.0927683 0.0322302 0.0470943 -0.0332059 0.025 0.0296412 -0.00973391 0.025 0.0211538 -0.00469554 0.025 0.0181264 -0.00340265 0.025 0.0192671 -0.0961378 0.025 0.0398838 -0.0801536 0.025 0.0484254 -0.0624481 0.025 0.0499953 -0.0493708 0.025 0.0391124 -0.0188533 0.025 0.0322253 -0.0117707 0.025 0.0269111 -0.00786117 0.025 0.0417818 -0.0774631 0.025 0.0435064 -0.0746392 0.025 0.0475022 -0.0656038 0.025 0.0491425 -0.0592143 0.025 -0.048096 -0.0363383 0 -0.0470914 -0.0331971 0 -0.0411375 -0.0364848 0 -0.0355818 -0.0851262 0 -0.0378256 -0.0826974 0 -0.0319362 -0.0792417 0 -0.0488949 -0.0395463 0 -0.0426301 -0.0424106 0 -0.0494752 -0.0427825 0 0.0481034 -0.0363605 0 0.0423302 -0.0408865 0 0.0415828 -0.037924 0 -0.0496445 -0.0559514 0 -0.0499282 -0.0526524 0 -0.0430572 -0.0545839 0 -0.0432736 -0.0515376 0 -0.0499955 -0.0493593 0 0.0431914 -0.0530679 0 0.0496432 -0.0559582 0 0.0428694 -0.0560993 0 0.0423352 -0.0590944 0 0.0491396 -0.0592294 0 0.0484275 -0.0624404 0 -0.0475068 -0.0655912 0 -0.040075 -0.0664006 0 -0.0463775 -0.0686816 0 -0.0398933 -0.0801416 0 -0.0417973 -0.0774381 0 -0.0357346 -0.0744543 0 0.0474992 -0.0656107 0 0.0415888 -0.0620531 0 0.034857 -0.0756884 0 0.0417849 -0.0774588 0 0.0398841 -0.0801523 0 -0.0339131 -0.0769224 0 -0.0225156 -0.0869862 0 -0.0251939 -0.0931878 0 -0.0279761 -0.0914408 0 -0.0331915 -0.0873936 0 -0.0274992 -0.0834479 0 -0.0306573 -0.0894968 0 -0.0192868 -0.0961302 0 -0.0222887 -0.0947559 0 -0.0170861 -0.0897866 0 0.0306354 -0.0895148 0 0.0279712 -0.0914435 0 0.0263187 -0.0843842 0 -0.0065923 -0.0995621 0 -0.00834233 -0.0924895 0 -0.00533456 -0.0929712 0 -0.00984425 -0.0990207 0 -0.0113204 -0.0917943 0 -0.00330116 -0.0998908 0 -0.00227809 -0.0932403 0 -1.58243e-05 -0.099999 0 0.00328816 -0.0998908 0 0.00382807 -0.0931306 0 0.00656786 -0.0995664 0 0.00981592 -0.0990257 0 0.00685909 -0.0927542 0 0.0130408 -0.0982694 0 0.00985393 -0.0921644 0 0.000769243 -0.0932943 0 0.0128103 -0.0913621 0 0.0161821 -0.0973082 0 -0.0130449 -0.098268 0 -0.0162111 -0.0972978 0 0.0156863 -0.0903601 0 0.0192679 -0.096137 0 0.0222721 -0.0947654 0 0.0185035 -0.0891475 0 0.0251669 -0.0932031 0 0.0238254 -0.0861561 0 0.0212146 -0.0877481 0 -0.0198606 -0.088478 0 -0.0142428 -0.0908916 0 0.0286705 -0.0824498 0 0.0331719 -0.0874098 0 -0.0250736 -0.0853022 0 0.0308964 -0.0803369 0 0.0355741 -0.0851352 0 0.0329548 -0.0780887 0 0.0378049 -0.0827214 0 0.0435006 -0.0746489 0 0.036582 -0.0731673 0 -0.0297878 -0.081426 0 0.0450386 -0.0717145 0 0.039479 -0.0677859 0 0.0463665 -0.0687102 0 0.0381226 -0.0705332 0 0.0406324 -0.0649668 0 -0.0373657 -0.0718805 0 -0.0435156 -0.0746239 0 -0.0450397 -0.0717119 0 -0.0388162 -0.0691889 0 -0.048431 -0.0624226 0 -0.0411293 -0.0635385 0 -0.0491457 -0.0591988 0 -0.0419857 -0.0605924 0 -0.0426256 -0.0576153 0 0.0499276 -0.0526802 0 0.0433013 -0.05 1.77636e-17 0.0431914 -0.0469321 0 0.049846 -0.0460797 0 0.0499949 -0.0493854 0 -0.0498445 -0.0460692 0 -0.0432736 -0.0484843 0 -0.0419865 -0.0394121 0 0.0494799 -0.0428137 0 0.0428694 -0.0439007 0 -0.0400809 -0.0336161 0 -0.0458867 -0.0301404 0 0.0458873 -0.0301417 0 0.0471007 -0.0332252 0 0.0406293 -0.0350262 0 0.038119 -0.0294589 0 0.036569 -0.0268135 0 0.042881 -0.0242884 0 0.0444839 -0.0271721 0 0.0394681 -0.0321901 0 -0.0428707 -0.0242692 0 -0.0373778 -0.0281413 0 -0.0444696 -0.0271455 0 -0.0388245 -0.030826 0 0.0308785 -0.0196445 0 0.0369835 -0.0163524 0 0.0329451 -0.0219012 0 0.0410901 -0.0215116 0 0.0348456 -0.0242948 0 0.0391277 -0.0188727 0 -0.0357368 -0.0255484 0 0.0346897 -0.013992 0 0.0286697 -0.0175493 0 0.0322421 -0.011786 0 -0.0410795 -0.021498 0 -0.0339295 -0.0230979 0 0.0262982 -0.0156007 0 0.0296441 -0.00973557 0 -0.0391083 -0.018848 0 -0.0319439 -0.0207679 0 -0.0346694 -0.0139737 0 -0.0369784 -0.016346 0 0.0238129 -0.0138346 0 0.0269347 -0.00787602 0 0.0211976 -0.0122433 0 0.0240942 -0.00618949 0 -0.0322223 -0.0117681 0 -0.0298038 -0.0185881 0 0.0184821 -0.0108417 0 0.0211532 -0.00469533 0 -0.027516 -0.0165669 0 -0.0296361 -0.00973052 0 -0.0269081 -0.00785922 0 -0.0250826 -0.0147033 0 0.01568 -0.00963796 0 0.0181264 -0.00340274 0 0.00683649 -0.00724295 0 0.015 -0.00230304 0 0.00984475 -0.00783275 0 0.012785 -0.00863012 0 0.000756078 -0.00670622 0 -0.015 -0.00230304 0 0.00380744 -0.00686675 0 -0.00230407 -0.00676077 0 -0.00533688 -0.00702888 0 -0.022538 -0.0130276 0 -0.0240804 -0.00618083 0 -0.0430591 -0.0454274 0 -0.0198654 -0.011525 0 -0.0211532 -0.00469533 0 -0.0181264 -0.00340274 0 -0.0171087 -0.0102225 0 -0.0142599 -0.00911525 0 -0.00836698 -0.00751584 0 -0.0113364 -0.00820918 0 0.0488971 -0.0395613 0 -1.58243e-05 -0.099999 0 0.00325248 -0.099893 0.025 -3.60762e-05 -0.0999998 0.025 0.00328816 -0.0998908 0 0.00654832 -0.0995693 0.025 0.00981756 -0.0990255 0.025 0.00656786 -0.0995664 0 0.00981592 -0.0990257 0 0.0130225 -0.0982741 0.025 0.0130408 -0.0982694 0 0.016179 -0.0973089 0.025 0.0192671 -0.0961378 0.025 0.0161821 -0.0973082 0 0.0192679 -0.096137 0 0.0222569 -0.0947731 0.025 0.0222721 -0.0947654 0 0.0251715 -0.0932004 0.025 0.0279618 -0.09145 0.025 0.0251669 -0.0932031 0 0.0279712 -0.0914435 0 0.0306323 -0.0895167 0.025 0.0306354 -0.0895148 0 0.0331765 -0.0874062 0.025 0.0355638 -0.0851456 0.025 0.0331719 -0.0874098 0 0.0355741 -0.0851352 0 0.0378097 -0.0827154 0.025 0.0378049 -0.0827214 0 0.0398838 -0.0801536 0.025 0.0417818 -0.0774631 0.025 0.0398841 -0.0801523 0 0.0417849 -0.0774588 0 0.0435064 -0.0746392 0.025 0.0435006 -0.0746489 0 0.0450331 -0.0717257 0.025 0.0463694 -0.0687018 0.025 0.0450386 -0.0717145 0 0.0463665 -0.0687102 0 0.0475022 -0.0656038 0.025 0.0474992 -0.0656107 0 0.0484254 -0.0624481 0.025 0.0484275 -0.0624404 0 0.0491396 -0.0592294 0 0.0496432 -0.0559582 0 0.0491425 -0.0592143 0.025 0.0499276 -0.0526802 0 0.0496431 -0.0559617 0.025 0.0499274 -0.0526713 0.025 0.0499949 -0.0493854 0 0.049846 -0.0460797 0 0.0499953 -0.0493708 0.025 0.0494799 -0.0428137 0 0.0498467 -0.0460881 0.025 0.049477 -0.0427958 0.025 0.0488971 -0.0395613 0 0.0481034 -0.0363605 0 0.0488965 -0.0395545 0.025 0.0471007 -0.0332252 0 0.0481005 -0.0363531 0.025 0.0470943 -0.0332059 0.025 0.0458873 -0.0301417 0 0.0444839 -0.0271721 0 0.0458898 -0.0301474 0.025 0.042881 -0.0242884 0 0.0444744 -0.0271548 0.025 0.0428738 -0.0242746 0.025 0.0410901 -0.0215116 0 0.0391277 -0.0188727 0 0.0410862 -0.021507 0.025 0.0369835 -0.0163524 0 0.0391124 -0.0188533 0.025 0.0369811 -0.016349 0.025 0.0346897 -0.013992 0 0.0322421 -0.011786 0 0.0346744 -0.0139784 0.025 0.0296441 -0.00973557 0 0.0322253 -0.0117707 0.025 0.0296412 -0.00973391 0.025 0.0269347 -0.00787602 0 0.0240942 -0.00618949 0 0.0269111 -0.00786117 0.025 0.0211532 -0.00469533 0 0.024082 -0.00618171 0.025 0.0211538 -0.00469554 0.025 0.0181264 -0.00340274 0 0.015 -0.00230304 0 0.0181264 -0.00340265 0.025 0.015 -0.00230304 0.025 -0.00330116 -0.0998908 0 -0.00331735 -0.0998897 0.025 -0.0065923 -0.0995621 0 -0.00659134 -0.0995626 0.025 -0.00984425 -0.0990207 0 -0.0130449 -0.098268 0 -0.00985805 -0.0990186 0.025 -0.0130553 -0.0982649 0.025 -0.0162111 -0.0972978 0 -0.0162098 -0.0972984 0.025 -0.0192868 -0.0961302 0 -0.0222887 -0.0947559 0 -0.0192957 -0.0961265 0.025 -0.0222874 -0.0947568 0.025 -0.0251939 -0.0931878 0 -0.0252018 -0.0931841 0.025 -0.0279761 -0.0914408 0 -0.0306573 -0.0894968 0 -0.0279827 -0.0914356 0.025 -0.0306542 -0.0894996 0.025 -0.0331915 -0.0873936 0 -0.0331943 -0.0873915 0.025 -0.0355818 -0.0851262 0 -0.0378256 -0.0826974 0 -0.035581 -0.0851267 0.025 -0.0378291 -0.0826949 0.025 -0.0398933 -0.0801416 0 -0.0398938 -0.08014 0.025 -0.0417973 -0.0774381 0 -0.0435156 -0.0746239 0 -0.0417943 -0.0774431 0.025 -0.0435148 -0.074626 0.025 -0.0450397 -0.0717119 0 -0.0450395 -0.0717103 0.025 -0.0463789 -0.0686816 0.025 -0.0463775 -0.0686816 0 -0.0475049 -0.0655957 0.025 -0.0484296 -0.0624287 0.025 -0.0475068 -0.0655912 0 -0.048431 -0.0624226 0 -0.049145 -0.0592062 0.025 -0.0491457 -0.0591988 0 -0.0496445 -0.0559514 0 -0.0496432 -0.0559538 0.025 -0.0499295 -0.0526545 0.025 -0.0499282 -0.0526524 0 -0.0499954 -0.0493703 0.025 -0.0499955 -0.0493593 0 -0.0498445 -0.0460692 0 -0.0498446 -0.0460745 0.025 -0.0494778 -0.042794 0.025 -0.0494752 -0.0427825 0 -0.0488959 -0.0395556 0.025 -0.0488949 -0.0395463 0 -0.048096 -0.0363383 0 -0.0480983 -0.0363414 0.025 -0.047097 -0.0332128 0.025 -0.0470914 -0.0331971 0 -0.045887 -0.0301435 0.025 -0.0458867 -0.0301404 0 -0.0444696 -0.0271455 0 -0.0444775 -0.0271586 0.025 -0.0428782 -0.0242831 0.025 -0.0428707 -0.0242692 0 -0.0410826 -0.0215005 0.025 -0.0410795 -0.021498 0 -0.0391083 -0.018848 0 -0.0391221 -0.0188648 0.025 -0.0369832 -0.0163528 0.025 -0.0369784 -0.016346 0 -0.0346831 -0.0139852 0.025 -0.0346694 -0.0139737 0 -0.0322223 -0.0117681 0 -0.0322387 -0.0117827 0.025 -0.0296386 -0.00973152 0.025 -0.0296361 -0.00973052 0 -0.0269302 -0.00787277 0.025 -0.0269081 -0.00785922 0 -0.0240804 -0.00618083 0 -0.0240931 -0.00618884 0.025 -0.0211501 -0.00469377 0.025 -0.0211532 -0.00469533 0 -0.0181242 -0.00340163 0.025 -0.0181264 -0.00340274 0 -0.015 -0.00230304 0.025 -0.015 -0.00230304 0 0.015 -0.00230304 0.025 0.0145649 -0.00230304 0.0285857 0.0148902 -0.00230304 0.0268108 0.015 -0.00230304 0 -0.015 -0.00230304 0 0.0140259 -0.00230304 0.0303171 0.0132824 -0.00230304 0.0319694 0.0123469 -0.00230304 0.0335173 0.01123 -0.00230304 0.034944 0.00994779 -0.00230304 0.0362268 0.00697454 -0.00230304 0.0382796 0.00852303 -0.00230304 0.037343 0.00359016 -0.00230304 0.039564 0.00532197 -0.00230304 0.039024 4.22353e-06 -0.00230304 0.0399997 0.00181151 -0.00230304 0.0398899 -0.00696729 -0.00230304 0.0382835 -0.015 -0.00230304 0.025 -0.00851956 -0.00230304 0.0373457 -0.00358892 -0.00230304 0.0395642 -0.0018056 -0.00230304 0.0398909 -0.0145628 -0.00230304 0.0285938 -0.0140238 -0.00230304 0.0303219 -0.0112246 -0.00230304 0.0349498 -0.0123427 -0.00230304 0.0335237 -0.0132814 -0.00230304 0.0319716 -0.0148902 -0.00230304 0.0268108 -0.00994507 -0.00230304 0.0362289 -0.00531516 -0.00230304 0.0390264</float_array>
          <technique_common>
            <accessor count="1656" source="#ID5" stride="3">
              <param name="X" type="float"/>
              <param name="Y" type="float"/>
              <param name="Z" type="float"/>
            </accessor>
          </technique_common>
        </source>
        <source id="ID6">
          <float_array count="4968" id="ID7">0 0 -1 0 0 -1 0 0 -1 0 0 -1 0 0 -1 0 0 -1 0 0 -1 0 0 -1 0 0 -1 0 0 -1 0 0 -1 0 0 -1 0 0 -1 0 0 -1 0 0 -1 0 0 -1 0 0 -1 0 0 -1 0 0 -1 0 0 -1 0 0 -1 0 0 -1 0 0 -1 0 0 -1 0 0 -1 0 0 -1 0 0 -1 0 0 -1 0 0 -1 0 0 -1 0 0 -1 0 0 -1 0 0 -1 0 0 -1 0 0 -1 0 0 -1 0 0 -1 0 0 -1 0.0825792 -0.996584 0 -0.0424412 -0.999099 -0 -0.0825794 -0.996584 -0 0.996397 0.0848059 0 0.996397 -0.0848059 0 1 8.74228e-08 0 -0.210679 -0.977555 -0 -0.245485 -0.9694 -0 -0.401695 -0.915773 -0 -0.372856 -0.927889 -0 -0.524307 -0.851529 -0 -0.546948 -0.837166 -0 -0.660675 -0.750672 -0 -0.677282 -0.735724 -0 -0.789141 -0.614213 -0 -0.778036 -0.62822 -0 -0.873014 -0.487695 -0 -0.879474 -0.475947 -0 -0.942877 -0.33314 -0 -0.945817 -0.324699 -0 -0.986361 -0.164595 -0 -0.985616 -0.169001 -0 -1 8.88178e-16 0 -1 1.37157e-11 0 0.127018 -0.9919 0 0.245485 -0.9694 0 0.292823 -0.956167 0 0.401695 -0.915773 0 0.450204 -0.892926 0 0.594633 -0.803997 0 0.546948 -0.837166 0 0.677282 -0.735724 0 0.721956 -0.691939 0 0.78914 -0.614213 0 0.82851 -0.559975 0 0.911229 -0.411901 0 0.879474 -0.475947 0 0.945817 -0.324699 0 0.967733 -0.251978 0 0.986361 -0.164595 0 0.82851 0.559975 0 0.911228 0.411901 0 0.879474 0.475947 0 0.967733 0.251978 0 0.986361 0.164595 0 0.945817 0.324699 0 0.546948 0.837167 0 0.450204 0.892926 0 0.594633 0.803997 0 0.78914 0.614213 0 0.677282 0.735724 0 0.721956 0.691939 0 0.127018 0.9919 0 0.0825794 0.996584 0 -0.0424415 0.999099 0 0.292823 0.956167 0 0.401695 0.915773 0 0.245486 0.9694 0 -0.524307 0.851529 0 -0.372856 0.927889 0 -0.401695 0.915773 0 -0.245485 0.9694 0 -0.210679 0.977555 0 -0.0825794 0.996584 0 -0.789141 0.614213 0 -0.778036 0.62822 0 -0.677282 0.735724 0 -0.546948 0.837166 0 -0.660675 0.750672 0 -0.873014 0.487695 0 -0.879474 0.475947 0 -0.945817 0.324699 0 -0.942877 0.33314 0 -0.986361 0.164595 0 -0.985616 0.169001 0 0 0 -1 0 0 -1 0 0 -1 0 0 -1 0 0 -1 0 0 -1 0 0 -1 0 0 -1 0 0 -1 0 0 -1 0 0 -1 0.221657 -0.917112 -0.331322 0.101707 -0.886496 -0.451421 0.125811 -0.877282 -0.463194 0.327001 -0.782555 -0.52979 0.393959 -0.793944 -0.463087 0.344156 -0.80831 -0.477694 0.187935 -0.822104 -0.537425 0.421701 -0.755802 -0.50093 0.178561 -0.837891 -0.515806 0.367392 -0.828245 -0.423123 -0.231502 0.972835 -2.93215e-08 -0.138945 0.9903 1.55488e-06 -0.234994 0.969748 -0.0660843 0.263528 -0.894633 -0.36081 -0.103733 -0.865456 -0.490127 -0.192174 -0.916409 -0.351089 -0.230967 -0.893794 -0.384431 -0.0773236 -0.988871 -0.127105 -0.155687 -0.97671 -0.147644 -0.0971452 -0.948243 -0.302323 0.0193995 -0.898729 -0.438074 0.0477244 -0.897376 -0.438679 0.0676834 -0.956734 -0.282982 0.00392992 -0.993057 -0.117572 -0.0436434 -0.956545 -0.2883 -0.147134 -0.934734 -0.323455 -0.0840598 -0.876925 -0.473218 -0.0612187 -0.886219 -0.459204 0.0857362 -0.989148 -0.119317 0.165742 -0.977256 -0.132291 0.138945 -0.9903 -1.55212e-06 0.231502 -0.972835 -3.55982e-09 -0.0358669 -0.89307 -0.448487 -0.244773 -0.960734 -0.130676 -0.228907 -0.956925 -0.178597 -0.231502 -0.972835 8.08145e-06 -0.234628 -0.969835 -0.066106 -0.359582 -0.837671 -0.411106 -0.285562 -0.838401 -0.464261 -0.262397 -0.867539 -0.42252 -0.330813 -0.871551 -0.361887 -0.138789 -0.788644 -0.598981 -0.300091 -0.742332 -0.599073 -0.131718 -0.7725 -0.621204 -0.4201 -0.758067 -0.498849 -0.304684 -0.774883 -0.553826 -0.299794 -0.807216 -0.508454 0.451845 -0.710941 -0.538887 0.353309 -0.743441 -0.567863 0.06379 -0.295986 -0.95306 0.083184 -0.431362 -0.898336 0.0128505 -0.30251 -0.95306 0.120626 -0.581514 -0.804544 0.100911 -0.712637 -0.694237 0.0745738 -0.707086 -0.703184 0.178194 -0.757691 -0.627815 0.1643 -0.743594 -0.648131 0.297551 -0.653501 -0.695989 -0.374368 -0.182253 -0.909193 -0.275904 -0.124716 -0.95306 -0.250858 -0.169551 -0.95306 -0.53417 0.561563 -0.63191 -0.523937 0.43518 -0.732194 -0.558877 0.505715 -0.657198 -0.293013 0.0762946 -0.95306 -0.336191 0.178212 -0.924779 -0.275904 0.124716 -0.95306 0.515058 -0.0261004 -0.856758 0.556905 0.132202 -0.819987 0.657915 0.0679004 -0.750025 -0.180044 0.243436 -0.95306 -0.218596 0.209507 -0.95306 -0.201818 0.367162 -0.907999 -0.136314 0.270362 -0.95306 0.583069 0.286781 -0.760123 0.60133 0.38793 -0.698507 0.618672 0.326262 -0.714701 -0.304149 0.900956 -0.309469 -0.280159 0.925961 -0.253193 -0.189548 0.929242 -0.317144 0.448445 0.481645 -0.752937 0.58127 0.447955 -0.67931 0.442153 0.333987 -0.832438 0.442108 0.615739 -0.652231 0.479201 0.665969 -0.57171 0.507382 0.615278 -0.603321 0.38942 0.799972 -0.456505 0.419688 0.758656 -0.498301 0.271846 0.764415 -0.584611 0.291222 0.51478 -0.806344 0.285555 0.648733 -0.705411 0.250481 0.858569 -0.447346 0.35942 0.837809 -0.410966 0.100818 0.873896 -0.475543 0.0864542 0.942431 -0.323032 0.330593 0.871644 -0.361864 0.303809 0.901183 -0.309142 -0.0520715 0.874156 -0.482846 -0.0520773 0.942666 -0.329649 0.222061 0.928543 -0.297483 0.231502 0.972835 8.05992e-06 0.234983 0.96976 -0.06594 0.139023 0.990289 6.47659e-05 0.279913 0.926128 -0.252853 0.187388 0.972367 -0.139242 0.259581 0.946202 -0.19318 0.244096 0.96092 -0.130577 0.046032 0.99894 -9.74752e-05 0.0696551 0.984424 -0.161423 -0.0506164 0.984628 -0.167168 -0.169967 0.972974 -0.156311 -0.0471559 0.998888 -3.22559e-05 0.534046 0.561824 -0.631783 0.63315 0.26312 -0.727934 0.112894 0.280948 -0.95306 0.06379 0.295987 -0.95306 0.127088 0.382879 -0.915015 0.644595 0.198822 -0.738219 0.288688 0.366329 -0.884569 0.200041 0.22729 -0.95306 0.158751 0.257828 -0.95306 0.125666 0.531735 -0.837536 0.120704 0.665615 -0.736469 0.652877 0.133657 -0.745579 -0.0379965 0.383159 -0.9229 -0.0434613 0.532022 -0.845614 0.55371 -0.230065 -0.800297 0.622964 -0.078798 -0.778272 -0.211294 0.515633 -0.830348 -0.375839 0.617128 -0.691302 -0.214819 0.649582 -0.729312 0.65965 0.0018092 -0.751571 -0.250858 0.16955 -0.95306 -0.359662 0.335348 -0.870738 0.658112 -0.0642654 -0.750173 0.653266 -0.130063 -0.745874 0.619591 -0.322839 -0.71546 0.468861 -0.374853 -0.799784 0.64515 -0.1953 -0.738674 0.324948 -0.681297 -0.655929 0.422423 -0.545003 -0.724245 0.46255 -0.585717 -0.66557 -0.475761 0.133955 -0.869314 -0.301692 0.0256777 -0.95306 -0.431136 -0.0244939 -0.901955 -0.301692 -0.0256778 -0.95306 -0.293013 -0.0762946 -0.95306 0.309192 -0.478993 -0.821563 0.389432 -0.336063 -0.857557 0.370808 -0.509084 -0.776746 0.146429 -0.731157 -0.666309 0.125095 -0.720738 -0.681827 0.220245 -0.608433 -0.762431 0.262312 -0.628977 -0.731833 -0.212923 -0.305031 -0.928235 -0.218596 -0.209507 -0.95306 -0.180045 -0.243436 -0.95306 -0.307056 -0.33488 -0.890826 0.228862 -0.801079 -0.553078 0.128317 -0.811177 -0.570549 0.192577 -0.789206 -0.583153 0.0264212 -0.812745 -0.58202 0.343714 -0.711568 -0.612807 -0.136314 -0.270362 -0.95306 0.0100762 -0.575819 -0.817515 -0.079839 -0.439152 -0.894858 0.00135927 -0.431223 -0.902244 -0.0453608 -0.581232 -0.812472 -0.158075 -0.454921 -0.87639 0.172559 -0.592459 -0.786903 0.163281 -0.439565 -0.883245 0.239347 -0.455595 -0.857407 -0.0619773 -0.720421 -0.690763 -0.0847286 -0.730765 -0.677351 -0.193492 -0.628204 -0.753605 0.0659409 -0.575914 -0.814847 -0.391762 -0.373392 -0.840893 -0.231098 -0.478076 -0.847371 -0.296807 -0.50795 -0.808636 -0.618817 0.325665 -0.714848 -0.506988 0.288632 -0.812191 -0.633292 0.262393 -0.728073 0.535397 -0.421156 -0.732105 -0.644691 0.198016 -0.738352 -0.601352 0.0768549 -0.795279 0.449795 0.713873 -0.536721 0.558752 0.505999 -0.657086 -0.047702 0.665901 -0.744514 -0.373003 0.48304 -0.792175 -0.581431 0.447515 -0.679462 -0.60147 0.387442 -0.698657 -0.657933 0.0668141 -0.750107 -0.659648 0.000635958 -0.751575 -0.0987752 -0.591998 -0.799864 0.509176 -0.61226 -0.604878 -0.0366936 -0.712403 -0.70081 -0.14863 -0.607807 -0.780051 -0.0384588 -0.30033 -0.95306 -0.00960499 -0.706943 -0.707205 0.112894 -0.280948 -0.95306 0.0185094 -0.704198 -0.709762 0.0468407 -0.704246 -0.708409 0.582568 -0.444657 -0.680364 0.633868 -0.259607 -0.728571 0.187711 -0.773042 -0.605946 0.481133 -0.66308 -0.573442 0.560119 -0.502853 -0.658336 0.535559 -0.558733 -0.633241 0.602442 -0.384601 -0.69939 -0.104293 -0.743138 -0.660961 -0.23207 -0.652601 -0.721287 0.299394 -0.305901 -0.903763 0.298427 -0.0511704 -0.95306 0.302782 2.37274e-08 -0.95306 0.392739 0.0148749 -0.91953 0.458704 -0.183668 -0.8694 -0.353311 -0.543686 -0.761299 0.351009 -0.147591 -0.924667 0.264333 -0.147666 -0.95306 0.285487 -0.100869 -0.95306 0.423408 0.176922 -0.888495 0.285487 0.100869 -0.95306 0.264333 0.147665 -0.95306 0.278023 0.207562 -0.937881 -0.120108 -0.757184 -0.642064 -0.263254 -0.680299 -0.684026 0.201338 -0.285236 -0.937072 0.235576 -0.190214 -0.95306 0.298427 0.0511705 -0.95306 0.235576 0.190214 -0.95306 0.112343 0.78075 -0.614662 -0.398987 -0.584254 -0.706723 0.158751 -0.257828 -0.95306 0.200041 -0.22729 -0.95306 -0.0384588 0.30033 -0.95306 -0.0886615 0.289511 -0.95306 -0.244752 0.960703 -0.13094 -0.260095 0.945989 -0.193533 -0.286147 -0.710498 -0.642893 0.0128505 0.30251 -0.95306 -0.0505993 0.781026 -0.622445 -0.212294 0.765237 -0.607736 -0.203791 0.85934 -0.469045 -0.432518 -0.628487 -0.646476 -0.534589 -0.560625 -0.632388 -0.36809 0.733836 -0.570959 -0.479531 -0.665101 -0.572443 -0.0886616 -0.28951 -0.95306 -0.479341 0.665803 -0.571785 -0.450008 0.71362 -0.536878 -0.389636 0.799763 -0.456687 -0.419928 0.75834 -0.498579 -0.331056 0.871321 -0.362217 -0.475684 -0.228317 -0.849468 -0.507533 0.61503 -0.603447 -0.359788 0.837512 -0.41125 -0.141118 -0.805152 -0.576035 -0.562809 -0.283418 -0.776479 -0.464603 -0.419459 -0.779871 -0.54621 -0.0768129 -0.834119 -0.653036 -0.131446 -0.745832 -0.652937 0.132704 -0.745696 -0.450112 -0.713228 -0.537313 -0.619096 -0.32447 -0.71515 -0.633504 -0.261183 -0.728324 -0.644835 -0.19674 -0.738567 -0.657999 -0.0655684 -0.750159 -0.138639 -0.821549 -0.553024 -0.523482 -0.471755 -0.709516 -0.601745 -0.38627 -0.69907 -0.131421 -0.837364 -0.530613 -0.559197 -0.504639 -0.657752 -0.581679 -0.446435 -0.679959 -0.389706 -0.799565 -0.456974 -0.50782 -0.614221 -0.604029 -0.119673 -0.852142 -0.509444 -0.304136 -0.900992 -0.309379 -0.00873405 -0.89728 -0.441375 0.0118314 -0.959403 -0.281791 0.0754257 -0.893258 -0.443171 0.122306 -0.948615 -0.29184 -0.260016 -0.946055 -0.193318 -0.280106 -0.925987 -0.253159 0.174127 -0.93528 -0.308109 -0.139023 -0.990289 -6.46378e-05 -0.0460321 -0.99894 9.7458e-05 0.271942 -0.934107 -0.231285 0.254966 -0.950746 -0.176278 0.0471559 -0.998888 3.23158e-05 0.147045 -0.865882 -0.478148 0.241907 -0.962966 -0.119066 0.233955 -0.970396 -0.0599755 0.164799 -0.852625 -0.495856 0.292573 -0.913139 -0.283863 0.34072 -0.860153 -0.379536 0.315846 -0.888358 -0.33326 0 0 -1 0 0 -1 0 0 -1 0 0 -1 0 0 -1 0 0 -1 0 0 -1 0 0 -1 0 0 -1 0 0 -1 0 0 -1 0.561558 -0.827437 0 0.563284 -0.826263 0 0.499994 -0.866029 0 0.730524 -0.682887 0 0.735401 -0.677632 0 0.712334 -0.701841 0 0.68141 -0.731902 0 0.623898 -0.781506 0 0.675473 -0.737385 0 0.841097 -0.540885 0 0.83084 -0.556512 0 0.818295 -0.574798 0 0.772699 -0.634772 0 0.795332 -0.606173 0 0.78533 -0.619077 0 0.92362 -0.383309 0 0.937335 -0.348428 0 0.907163 -0.42078 0 0.871558 -0.490292 0 0.884703 -0.466155 0 0.969058 -0.246834 0 0.980024 -0.198879 0 0.980411 -0.19696 0 0.955912 -0.293652 0 0.96182 -0.273683 0 0.998718 -0.0506239 0 1 -0.000481995 0 0.999194 -0.0401348 0 0.9929 -0.118954 0 0.988682 -0.150023 0 0.994933 -0.100544 0 0.969282 0.245951 0 0.956168 0.292817 0 0.962137 0.272566 0 0.988814 0.149151 0 0.993033 0.117834 0 0.995027 0.0996045 0 0.831316 0.555799 0 0.872028 0.489456 0 0.86363 0.504125 0 0.785828 0.618446 0 0.818467 0.574554 0 0.730497 0.682916 0 0.712302 0.701873 0 0.73589 0.677101 0 0.750847 0.660476 0 0.772721 0.634746 0 0.678 0.735062 0 0.675473 0.737385 0 0.681949 0.7314 0 0.696931 0.717138 0 0.620152 0.784482 0 0.624369 0.781129 0 0.561558 0.827437 0 0.563584 0.826059 0 0.5 0.866025 0 0.5 0.866025 0 0.940992 0.33843 0 0.937739 0.34734 0 0.907583 0.419873 0 0.885004 0.465584 0 0.980628 0.195881 0 0.685259 0.728299 0 0.841324 0.540532 0 0.795485 0.605974 0 0.905219 0.424944 0 0.923941 0.382535 0 0.750912 -0.660402 0 0.980205 0.197983 0 0.999239 0.038996 0 0.998765 0.0496897 0 0.940719 -0.339186 0 0.90489 -0.425645 0 0.863333 -0.504635 0 0.697065 -0.717008 0 0.685387 -0.728179 0 0.678003 -0.735059 0 0.620152 -0.784482 0 0.5 -0.866025 0 -0.561558 0.827437 0 -0.563284 0.826263 0 -0.499994 0.866029 0 -0.739186 0.673502 0 -0.735401 0.677632 0 -0.721687 0.692219 0 -0.68141 0.731902 0 -0.623898 0.781506 0 -0.675473 0.737385 0 -0.842382 0.538881 0 -0.83084 0.556512 0 -0.81964 0.572879 0 -0.778226 0.627984 0 -0.798782 0.601621 0 -0.78533 0.619077 0 -0.924521 0.381132 0 -0.937335 0.348428 0 -0.907163 0.42078 0 -0.864541 0.502563 0 -0.885821 0.464027 0 -0.871558 0.490292 0 -0.969604 0.244681 0 -0.98045 0.196768 0 -0.980411 0.19696 0 -0.956576 0.291482 0 -0.96182 0.273683 0 -0.998814 0.048691 0 -0.999999 -0.00137076 -0 -0.999194 0.0401348 0 -0.9929 0.118954 0 -0.988993 0.147964 0 -0.995133 0.0985391 0 -0.968938 -0.247304 -0 -0.955788 -0.294058 -0 -0.962137 -0.272566 -0 -0.988577 -0.15072 -0 -0.993033 -0.117834 -0 -0.994859 -0.101274 -0 -0.831316 -0.555799 -0 -0.872028 -0.489456 -0 -0.863227 -0.504816 -0 -0.907583 -0.419873 -0 -0.923519 -0.383552 -0 -0.904794 -0.425849 -0 -0.785828 -0.618446 -0 -0.818119 -0.57505 -0 -0.730333 -0.683091 -0 -0.71219 -0.701987 -0 -0.73589 -0.677101 -0 -0.750634 -0.660719 -0 -0.772458 -0.635066 -0 -0.677992 -0.735069 -0 -0.675473 -0.737385 -0 -0.681949 -0.7314 -0 -0.696863 -0.717204 -0 -0.620152 -0.784482 -0 -0.624369 -0.781129 -0 -0.561558 -0.827437 -0 -0.563584 -0.826059 -0 -0.5 -0.866025 -0 -0.5 -0.866025 -0 -0.940584 -0.33956 -0 -0.937739 -0.34734 -0 -0.980628 -0.195881 -0 -0.685227 -0.728329 -0 -0.840943 -0.541124 -0 -0.795178 -0.606376 -0 -0.884584 -0.466381 -0 -0.758192 0.652031 0 -0.979909 -0.199447 -0 -0.999239 -0.038996 -0 -0.998675 -0.051456 -0 -0.941504 0.337002 0 -0.905902 0.423487 0 -0.7062 0.708013 0 -0.693332 0.720619 0 -0.683658 0.729802 0 -0.677561 0.735466 0 -0.620152 0.784482 0 -0.5 0.866025 0 0.256115 -0.826908 -0.500628 0.247894 -0.774612 -0.581829 0.338016 -0.774612 -0.53453 0.518934 -0.239321 -0.82063 0.643852 -0.239321 -0.72676 0.610057 -0.391973 -0.688613 0.197049 -0.843136 -0.500293 0.202265 -0.534473 -0.820626 0.186518 -0.404741 -0.895207 0.220164 -0.391973 -0.893244 0.451722 -0.534473 -0.714343 0.40005 -0.66313 -0.632629 0.331284 -0.534473 -0.777554 0.293388 -0.66313 -0.688609 0.151351 -0.774612 -0.61406 0.369672 -0.782735 -0.500668 0.313705 -0.80714 -0.500114 0.491696 -0.391973 -0.777556 0.560461 -0.534473 -0.632631 0.0772492 -0.862333 -0.500414 0.137714 -0.854833 -0.500296 0.0508891 -0.774612 -0.630386 0.0602285 -0.66313 -0.746077 0.654685 -0.534473 -0.534534 0.49635 -0.66313 -0.560264 0.476211 -0.723066 -0.500399 0.424054 -0.754835 -0.500402 0.617583 -0.60677 -0.500421 0.573391 -0.648998 -0.500024 0.179128 -0.66313 -0.726755 0.0809793 -0.510771 -0.855894 0.301869 -0.17896 -0.936402 0.313998 -0.128863 -0.940638 0.380575 -0.239321 -0.893246 0.526004 -0.687617 -0.500503 0.0159395 -0.865857 -0.500038 -0.0508911 -0.774612 -0.630386 -0.17913 -0.66313 -0.726754 -0.0602308 -0.66313 -0.746077 -4.03779e-06 -0.566028 -0.824386 -0.360602 -0.391973 -0.846359 -0.26637 -0.274378 -0.923993 -0.243102 -0.319785 -0.915772 -0.202268 -0.534473 -0.820626 -0.220167 -0.391973 -0.893244 -0.186764 -0.404082 -0.895453 -0.491698 -0.391973 -0.777554 -0.643854 -0.239321 -0.726758 -0.518936 -0.239321 -0.820628 -0.451724 -0.534473 -0.714342 -0.610059 -0.391973 -0.688611 -0.331286 -0.534473 -0.777553 -0.380578 -0.239321 -0.893245 -0.302018 -0.17813 -0.936512 -0.314111 -0.12794 -0.940726 -0.390697 -0.0804708 -0.916995 -0.286044 -0.226962 -0.930949 -0.532735 -0.0804708 -0.842448 -0.660974 0.0804636 -0.746082 -0.532735 0.0804636 -0.842448 -0.322227 -0.0769678 -0.943528 -0.643855 0.239314 -0.726759 -0.752098 0.239314 -0.614066 -0.338017 -0.774612 -0.534529 -0.341592 -0.796131 -0.49949 -0.39726 -0.769602 -0.499897 -0.322167 0.0778808 -0.943474 -0.390698 0.0804636 -0.916996 -0.313998 0.128863 -0.940638 -0.712622 0.391966 -0.581835 -0.801517 0.327816 -0.500107 -0.776387 0.383552 -0.500112 -0.678314 0.538114 -0.500324 -0.65469 0.534467 -0.534534 -0.714711 0.489039 -0.50003 -0.595817 0.628227 -0.500332 -0.560466 0.534467 -0.632632 -0.301869 0.17896 -0.936402 -0.380579 0.239314 -0.893246 0.255113 0.82778 -0.499697 0.313432 0.807371 -0.499913 0.338019 0.774607 -0.534535 -0.242887 0.320552 -0.915561 -0.266146 0.275093 -0.923845 -0.360603 0.391966 -0.846362 0.65896 -0.561788 -0.500165 -0.331288 0.534467 -0.777556 -0.220167 0.391966 -0.893246 -0.186518 0.404741 -0.895207 -0.216251 0.363794 -0.90603 -0.400054 0.663124 -0.632632 -0.293392 0.663124 -0.688613 -0.15385 0.442938 -0.883253 -0.202268 0.534467 -0.82063 -0.451726 0.534467 -0.714345 -0.118549 0.478485 -0.870056 -0.151354 0.774607 -0.614065 -0.247897 0.774607 -0.581834 -0.167618 0.849321 -0.500558 -0.284956 0.817462 -0.500556 -0.33802 0.774607 -0.534533 -0.0809793 0.510771 -0.855894 -0.0602312 0.663124 -0.746082 -0.0413884 0.539911 -0.840704 0.0508896 0.774607 -0.630392 0.0751947 0.862744 -0.500019 0.151353 0.774607 -0.614065 0.29339 0.663124 -0.688613 0.247896 0.774607 -0.581834 -0.496355 0.663124 -0.560266 -0.39719 0.769461 -0.50017 0.400052 0.663124 -0.632633 0.451724 0.534467 -0.714346 0.424107 0.755436 -0.499449 0.496353 0.663124 -0.560268 -0.549956 0.668644 -0.500463 -0.501527 0.705893 -0.500186 0.654688 0.534467 -0.534536 0.659163 0.562015 -0.499643 0.697122 0.514078 -0.499745 0.573407 0.649016 -0.499983 0.526388 0.6882 -0.499297 0.643853 0.239314 -0.726761 0.772093 0.0804636 -0.630395 0.660972 0.0804636 -0.746084 0.772093 -0.0804708 -0.630395 0.660972 -0.0804708 -0.746084 0.380576 0.239314 -0.893247 0.26637 0.274378 -0.923993 0.3606 0.391966 -0.846363 0.81267 0.29943 -0.499909 0.831777 0.241389 -0.499878 0.752096 0.239314 -0.614068 0.846732 0.182124 -0.499875 0.857421 0.121904 -0.499969 0.8639 0.0611613 -0.499936 0.712621 0.391966 -0.581837 0.789597 0.35608 -0.499743 0.762437 0.410795 -0.499937 0.8639 -0.0611613 -0.499936 0.866025 -2.95636e-08 -0.5 0.731695 0.463685 -0.499619 0.857421 -0.121904 -0.499969 0.846655 -0.182005 -0.50005 0.752095 -0.239321 -0.614067 0.831691 -0.241248 -0.500089 0.812616 -0.299369 -0.500034 0.789419 -0.355875 -0.500171 0.712618 -0.391973 -0.581835 0.762382 -0.410729 -0.500075 0.73145 -0.463431 -0.500213 0.560464 0.534467 -0.632634 0.696917 -0.513863 -0.500251 -0.28587 0.22782 -0.930794 -0.106522 -0.859424 -0.500043 -0.0440605 -0.864766 -0.500238 -0.491699 0.391966 -0.777556 0.610059 0.391966 -0.688615 0.491697 0.391966 -0.777558 0.617946 0.607172 -0.499485 0.154169 0.44252 -0.883407 0.118892 0.477902 -0.87033 0.202266 0.534467 -0.82063 0.331285 0.534467 -0.777557 0.179129 0.663124 -0.726759 0.196723 0.84344 -0.499909 0.0602289 0.663124 -0.746082 -0.0508914 0.774607 -0.630392 0.0143686 0.865763 -0.500249 4.02072e-06 0.566028 -0.824386 -0.518937 0.239314 -0.820629 -0.610061 0.391966 -0.688613 -0.326269 0.0263163 -0.944911 -0.3263 -0.0253767 -0.944926 -0.772095 0.0804636 -0.630393 -0.660974 -0.0804708 -0.746082 -0.852619 -0.152131 -0.499898 -0.772095 -0.0804708 -0.630392 -0.752097 -0.239321 -0.614065 -0.801605 -0.327934 -0.499888 -0.71262 -0.391973 -0.581833 -0.154169 -0.44252 -0.883407 -0.654687 -0.534473 -0.534532 -0.638854 -0.584836 -0.499832 -0.678637 -0.538454 -0.499519 -0.118892 -0.477902 -0.87033 -0.0812878 -0.510525 -0.856012 -0.596148 -0.62864 -0.499418 -0.247895 -0.774612 -0.581829 -0.151353 -0.774612 -0.614059 -0.16589 -0.850041 -0.499911 -0.496352 -0.66313 -0.560262 -0.45064 -0.740005 -0.499316 -0.284754 -0.818051 -0.499708 0.3263 0.0253767 -0.944926 0.390695 -0.0804708 -0.916996 0.326269 -0.0263163 -0.944911 0.390695 0.0804636 -0.916997 0.322227 0.0769677 -0.943528 0.532732 0.0804636 -0.84245 0.266146 -0.275093 -0.923845 0.28587 -0.22782 -0.930793 0.360599 -0.391973 -0.84636 0.532732 -0.0804708 -0.84245 0.302018 0.17813 -0.936512 0.286045 0.226962 -0.930949 0.518935 0.239314 -0.820631 0.243102 0.319785 -0.915772 0.216529 0.363227 -0.90619 0.220164 0.391966 -0.893247 0.476446 0.723405 -0.499683 0.242887 -0.320552 -0.915561 0.314111 0.12794 -0.940726 0.186764 0.404082 -0.895453 0.369766 0.783453 -0.499475 0.15385 -0.442939 -0.883253 0.322167 -0.0778808 -0.943474 0.041575 0.53977 -0.840785 0.0812878 0.510525 -0.856012 0.118549 -0.478485 -0.870056 0.216251 -0.363793 -0.90603 0.13538 0.855293 -0.500146 0.0413883 -0.539911 -0.840704 -0.041575 -0.53977 -0.840785 -0.106806 0.859407 -0.500011 -0.0472005 0.864579 -0.500275 -0.179131 0.663124 -0.726759 -0.225653 -0.836121 -0.499983 -0.400052 -0.66313 -0.632628 -0.29339 -0.66313 -0.688608 -0.560463 -0.534473 -0.632629 -0.216529 -0.363227 -0.90619 -0.50165 -0.706188 -0.499646 -0.638707 0.584682 -0.5002 -0.226839 0.835635 -0.500258 -0.550295 -0.669057 -0.499538 -0.714755 -0.489085 -0.499921 -0.852555 0.151986 -0.50005 -0.839719 0.211801 -0.500013 -0.450328 0.739304 -0.500634 -0.341918 0.795312 -0.50057 -0.822778 -0.270622 -0.499801 -0.8612 -0.091579 -0.499948 -0.861169 0.0915155 -0.500013 -0.8655 0.0304997 -0.49998 -0.822647 0.270455 -0.500106 -0.747557 -0.437538 -0.499719 -0.776537 -0.383709 -0.499758 -0.839728 -0.211826 -0.499986 -0.865497 -0.0306116 -0.499978 -0.747348 0.437313 -0.500228 -0.984949 -0.0737039 0.156342 -0.999918 0.0128431 -4.67458e-05 -0.99859 -0.0530907 7.06047e-08 0.183493 -0.9827 0.0251109 0.258753 -0.965898 -0.0093888 0.323108 -0.946359 -0.00231593 0.130966 -0.991387 -2.69352e-08 0.193029 -0.981109 -0.0128576 0.0780499 -0.996203 0.0385732 -0.985335 0.0932991 0.142868 -0.95806 0.257683 0.125384 -0.98954 0.14426 -4.33481e-05 0.609388 -0.750994 0.254273 0.449958 -0.845512 0.287485 0.479329 -0.850156 0.217897 -0.857437 0.514588 -0.000123634 -0.824348 0.560339 0.0804456 -0.821651 0.56999 1.01898e-08 -0.73954 0.673112 -0.000131594 -0.782303 0.622898 -0.000258941 -0.721664 0.690114 0.0542535 -0.956915 -0.238638 0.165426 -0.982929 -0.183985 -3.35079e-05 -0.941869 0.335981 -8.52462e-05 -0.961965 0.273172 9.19004e-08 -0.571392 -0.179983 0.800698 -0.646358 -0.351319 0.677346 -0.5369 -0.341322 0.771517 -0.791635 -0.533279 0.298207 -0.74165 -0.522587 0.420544 -0.814522 -0.373534 0.443876 -0.739665 -0.362145 0.567228 -0.673077 -0.512154 0.53354 -0.809262 -0.0361233 0.586336 -0.709734 0.142407 0.689926 -0.810318 0.130736 0.57122 -0.441609 -0.170564 0.880846 -0.456836 -0.00393795 0.889542 -0.589845 -0.0135909 0.807402 -0.686967 -0.190538 0.701264 -0.164048 0.177639 0.970326 -0.315495 0.171018 0.933389 -0.312541 0.00431306 0.949894 0.394746 0.498679 0.771683 0.263428 0.49955 0.825261 0.28513 0.347906 0.893119 0.109114 0.636329 0.763662 0.234331 0.637171 0.734236 0.198656 0.756905 0.622599 0.463472 0.633978 0.619084 0.516083 0.49603 0.698292 0.443291 0.185538 0.876966 0.554207 0.344157 0.757899 0.424984 0.346979 0.836059 0.297823 0.953936 0.0361542 0.397063 0.915208 0.0688117 0.3 0.953939 2.46089e-08 0.291267 0.953943 0.0718033 0.37015 0.919463 0.132575 0.499779 0.841609 0.204733 0.615378 0.740129 0.271143 0.658778 0.733267 0.168319 0.535436 0.835971 0.120253 0.451321 0.84642 0.282635 0.483288 0.75069 0.45044 0.556398 0.745985 0.365962 0.333575 0.923095 0.191374 0.39785 0.75413 0.522497 0.391255 0.850286 0.352041 0.561755 0.630022 0.536195 0.353428 0.636381 0.685644 0.125362 0.498621 0.857707 0.138091 0.346917 0.927674 0.302188 0.756219 0.580358 -0.00862641 0.182497 0.983169 -0.160513 0.010959 0.986973 -0.0125148 0.344035 0.938873 -0.162977 0.339332 0.926441 -0.309592 0.332922 0.890683 -0.459239 0.162799 0.873268 -0.591739 0.153182 0.791442 -0.300814 -0.162513 0.939734 -0.374741 -0.484909 0.790211 -0.252592 -0.477924 0.8413 -0.280642 -0.324777 0.903194 -0.785488 -0.201969 0.584993 -0.691959 -0.666383 0.277716 -0.718513 -0.675791 0.164453 -0.996896 0.0787238 -2.36066e-05 -0.977879 0.20917 -5.17409e-05 -0.90389 0.414833 0.10438 -0.917674 0.397333 -4.35642e-05 -0.88949 0.456954 -0.000103905 -0.693577 0.720382 -0.000413509 -0.644591 0.764528 -0.00048941 -0.598722 0.800517 0.0265382 -0.481738 0.876315 -0.000761777 -0.538489 0.842631 -0.00151065 -0.592773 0.80537 -6.69468e-08 -0.57782 0.807923 0.115692 -0.443197 0.894038 0.0653689 -0.422808 0.906219 0.000766779 -0.362063 0.932152 0.00153987 -0.3 0.953939 -1.62992e-08 0.0247969 -0.996724 0.0769801 -0.0615542 -0.998024 -0.0126487 -0.00870353 -0.999742 -0.0209641 -0.831404 -0.554387 0.0377128 -0.902018 -0.396873 0.169867 -0.912502 -0.408248 0.0259582 -0.992919 -0.118797 -3.89356e-05 -0.968665 -0.248372 -2.52071e-05 -0.950187 -0.311681 -5.12312e-05 -0.927577 -0.373631 -1.14142e-07 -0.900932 -0.43396 -6.00418e-05 -0.870369 -0.4924 -5.22507e-05 -0.836021 -0.548698 -5.17948e-05 -0.798035 -0.602611 -0.000105561 -0.602123 -0.796313 0.0577457 -0.595056 -0.788645 0.15475 -0.756583 -0.653898 -1.27798e-08 -0.726967 -0.684964 0.0484087 -0.711831 -0.702351 -0.000155837 -0.663989 -0.747742 -0.00013563 -0.134596 -0.982769 0.126688 -0.29021 -0.941225 0.17284 -0.140556 -0.98488 0.101264 -0.55985 -0.828594 -0.000344377 -0.613257 -0.789883 -0.000170009 -0.301964 -0.945389 0.122706 -0.142454 -0.986939 0.0752158 -0.460376 -0.885307 0.0654617 -0.124719 -0.980656 0.150862 -0.111169 -0.978594 0.173189 -0.244015 -0.932994 0.264537 -0.504037 -0.863682 3.73838e-08 -0.485619 -0.765235 0.422598 -0.422724 -0.757938 0.496824 -0.512355 -0.639057 0.57367 -0.445963 -0.895051 -0.000680091 -0.21071 -0.929129 0.303841 -0.0942801 -0.976635 0.193121 -0.385998 -0.922499 -0.000587368 -0.0744674 -0.974825 0.210167 -0.171641 -0.925561 0.337454 -0.0522192 -0.973211 0.223906 -0.127769 -0.922378 0.364547 -0.305706 -0.94945 0.0713401 -0.140242 -0.988895 0.0491841 -0.301344 -0.953306 0.0200074 -0.26105 -0.965322 -0.0023461 -0.324286 -0.945958 -0.00117254 -0.217452 -0.617655 0.755789 -0.266089 -0.745187 0.611468 -0.176207 -0.740047 0.649062 -0.0801746 -0.919656 0.384454 -0.028083 -0.971831 0.234001 -0.197161 -0.980371 -2.26222e-08 -0.126878 -0.991719 -0.019912 -0.00265341 -0.970719 0.240204 -0.0300293 -0.917464 0.396684 0.0156775 -0.732869 0.680189 -0.081507 -0.735907 0.672158 -0.056562 -0.838454 0.542029 0.0603625 -0.997566 -0.0349073 0.0234436 -0.969903 0.24236 0.0214322 -0.915855 0.400936 0.0495653 -0.969403 0.240417 0.0729422 -0.914869 0.397106 -0.270734 -0.937059 0.220508 -0.572859 -0.78078 0.249429 -0.536078 -0.772913 0.33945 -0.647959 -0.656971 0.385407 -0.454895 -0.87936 0.140703 -0.8218 -0.543967 0.16954 -0.949836 0.105876 0.294281 -0.866749 0.28204 0.411338 -0.923694 0.269859 0.271966 0.112955 -0.731008 0.672955 0.0942716 -0.834654 0.542647 0.207929 -0.730369 0.650636 -0.869088 -0.385206 0.310326 -0.437678 -0.873259 0.21414 -0.922145 -0.226319 0.313734 -0.949315 -0.0610784 0.308336 -0.871622 0.426266 0.242016 -0.891015 0.118459 0.438247 -0.795082 0.570707 0.205273 -0.696223 0.699128 0.162767 -0.654068 0.708145 0.265943 0.0750685 -0.969232 0.234424 0.123233 -0.914531 0.385287 -0.587595 -0.647787 0.484875 -0.409149 -0.867157 0.283965 -0.864529 -0.213994 0.454747 -0.890268 -0.0484479 0.452853 -0.746589 0.58108 0.32396 -0.680062 0.591202 0.433584 -0.596235 0.716944 0.36124 -0.818153 0.437704 0.372883 -0.788628 0.293926 0.540069 -0.543185 0.815331 0.20046 -0.417055 0.89963 0.12935 -0.297829 0.953934 0.0361547 0.0993254 -0.969393 0.224527 0.171066 -0.914848 0.365772 -0.424091 -0.630997 0.649608 -0.487336 -0.49308 0.720677 -0.587604 -0.502237 0.634412 -0.37001 -0.861202 0.348458 -0.744799 0.448864 0.493757 -0.691253 0.305224 0.654987 -0.495671 0.822561 0.278755 -0.52415 0.725308 0.446313 -0.381192 0.905086 0.188446 -0.291307 0.953932 0.0717873 0.238004 -0.834623 0.496748 0.381727 -0.732791 0.563296 0.298261 -0.730968 0.61378 -0.348942 -0.7512 0.560302 -0.413986 -0.332402 0.847422 -0.321226 -0.855542 0.406032 -0.708292 -0.0244082 0.705497 -0.44875 0.324965 0.832479 -0.653367 0.459473 0.601662 -0.577022 0.315656 0.753264 -0.59714 0.600823 0.531447 -0.436446 0.829432 0.34865 -0.439587 0.733031 0.519066 -0.265641 0.953938 0.139416 -0.336491 0.910273 0.241201 -0.280521 0.953935 0.106378 0.121739 -0.969882 0.210971 0.215263 -0.915814 0.339039 -0.324976 -0.623803 0.710816 -0.263997 -0.850316 0.455268 -0.152473 -0.156028 0.975914 -0.00449535 0.0158361 0.999865 -0.546108 0.469268 0.69394 -0.499863 0.609707 0.615137 -0.36697 0.835777 0.408423 -0.344627 0.739922 0.577708 -0.284052 0.915062 0.286316 -0.246911 0.953935 0.170418 0.141756 -0.970688 0.194088 0.254736 -0.917403 0.305748 -0.123897 -0.472298 0.872688 -0.199733 -0.845652 0.494955 -0.130016 -0.841665 0.524114 -0.425664 0.478009 0.768321 -0.390628 0.617635 0.682596 -0.288952 0.841439 0.456603 -0.241611 0.745813 0.620795 -0.225166 0.919335 0.322681 -0.224571 0.953935 0.198937 -0.198945 0.953937 0.224554 0.571522 -0.745007 0.343988 0.677042 -0.623588 0.390835 0.520061 -0.739897 0.426718 0.0120961 -0.609068 0.793025 -0.104164 -0.612703 0.783419 0.00402492 -0.314129 0.949372 -0.140152 -0.318636 0.937459 -0.000238562 -0.151269 0.988493 -0.294999 0.485481 0.822973 -0.272124 0.624411 0.732161 -0.204315 0.846279 0.492004 -0.133073 0.750558 0.647267 -0.161284 0.922988 0.3494 -0.170426 0.953938 0.246896 0.288513 -0.919577 0.266719 0.158885 -0.97179 0.174296 0.140373 -0.46564 0.873771 0.00817501 -0.46817 0.883601 0.148338 -0.311367 0.938641 0.15167 0.0188244 0.988252 0.146943 0.185474 0.9716 -0.0216874 0.75404 0.656471 -0.14727 0.629869 0.762612 -0.0191381 0.633874 0.773199 -0.157332 0.491499 0.856549 -0.115141 0.850177 0.513752 -0.0939775 0.92593 0.365816 -0.139429 0.953937 0.265639 -0.106393 0.953937 0.280508 0.722341 -0.63075 0.28351 0.128467 -0.606842 0.784372 0.242082 -0.606077 0.757672 0.0188192 -0.836098 0.548258 0.300911 -0.147353 0.9422 0.152139 -0.148354 0.977162 0.298829 0.186496 0.935906 -0.0160515 0.495915 0.868222 -0.0236282 0.853038 0.521314 0.0898038 0.756173 0.64818 -0.0249054 0.92809 0.371523 -0.0361671 0.953938 0.297815 -0.0717968 0.953939 0.291283 0.172704 -0.973162 0.15208 0.315763 -0.922282 0.222911 0.3922 -0.465586 0.793353 0.26944 -0.464772 0.843439 0.423246 -0.311308 0.850853 0.289235 -0.310419 0.905529 0.449155 0.0188883 0.893254 0.304138 0.0198502 0.952421 0.0679721 0.854791 0.514503 -9.78345e-06 0.953938 0.300003 0.0442327 0.929413 0.366382 0.182872 -0.97477 0.127989 0.335814 -0.925452 0.175405 0.449994 -0.608974 0.653189 0.350145 -0.606794 0.713582 0.505629 -0.468063 0.724746 0.167938 -0.834158 0.525335 0.606935 -0.472141 0.639307 0.44241 -0.148291 0.884468 0.576774 0.182623 0.796229 0.583149 0.0159625 0.812208 0.157404 0.855392 0.493486 0.111733 0.929867 0.350519 0.0717938 0.953939 0.291283 0.0361532 0.953939 0.297815 0.18914 -0.976574 0.102615 0.348173 -0.929009 0.12537 0.657661 -0.318464 0.682688 0.547071 -0.314012 0.775958 0.702822 0.0111446 0.711279 0.573155 -0.151146 0.805387 0.689925 -0.155847 0.706905 0.669619 0.339511 0.660563 0.695989 0.177824 0.695685 0.624451 0.491667 0.606897 0.242465 0.854828 0.458781 0.235257 0.928145 0.288444 0.175935 0.929441 0.324325 0.106375 0.953939 0.280507 0.640966 -0.764993 0.0628388 0.612539 -0.79044 0.000187026 0.663345 -0.748313 0.000580698 0.763556 -0.484664 0.426711 0.61548 -0.617476 0.489804 0.693622 -0.477721 0.53914 0.539171 -0.612564 0.577979 0.302744 -0.836037 0.45759 0.752293 -0.324555 0.573341 0.789845 -0.162278 0.591447 0.805225 0.00455349 0.592951 0.798002 0.171258 0.577809 0.768377 0.333154 0.546448 0.717182 0.485699 0.499746 0.645855 0.624609 0.439016 0.32106 0.853112 0.411243 0.139407 0.95394 0.265639 0.170413 0.95394 0.246897 0.191352 -0.978529 0.0765834 0.352535 -0.932865 0.074037 0.360565 -0.838364 0.408825 0.456272 -0.735792 0.500426 0.828637 -0.332135 0.450608 0.870456 -0.170282 0.461856 0.8803 0.163087 0.445504 0.88784 -0.00364874 0.460138 0.848049 0.325244 0.418364 0.791992 0.478271 0.37948 0.713703 0.617872 0.329943 0.288239 0.926013 0.24376 0.224543 0.953941 0.19894 0.198934 0.95394 0.224554 0.503822 -0.861014 0.0694122 0.503269 -0.864129 0.00129643 0.559155 -0.829062 0.00144743 0.410042 -0.841549 0.351654 0.815016 -0.4928 0.304789 0.884813 -0.341016 0.317512 0.929771 -0.17966 0.321322 0.948629 -0.01326 0.316112 0.986098 -0.0240437 0.164417 0.942809 0.305575 0.133172 0.906675 0.315975 0.279465 0.940858 0.153512 0.302028 0.794398 0.601123 0.087078 0.763627 0.609979 0.211659 0.84704 0.469568 0.249058 0.557413 0.829646 0.0312748 0.246882 0.953942 0.170424 0.348793 -0.936926 0.0226711 0.189454 -0.980588 0.0505349 0.857929 -0.511825 0.0446342 0.846734 -0.501929 0.176376 0.750262 -0.638786 0.170471 0.900616 -0.434615 8.62767e-05 0.927314 -0.374283 5.34071e-05 0.931659 -0.361785 0.033514 0.992848 -0.119382 4.43441e-05 0.99856 -0.0536532 2.41671e-05 0.977973 0.208732 4.0931e-05 0.96208 0.272766 2.17138e-05 0.821811 0.56976 3.18449e-05 0.857592 0.51433 7.50401e-05 0.685528 0.725568 0.060019 0.481737 0.876316 0.000317809 0.280498 0.953941 0.106385 0.265631 0.95394 0.139419 0.445043 -0.895509 -0.000750539 0.760116 -0.647497 0.0545015 0.711232 -0.702957 0.000253632 0.756035 -0.654531 0.000190908 0.632728 -0.757711 0.15978 0.919438 -0.350982 0.17733 0.966331 -0.190182 0.173306 0.979235 -0.201589 0.021453 0.989608 0.143789 4.05124e-05 0.978183 0.14277 0.150913 0.996936 0.0782187 5.82562e-06 0.889642 0.456659 5.995e-05 0.880969 0.459803 0.111693 0.917819 0.396999 2.01502e-05 0.693697 0.720267 0.000147265 0.739685 0.672953 6.83679e-05 0.497432 -0.855366 0.144605 0.941999 0.335614 5.76109e-05 0.592884 0.805288 5.81253e-05 0.422876 0.906187 0.000632469 0.362143 0.932122 0.00116692 0.384678 -0.923042 -0.00400972 0.797552 -0.60325 0.000255243 0.968504 -0.249 4.11028e-06 0.999924 0.0123108 4.94587e-05 0.782449 0.622714 0.000124425 0.644688 0.764446 0.000223777 0.53847 0.842645 0.000430253 0.835589 -0.549355 2.81703e-05 0.869998 -0.493055 0.000138174 0.949977 -0.312319 8.67475e-05 0.982815 -0.184591 5.47531e-05 -0 -0 -1 -0 -0 -1 -0 -0 -1 -0 -0 -1 -0 -0 -1 -0 -0 -1 -0 -0 -1 -0 -0 -1 -0 -0 -1 -0 -0 -1 -0 -0 -1 -0 -0 -1 -0 -0 -1 -0 -0 -1 -0 -0 -1 -0 -0 -1 -0 -0 -1 -0 -0 -1 -0 -0 -1 -0 -0 -1 -0 -0 -1 -0 -0 -1 -0 -0 -1 -0 -0 -1 -0 -0 -1 -0 -0 -1 -0 -0 -1 -0 -0 -1 -0 -0 -1 -0 -0 -1 -0 -0 -1 -0 -0 -1 -0 -0 -1 -0 -0 -1 -0 -0 -1 -0 -0 -1 -0 -0 -1 -0 -0 -1 -0 -0 -1 -0 -0 -1 -0 -0 -1 -0 -0 -1 -0 -0 -1 -0 -0 -1 -0 -0 -1 -0 -0 -1 -0 -0 -1 -0 -0 -1 -0 -0 -1 -0 -0 -1 -0 -0 -1 -0 -0 -1 -0 -0 -1 -0 -0 -1 -0 -0 -1 -0 -0 -1 -0 -0 -1 -0 -0 -1 -0 -0 -1 -0 -0 -1 -0 -0 -1 -0 -0 -1 -0 -0 -1 -0 -0 -1 -0 -0 -1 -0 -0 -1 -0 -0 -1 -0 -0 -1 -0 -0 -1 -0 -0 -1 -0 -0 -1 -0 -0 -1 -0 -0 -1 -0 -0 -1 -0 -0 -1 -0 -0 -1 -0 -0 -1 -0 -0 -1 -0 -0 -1 -0 -0 -1 -0 -0 -1 -0 -0 -1 -0 -0 -1 -0 -0 -1 -0 -0 -1 -0 -0 -1 -0 -0 -1 -0 -0 -1 -0 -0 -1 -0 -0 -1 -0 -0 -1 -0 -0 -1 -0 -0 -1 -0 -0 -1 -0 -0 -1 -0 -0 -1 -0 -0 -1 -0 -0 -1 -0 -0 -1 -0 -0 -1 -0 -0 -1 -0 -0 -1 -0 -0 -1 -0 -0 -1 -0 -0 -1 -0 -0 -1 -0 -0 -1 -0 -0 -1 -0 -0 -1 -0 -0 -1 -0 -0 -1 -0 -0 -1 -0 -0 -1 -0 -0 -1 -0 -0 -1 -0 -0 -1 -0 -0 -1 -0 -0 -1 -0 -0 -1 -0 -0 -1 -0 -0 -1 -0 -0 -1 -0 -0 -1 -0 -0 -1 -0 -0 -1 -0 -0 -1 -0 -0 -1 -0 -0 -1 -0 -0 -1 -0 -0 -1 -0 -0 -1 -0 -0 -1 -0 -0 -1 -0 -0 -1 -0 -0 -1 -0 -0 -1 -0 -0 -1 -0 -0 -1 -0 -0 -1 -0 -0 -1 -0 -0 -1 -0 -0 -1 -0 -0 -1 -0 -0 -1 -0 -0 -1 -0 -0 -1 -0 -0 -1 -0 -0 -1 -0 -0 -1 -0 -0 -1 -0 -0 -1 -0 -0 -1 -0 -0 -1 -0 -0 -1 -0 -0 -1 -0 -0 -1 -0 -0 -1 -0 -0 -1 -0 -0 -1 -0 -0 -1 -0 -0 -1 -0 -0 -1 -0 -0 -1 -0 -0 -1 -0 -0 -1 -0 -0 -1 -0 -0 -1 -0 -0 -1 -0 -0 -1 -0 -0 -1 -0 -0 -1 -0 -0 -1 -0 -0 -1 -0 -0 -1 -0 -0 -1 -0 -0 -1 -8.74228e-08 -1 -0 0.0653361 -0.997863 0 -0.000578252 -1 -0 0.0659265 -0.997824 0 0.130966 -0.991387 0 0.196055 -0.980593 0 0.131566 -0.991307 0 0.196634 -0.980477 0 0.260289 -0.965531 0 0.260845 -0.965381 0 0.323391 -0.946265 0 0.385085 -0.922881 0 0.323922 -0.946084 0 0.385589 -0.92267 0 0.445103 -0.895479 0 0.445579 -0.895243 0 0.503183 -0.86418 0 0.559073 -0.829118 0 0.50363 -0.863919 0 0.559489 -0.828837 0 0.61253 -0.790447 0 0.612915 -0.790149 0 0.66332 -0.748336 0 0.711222 -0.702967 0 0.663673 -0.748023 0 0.711544 -0.702642 0 0.756029 -0.654538 0 0.756319 -0.654203 0 0.797545 -0.60326 0 0.835588 -0.549356 0 0.797803 -0.602919 0 0.835815 -0.549011 0 0.869995 -0.493061 0 0.870191 -0.492714 0 0.900615 -0.434619 0 0.927314 -0.374285 0 0.900781 -0.434273 0 0.927452 -0.373943 0 0.949976 -0.312322 0 0.950087 -0.311986 0 0.968504 -0.249 0 0.968588 -0.248671 0 0.982875 -0.184274 0 0.992885 -0.119076 0 0.982815 -0.184594 0 0.998575 -0.0533594 0 0.992848 -0.119384 0 0.99856 -0.0536541 0 0.999921 0.0125894 0 0.996915 0.0784833 0 0.999924 0.012309 0 0.989572 0.144036 0 0.996936 0.0782184 0 0.989609 0.143787 0 0.977924 0.208962 0 0.96202 0.272978 0 0.977973 0.208731 0 0.941931 0.335807 0 0.962081 0.272765 0 0.942 0.335612 0 0.917743 0.397175 0 0.889562 0.456814 0 0.917819 0.396999 0 0.857511 0.514466 0 0.889643 0.456657 0 0.857594 0.514327 0 0.821728 0.56988 0 0.78237 0.622814 0 0.821812 0.569758 0 0.739608 0.673038 0 0.782453 0.62271 0 0.739688 0.67295 0 0.693628 0.720333 0 0.64463 0.764495 0 0.693702 0.720262 0 0.592827 0.80533 0 0.644698 0.764438 0 0.592887 0.805286 0 0.538445 0.842661 0 0.48172 0.876325 0 0.538494 0.842629 0 0.422898 0.906177 0 0.481758 0.876304 0 0.422925 0.906165 0 0.362237 0.932086 0 0.3 0.953939 0 0.362251 0.932081 0 0.3 0.953939 0 -0.0659267 -0.997824 -0 -0.06649 -0.997787 -0 -0.131566 -0.991307 -0 -0.132113 -0.991235 -0 -0.196634 -0.980477 -0 -0.260845 -0.965381 -0 -0.197161 -0.980371 -0 -0.261351 -0.965244 -0 -0.323922 -0.946084 -0 -0.324405 -0.945918 -0 -0.385589 -0.92267 -0 -0.445579 -0.895243 -0 -0.386049 -0.922478 -0 -0.446012 -0.895027 -0 -0.50363 -0.863919 -0 -0.504036 -0.863682 -0 -0.55949 -0.828837 -0 -0.612915 -0.790149 -0 -0.559868 -0.828582 -0 -0.613265 -0.789877 -0 -0.663673 -0.748023 -0 -0.663995 -0.747737 -0 -0.711544 -0.702642 -0 -0.756319 -0.654203 -0 -0.711837 -0.702345 -0 -0.756583 -0.653898 -0 -0.797802 -0.602919 -0 -0.798038 -0.602607 -0 -0.835815 -0.549011 -0 -0.870191 -0.492714 -0 -0.836022 -0.548696 -0 -0.87037 -0.492398 -0 -0.900781 -0.434273 -0 -0.900933 -0.433958 -0 -0.927577 -0.373631 -0 -0.927452 -0.373943 -0 -0.950188 -0.311679 -0 -0.968665 -0.248371 -0 -0.950087 -0.311986 -0 -0.968588 -0.248671 -0 -0.982929 -0.183983 -0 -0.982875 -0.184275 -0 -0.992885 -0.119076 -0 -0.992919 -0.118796 -0 -0.99859 -0.0530909 -0 -0.998575 -0.0533594 -0 -0.999918 0.0128447 0 -0.999921 0.0125896 0 -0.996915 0.0784834 0 -0.996896 0.0787244 0 -0.98954 0.144262 0 -0.989573 0.144036 0 -0.977879 0.209172 0 -0.977924 0.208961 0 -0.96202 0.272978 0 -0.961965 0.273172 0 -0.941868 0.335984 0 -0.941931 0.335807 0 -0.917674 0.397335 0 -0.917743 0.397175 0 -0.889562 0.456814 0 -0.889489 0.456958 0 -0.857435 0.514593 0 -0.857511 0.514466 0 -0.821651 0.56999 0 -0.821728 0.56988 0 -0.78237 0.622814 0 -0.782295 0.622908 0 -0.739536 0.673117 0 -0.739608 0.673038 0 -0.69356 0.720399 0 -0.693628 0.720333 0 -0.64463 0.764495 0 -0.644568 0.764547 0 -0.592773 0.80537 0 -0.592827 0.80533 0 -0.538399 0.84269 0 -0.538445 0.842661 0 -0.481719 0.876325 0 -0.481684 0.876345 0 -0.422874 0.906189 0 -0.422898 0.906177 0 -0.362225 0.932091 0 -0.362237 0.932086 0 -0.3 0.953939 0 -0.3 0.953939 0 0 1 0 0 1 0 0 1 0 0 1 0 0 1 0 0 1 0 0 1 0 0 1 0 0 1 0 0 1 0 0 1 0 0 1 0 0 1 0 0 1 0 0 1 0 0 1 0 0 1 0 0 1 0 0 1 0 0 1 0 0 1 0 0 1 0 0 1 0 0 1 0 0 1 0 0 1 0 0 1 0 0 1 0 0 1 0</float_array>
          <technique_common>
            <accessor count="1656" source="#ID7" stride="3">
              <param name="X" type="float"/>
              <param name="Y" type="float"/>
              <param name="Z" type="float"/>
            </accessor>
          </technique_common>
        </source>
        <vertices id="ID8">
          <input semantic="POSITION" source="#ID4"/>
          <input semantic="NORMAL" source="#ID6"/>
        </vertices>
        <triangles count="2232" material="ID9">
          <input offset="0" semantic="VERTEX" source="#ID8"/>
          <p>0 1 2 3 4 5 6 7 2 0 2 7 6 8 9 9 7 6 9 8 10 11 12 10 10 8 11 12 13 14 13 12 11 15 16 17 13 15 14 18 19 20 21 22 23 3 5 24 25 26 4 27 28 29 30 31 32 33 34 35 36 33 37 37 28 36 33 36 34 29 31 27 37 29 28 30 32 24 27 31 30 5 4 26 24 32 3 19 18 25 25 18 26 19 21 20 22 16 23 21 23 20 15 17 14 22 17 16 38 39 40 41 42 43 44 45 40 40 39 44 46 45 47 44 47 45 46 48 49 48 46 47 50 51 49 49 48 50 52 51 53 50 53 51 52 54 55 54 52 53 56 57 55 55 54 56 58 57 59 56 59 57 58 60 61 60 58 59 38 62 39 62 63 64 63 62 38 65 66 64 64 63 65 67 66 68 65 68 66 67 69 70 69 67 68 71 72 70 70 69 71 73 72 74 71 74 72 73 75 76 75 73 74 77 42 76 76 75 77 77 43 42 78 79 80 81 82 83 84 85 86 87 88 89 90 91 92 93 94 95 96 97 98 99 100 101 102 103 104 105 104 106 107 102 108 102 107 103 108 109 110 110 107 108 111 112 109 110 109 112 60 111 61 111 60 112 96 105 106 104 103 106 98 97 99 105 96 98 100 92 101 97 100 99 90 95 91 92 91 101 85 94 93 93 95 90 88 84 86 84 94 85 87 89 78 88 86 89 80 79 83 87 78 80 81 41 82 79 81 83 43 82 41 113 114 115 115 114 116 116 117 118 116 118 115 119 117 120 120 117 121 122 120 121 118 117 119 118 119 123 124 125 126 127 128 129 130 127 129 131 128 127 132 130 129 133 132 129 134 135 136 124 126 137 138 139 140 141 142 143 144 145 146 147 141 148 149 150 151 152 153 154 155 154 153 143 151 156 157 158 142 150 149 139 142 159 160 161 162 163 150 139 138 158 149 142 140 164 163 165 166 167 168 169 170 171 131 172 173 174 175 176 177 178 179 180 181 182 183 184 185 186 187 188 189 190 191 192 193 194 195 196 194 196 197 198 199 200 201 202 203 204 205 199 206 198 192 207 208 209 210 211 212 204 213 214 212 207 214 204 214 207 215 216 210 215 217 218 212 215 210 219 215 220 219 216 215 217 221 222 215 223 220 224 225 226 220 223 227 223 228 229 228 225 230 231 232 233 227 223 229 135 233 234 231 233 235 136 135 234 236 204 207 229 228 230 200 237 198 238 239 240 172 131 127 198 237 241 242 243 244 245 246 213 192 198 241 247 193 192 240 248 249 247 192 241 250 191 251 252 253 254 191 255 251 189 195 256 196 195 257 258 259 251 250 260 261 262 250 259 263 264 265 266 267 268 267 269 268 182 268 270 271 272 273 274 275 276 274 277 180 278 279 280 184 278 281 282 283 284 283 285 284 286 172 284 172 127 282 280 287 278 284 172 282 288 289 290 289 291 292 293 294 295 296 297 298 299 290 174 300 301 302 303 304 305 264 261 306 307 266 308 206 199 198 309 208 207 236 207 209 236 310 204 204 310 205 212 309 207 245 249 311 249 248 252 252 196 312 189 257 195 313 186 314 189 188 266 315 308 316 266 268 308 270 183 182 292 317 301 281 278 292 286 265 318 319 296 320 292 291 317 290 289 321 319 317 322 294 174 323 324 322 291 299 178 325 293 275 177 276 295 271 181 264 263 264 181 273 264 306 326 260 250 327 251 259 250 262 327 250 251 255 258 328 263 286 263 328 179 284 328 286 329 171 172 284 285 328 325 324 288 172 286 329 286 263 265 318 329 286 328 285 179 289 292 278 330 331 265 331 318 265 181 263 179 330 265 264 179 285 180 306 332 326 330 264 326 180 277 181 261 264 273 260 306 261 332 306 260 285 274 180 333 334 297 271 295 335 277 273 181 276 277 274 336 337 338 271 273 277 250 261 339 272 339 261 191 339 338 250 339 191 255 191 193 285 275 274 340 302 298 272 271 335 276 271 277 293 276 275 341 342 343 339 272 341 273 272 261 335 341 272 341 336 338 341 338 339 344 338 345 191 338 344 346 347 345 191 344 192 206 204 199 285 177 275 333 348 349 335 295 350 293 295 276 176 294 293 351 335 350 295 294 350 342 335 351 342 341 335 336 341 343 337 352 338 338 352 345 347 346 353 192 344 206 344 345 347 242 347 243 206 344 242 240 245 242 206 213 204 246 354 214 309 212 211 285 178 177 340 334 355 323 356 294 177 176 293 299 174 176 350 356 357 356 350 294 351 350 357 243 347 353 344 347 242 240 244 238 206 242 213 244 240 242 248 358 359 242 245 213 212 354 217 214 213 246 360 234 361 354 212 214 233 232 218 217 215 212 228 232 226 223 218 232 225 228 226 285 325 178 348 167 362 176 174 294 178 299 176 288 290 299 323 174 173 363 248 239 248 363 358 248 240 239 246 311 364 240 249 245 354 364 221 246 245 311 365 366 364 354 246 364 222 218 217 223 232 228 215 218 223 222 233 218 226 232 231 285 324 325 367 368 355 290 175 174 325 288 299 291 289 288 321 175 290 196 359 197 254 369 365 359 196 248 254 311 249 254 249 252 365 364 311 365 311 254 366 221 364 222 221 203 354 221 217 366 203 221 234 233 222 203 234 222 135 235 233 285 322 324 166 370 367 371 321 289 324 291 288 317 291 322 287 371 289 185 312 186 252 248 196 312 196 257 369 372 373 253 252 312 374 369 375 253 369 254 366 365 369 366 369 374 201 366 376 201 203 366 361 203 202 361 234 203 234 360 136 285 319 322 362 166 367 292 301 281 278 287 289 320 317 319 377 182 281 281 182 184 279 278 184 270 268 269 267 266 188 304 257 189 256 190 189 266 304 189 186 312 257 304 186 257 372 253 378 372 369 253 375 369 373 374 379 366 366 379 376 285 296 319 169 165 380 377 300 381 320 301 317 320 296 298 382 302 340 301 320 302 383 381 384 300 377 281 383 268 182 383 182 377 307 308 385 383 308 268 304 266 307 314 304 303 314 186 304 187 186 313 378 253 185 312 185 253 285 297 296 166 169 386 300 302 382 298 302 320 334 298 297 381 387 388 381 389 384 301 300 281 382 381 300 383 377 381 316 383 390 316 308 383 385 308 315 307 305 304 285 333 297 391 170 380 382 340 392 334 340 298 349 355 334 393 382 392 340 355 392 387 382 393 387 381 382 389 381 388 383 384 390 285 348 333 162 391 394 368 395 355 333 349 334 362 367 349 392 395 396 395 392 355 393 392 396 285 167 348 397 170 162 349 367 355 348 362 349 368 367 398 285 165 167 394 399 163 166 386 370 167 166 362 367 370 398 285 380 165 138 140 399 386 169 168 165 169 166 380 285 391 139 400 140 168 170 397 380 170 169 391 285 394 401 148 156 397 162 161 391 162 170 394 285 399 144 402 401 161 163 164 394 163 162 399 285 138 402 152 147 164 140 400 399 140 163 138 285 150 145 403 404 405 406 139 139 406 400 150 285 151 146 153 152 158 405 149 139 149 405 149 143 142 157 405 158 151 285 156 407 403 125 142 160 157 151 143 149 143 148 141 159 142 408 156 285 401 404 407 153 141 408 142 156 148 143 148 402 147 409 408 141 401 285 144 407 410 411 147 409 141 401 402 148 402 146 152 412 409 147 144 285 145 407 125 124 152 412 147 144 146 402 404 153 146 154 412 152 145 285 403 126 413 137 414 415 153 145 404 146 153 415 155 403 285 125 407 414 153 403 407 404 411 414 407 125 285 126 137 413 416 417 410 124 407 124 410 126 285 413 132 418 416 419 417 137 124 137 417 413 285 416 285 283 130 418 419 416 416 419 137 285 132 416 130 282 127 133 418 132 285 130 132 283 282 130 128 133 129 420 421 422 423 424 425 423 425 426 427 423 426 421 428 422 426 421 427 429 422 428 427 421 420 427 420 430 431 432 433 434 435 436 437 438 439 440 441 442 443 444 445 446 447 448 449 450 448 451 452 453 447 454 455 456 457 458 459 460 461 462 463 464 465 466 467 468 469 470 471 468 472 473 474 475 476 475 477 478 479 480 480 474 481 479 482 483 483 480 479 484 485 482 483 482 485 486 484 487 484 486 485 463 488 489 469 490 491 465 492 466 480 481 493 480 493 478 474 480 475 476 473 475 471 477 475 468 470 494 472 495 471 495 477 471 494 472 468 469 491 470 490 496 491 497 489 488 489 497 490 490 497 496 489 464 463 464 492 462 498 435 434 492 465 499 492 499 462 466 500 467 457 501 500 500 501 467 458 461 456 458 457 500 453 460 459 459 461 458 455 451 453 452 460 453 502 454 447 454 451 455 503 446 448 446 502 447 504 450 449 450 503 448 441 440 504 504 449 441 442 441 445 443 445 435 442 445 444 443 435 498 436 437 505 435 437 436 506 437 507 506 505 437 508 439 438 439 507 437 432 431 508 438 432 508 433 509 431 510 511 512 513 514 515 516 517 518 519 520 521 522 523 524 525 526 527 528 529 530 531 532 533 526 534 535 536 537 538 539 540 541 542 543 544 545 546 547 548 549 550 551 552 553 554 548 555 556 557 558 559 558 560 561 562 563 563 557 564 562 565 566 566 563 562 567 568 565 566 565 568 569 567 570 567 569 568 543 571 572 545 573 546 563 564 574 563 574 561 557 563 558 559 556 558 554 560 558 548 550 575 555 576 554 576 560 554 575 555 548 549 577 550 572 571 552 553 577 551 551 577 549 572 552 551 572 544 543 544 573 542 578 514 513 573 545 579 573 579 542 546 580 547 537 581 580 580 581 547 538 541 536 538 537 580 533 540 539 539 541 538 535 531 533 532 540 533 582 534 526 534 531 535 583 525 527 525 582 526 527 530 529 529 583 527 519 528 530 521 520 524 519 530 520 578 522 524 521 524 523 578 524 514 584 514 516 515 514 584 585 516 586 585 584 516 587 516 518 587 586 516 517 588 518 511 510 588 517 511 588 512 589 510 590 591 592 593 594 595 590 596 591 597 598 599 600 601 602 602 603 597 596 604 591 592 605 606 607 608 600 609 604 610 604 611 612 601 605 592 613 608 595 614 615 616 617 618 608 619 612 597 612 620 597 621 622 623 624 614 618 611 625 626 618 614 608 626 627 628 629 612 628 630 631 632 633 634 635 636 637 638 639 640 636 633 641 630 630 642 631 643 642 644 641 639 636 645 644 642 642 643 646 647 648 649 650 644 645 651 648 652 653 654 655 656 657 658 659 660 661 662 663 664 663 665 666 667 658 668 669 670 671 672 673 674 617 613 675 674 673 668 674 676 677 678 679 677 676 680 681 682 678 683 676 684 680 672 674 677 685 682 683 683 678 677 686 687 688 689 687 690 691 692 693 694 695 696 697 696 698 680 699 700 697 701 702 699 680 684 703 704 701 705 706 699 707 708 709 710 704 711 712 713 714 715 716 714 717 718 719 720 721 722 723 713 722 724 725 713 722 726 727 728 727 726 729 715 730 728 726 731 732 715 729 733 734 715 735 734 733 734 594 716 736 737 734 738 739 740 741 704 710 742 613 738 668 743 667 744 626 745 746 684 674 738 737 739 738 740 742 737 738 734 736 734 735 715 732 733 713 730 715 713 725 730 723 722 721 713 723 724 727 720 722 747 748 702 726 707 731 726 722 747 707 709 731 749 741 710 726 741 707 668 673 743 750 751 752 702 701 741 701 704 741 698 671 701 753 754 697 698 696 755 756 694 754 756 757 694 757 758 694 759 692 756 668 760 746 659 761 651 657 668 658 762 657 656 763 657 762 763 645 657 763 650 645 764 648 765 765 647 638 766 767 768 646 631 642 769 768 770 634 630 632 633 630 634 627 641 633 771 633 635 772 773 774 633 775 776 773 772 777 633 776 628 778 779 780 744 779 626 781 655 782 612 611 628 654 653 783 738 595 594 742 675 613 613 617 608 784 785 786 738 613 595 787 784 788 734 738 594 716 789 714 716 715 734 717 789 787 714 713 715 722 712 747 712 722 713 726 747 741 749 707 741 708 707 749 790 791 623 624 615 614 614 616 601 602 792 600 608 614 600 622 785 623 593 595 607 793 716 594 793 594 593 785 787 793 793 789 716 717 794 795 796 714 789 797 798 799 796 712 714 752 719 799 747 712 748 747 702 741 703 800 704 711 704 800 616 605 601 590 592 606 599 801 792 601 600 614 603 602 601 792 607 600 623 593 607 608 607 595 623 607 792 793 593 785 623 785 593 784 787 785 793 787 789 787 802 717 717 796 789 712 796 748 717 719 796 803 752 799 796 719 748 701 804 703 702 748 753 697 698 701 670 804 671 804 701 671 603 592 591 604 596 610 805 598 597 592 603 601 619 597 603 599 792 602 597 599 602 790 792 801 790 623 792 621 623 791 622 806 785 786 785 806 788 802 787 802 794 717 795 718 717 718 797 719 719 797 799 748 719 753 807 756 808 702 753 697 719 752 753 671 698 669 697 754 696 755 669 698 604 619 591 609 625 611 597 620 809 591 619 603 805 597 809 598 810 599 801 599 810 798 803 799 803 750 752 808 752 751 753 752 754 696 811 755 756 754 752 695 811 696 609 611 604 626 625 745 812 612 629 604 612 619 812 620 612 756 807 759 756 752 808 692 759 693 757 756 692 695 694 758 754 694 696 626 628 611 779 744 780 629 628 813 628 627 633 776 813 628 691 685 683 692 686 757 692 691 683 814 815 757 816 686 692 758 757 815 779 627 626 817 778 780 655 818 653 633 771 775 819 627 779 820 781 777 632 821 634 635 634 821 679 672 677 683 676 681 686 816 687 692 683 816 677 676 683 686 814 757 816 681 687 688 814 686 778 819 779 817 783 778 782 822 781 819 641 627 778 818 819 640 820 770 819 639 641 630 636 638 630 641 636 647 642 638 642 630 638 649 645 647 645 642 647 657 649 760 645 649 657 663 823 665 668 657 760 746 761 666 746 674 668 687 681 690 687 689 824 683 681 816 680 690 681 688 687 824 778 653 818 783 653 778 781 822 825 819 818 639 818 655 781 826 770 772 818 820 639 640 768 637 636 640 637 637 767 765 765 638 637 827 828 652 647 765 648 651 760 649 649 648 651 761 746 760 760 651 761 666 684 746 829 700 699 674 684 676 699 684 666 690 700 830 700 690 680 689 690 830 777 781 825 818 781 820 777 772 820 639 820 640 772 770 820 768 769 831 770 768 640 832 767 766 768 767 637 833 764 834 767 764 765 835 652 828 764 652 648 659 652 660 659 651 652 663 666 761 663 761 659 699 665 705 699 666 665 829 699 706 774 826 772 826 836 770 836 837 770 769 770 837 831 838 768 766 768 838 832 839 767 834 767 839 834 764 767 827 764 833 652 764 827 660 652 835 661 840 659 664 659 840 664 663 659 823 663 662 841 842 843 844 845 846 847 848 849 850 851 852 853 854 855 856 857 858 859 860 861 862 841 863 864 865 851 866 867 868 869 870 871 872 870 873 874 875 876 866 877 878 866 879 880 881 882 883 878 877 883 884 885 886 887 888 889 890 884 891 892 893 894 895 896 897 898 899 896 899 900 896 901 902 903 896 895 898 904 905 906 899 907 904 908 905 909 910 905 890 908 911 890 906 901 900 885 912 913 888 911 914 915 881 916 915 913 917 882 918 919 917 918 881 920 921 879 922 916 883 923 924 925 871 872 926 867 880 872 927 869 928 929 842 850 865 930 851 850 842 841 864 931 932 931 864 851 857 856 931 933 931 856 859 861 934 858 857 860 935 934 861 935 861 936 937 938 936 860 857 861 935 936 939 937 940 941 937 941 942 940 937 936 932 931 933 943 941 944 852 929 850 945 946 947 948 949 950 863 841 951 862 952 953 863 952 862 953 954 950 949 953 950 955 950 954 950 955 956 956 948 950 957 948 956 958 948 957 928 959 960 958 961 962 962 948 958 963 964 962 965 966 967 959 962 964 963 962 961 968 959 969 967 970 971 959 968 972 973 974 975 976 972 968 977 978 979 976 980 972 981 974 982 980 983 972 982 984 985 986 987 984 988 972 983 988 989 971 989 988 990 991 990 992 993 994 995 996 986 997 990 991 989 989 998 999 991 998 989 1000 1001 997 1002 1003 1004 1005 847 849 947 1005 945 1005 849 945 946 989 999 982 946 945 1000 1006 1007 983 990 988 992 990 983 946 971 989 1006 1008 1009 1010 965 973 964 969 959 971 970 988 1011 1012 1013 970 1014 988 927 1013 870 1014 972 988 928 1015 962 972 960 959 949 948 1015 962 959 928 1016 1017 1018 1015 948 962 843 951 841 953 949 862 946 967 971 1019 1020 1021 1011 927 960 960 972 1014 966 970 967 1022 1015 869 1023 970 966 1022 1024 949 1014 970 1023 1024 1025 862 960 1014 1011 869 927 870 927 928 960 1016 850 841 928 869 1015 852 851 930 1022 949 1015 1018 851 850 1024 862 949 931 851 1026 841 1025 1016 1016 1027 1017 850 1016 1018 1028 1029 857 1026 851 1018 1029 940 861 1028 857 931 939 936 938 861 857 1029 1029 1028 1030 946 965 967 1031 1032 1008 1033 1012 977 1011 1014 1023 965 1010 966 873 1013 1033 966 1010 1034 1035 1022 871 1023 966 1034 1035 1036 1024 1012 1011 1023 873 870 1013 1011 1013 927 1016 1025 1027 1037 1038 1039 1025 841 862 869 871 1022 1018 1040 1026 1024 1022 1035 876 1041 1027 1027 1025 1036 1037 1030 1028 1042 1029 1030 1026 1028 931 1017 1040 1018 940 1043 941 1028 1026 1037 1044 941 1043 941 943 942 861 940 936 940 1042 1043 944 941 1044 946 973 965 1045 1046 1031 1047 1048 979 1012 1023 1034 973 975 1010 1049 1033 979 1050 1010 975 867 873 1049 1050 1034 1010 874 1035 926 1034 977 1012 873 1033 1049 1033 1013 1012 1027 1036 876 1027 1041 1017 1036 1025 1024 871 870 872 1040 1017 1051 1035 871 926 876 875 1052 876 1036 874 1053 1030 1039 1054 1039 1038 1040 1037 1026 1041 1051 1017 1043 1042 1055 1040 1038 1037 1030 1037 1039 1055 1056 1043 1029 1042 940 1053 1055 1042 1044 1043 1056 946 974 973 1057 1058 1059 1047 978 1060 977 1034 1050 981 975 974 923 1061 1048 1062 975 981 1061 877 868 975 1062 1050 880 1063 926 977 1050 978 1048 1049 979 977 979 1033 920 1064 921 876 1052 1041 874 1036 1035 872 873 867 1041 1065 1051 926 872 880 875 921 1066 1063 875 874 1067 1054 1038 1068 1039 1054 1051 1038 1040 1041 1052 1065 1067 1069 1054 1038 1051 1067 1070 1055 1071 1072 1056 1055 1030 1053 1042 1053 1068 1071 1070 1072 1055 946 982 974 1045 1073 1074 993 924 1075 978 1050 1062 982 985 981 923 1047 1075 1076 981 985 1049 1048 868 1062 981 1076 916 1077 1078 1062 1060 978 1048 1047 923 978 1047 979 875 1063 921 1052 875 1066 1063 874 926 868 867 1049 1065 1052 1079 880 867 866 1069 1067 1080 921 1063 879 1081 1054 1069 1082 1069 1080 1065 1067 1051 1066 1079 1052 1083 1071 1068 1067 1065 1080 1084 1071 1083 1053 1071 1055 1039 1068 1053 1068 1081 1083 1070 1071 1084 982 945 984 1073 1085 1086 1060 994 1075 1060 1062 1076 984 987 985 924 993 1087 987 1088 985 1003 1089 1004 1088 1076 985 1061 923 925 1060 1076 994 922 877 1061 1075 1047 1060 881 918 882 921 1064 1066 879 1063 880 1061 868 1048 1079 1066 1090 866 868 877 920 882 919 878 920 879 1091 1082 1080 1082 1092 1069 1079 1080 1065 1066 1064 1090 1091 1093 1082 1080 1079 1091 1081 1094 1083 1083 1095 1084 1054 1081 1068 1081 1092 1094 1096 1095 1083 984 945 986 1097 1098 1099 1100 1101 1003 994 1076 1088 987 986 996 993 995 1101 996 1089 987 1102 1103 1087 1089 1088 987 1104 1077 1103 995 994 1088 922 925 1077 1075 994 993 920 878 882 1064 920 919 878 879 866 925 922 1061 1090 1064 1105 877 922 883 1093 1091 1106 882 878 883 1107 1082 1093 1108 1093 1106 1090 1091 1079 919 1105 1064 1109 1094 1092 1091 1090 1106 1110 1094 1109 1094 1096 1083 1069 1092 1081 1092 1107 1109 1110 1096 1094 986 945 997 1111 1085 1112 1003 995 1089 995 1088 1089 996 997 1001 1113 1114 1100 1001 1004 996 1115 1102 1114 925 924 1103 924 923 1075 1003 1101 995 1078 1104 1116 1087 993 1101 915 1078 1117 924 1087 1103 1118 1119 1120 1103 1077 925 1105 919 1121 916 922 1077 915 917 881 916 881 883 1119 1108 1106 1108 1122 1093 1105 1106 1090 919 918 1121 1119 1118 1108 1106 1105 1119 1107 1123 1109 1109 1124 1110 1082 1107 1092 1107 1122 1123 1125 1124 1109 997 945 1000 853 1126 1097 1127 1019 1128 1004 1089 996 1007 1001 1000 1100 1002 1127 1007 1129 1001 1087 1101 1114 1129 1002 1004 1130 1131 1115 1002 1100 1003 1104 1102 1131 1100 1114 1101 1132 1117 1116 1102 1087 1114 886 913 1117 1102 1104 1103 1121 918 1133 1104 1078 1077 915 1117 913 916 1078 915 1134 1108 1118 1135 1118 1120 1121 1119 1105 917 1133 918 1136 1123 1122 1119 1121 1120 1137 1138 1123 1123 1125 1109 1093 1122 1107 1122 1134 1136 1138 1125 1123 1000 945 1006 1112 1139 1140 1002 1129 1019 1129 1004 1001 1007 1006 1009 1141 1142 1128 1007 1009 1020 1142 1143 1144 1129 1020 1019 1115 1113 1144 1019 1127 1002 1130 1145 1146 1100 1127 1113 1116 1131 1146 1113 1115 1114 1132 894 886 1115 1131 1102 917 912 1133 1116 1104 1131 1117 1132 886 1078 1116 1117 887 1135 1120 1135 1147 1118 1133 1120 1121 913 912 917 887 889 1135 1120 1133 887 1148 1136 1149 1123 1136 1137 1108 1134 1122 1134 1147 1149 1148 1137 1136 1006 945 1008 1150 1151 1139 1059 1152 1153 1020 1129 1007 1032 1009 1008 1153 1154 1141 1009 1032 1155 1142 1113 1127 1020 1155 1021 1156 1154 1152 1019 1021 1128 1130 1144 1157 1127 1128 1142 1158 1145 1159 1113 1142 1144 892 1132 1146 1144 1130 1115 891 894 893 1130 1146 1131 894 1132 892 1146 1132 1116 1160 1135 889 889 888 914 912 887 1133 886 885 913 1161 1149 1147 912 888 887 1162 1163 1149 1134 1149 1136 1118 1147 1134 1147 1160 1161 1148 1149 1163 1008 945 1031 1150 1164 1165 1059 1021 1155 1155 1020 1009 1046 1032 1031 1153 1128 1021 1057 1032 1046 1166 1154 1156 1059 1155 1057 1167 1143 1141 1021 1059 1153 1168 1169 1170 1128 1153 1141 1157 1169 1159 1142 1141 1143 1171 1158 1172 1144 1143 1157 892 1158 893 1130 1157 1145 1173 910 891 1145 892 1146 1174 1175 1176 1174 889 914 885 888 912 884 886 894 1176 1161 1160 888 885 911 1177 1161 1176 1149 1161 1162 1135 1160 1147 1160 1174 1176 1177 1162 1161 1031 945 1045 1178 1179 1180 1181 1182 1098 1057 1155 1032 1074 1046 1045 1182 1183 1184 1185 1046 1074 1183 1186 1156 1058 1057 1185 1186 1187 1166 1152 1059 1058 1187 1188 1170 1153 1152 1154 1188 1189 1168 1167 1141 1154 1189 1190 1172 1157 1143 1169 1190 1191 1171 1159 1145 1157 1191 1192 1173 892 1145 1158 906 910 1192 908 1193 914 884 911 885 894 891 884 890 905 908 884 890 911 914 911 908 1176 1194 1177 889 1174 1160 1174 1193 1175 1195 1194 1176 1045 945 1073 1196 1197 1164 1185 1198 1199 1185 1057 1046 1086 1074 1073 1058 1199 1184 1198 1185 1074 1152 1184 1156 1199 1058 1185 1200 1201 1186 1184 1152 1058 1167 1166 1170 1202 1188 1203 1167 1169 1143 1167 1154 1166 1168 1172 1159 1170 1169 1167 1204 1205 1190 1168 1159 1169 1171 1173 893 1172 1158 1159 1192 1206 901 893 1158 1171 906 905 910 891 893 1173 1207 1175 1193 910 890 891 1208 1209 1175 1175 1195 1176 914 1193 1174 1193 909 1207 1209 1195 1175 1073 945 1085 1210 1211 1212 1213 1099 1198 1086 1198 1074 1085 1111 1086 1099 1182 1199 1086 1213 1198 1181 1214 1215 1198 1099 1199 1200 1215 1216 1182 1184 1199 1217 1216 1218 1184 1183 1156 1217 1203 1201 1186 1166 1156 1219 1220 1221 1166 1187 1170 1220 1204 1202 1188 1168 1170 1222 1223 1224 1168 1189 1172 1223 1206 1205 1172 1190 1171 1225 903 902 1191 1173 1171 901 906 1192 1173 1192 910 1226 1207 907 1175 1207 1208 908 909 1193 909 904 907 1226 1208 1207 1085 945 1112 1227 1196 1228 1213 854 1097 1111 1213 1086 1111 1112 1140 1229 1230 1231 1213 1111 854 1232 1233 1234 1213 1097 1099 1183 1181 1200 1099 1098 1182 1235 1236 1218 1182 1181 1183 1187 1201 1203 1183 1200 1186 1219 1237 1238 1186 1201 1187 1189 1202 1204 1187 1203 1188 1239 1222 1240 1188 1202 1189 1191 1205 1206 1189 1204 1190 1223 1241 902 1190 1205 1191 903 1225 1242 1206 1192 1191 1243 1244 907 909 907 1207 905 904 909 900 899 904 1226 907 1244 1112 945 1139 1197 1227 1245 1246 1247 1248 1140 854 1111 1140 1139 1151 1249 1246 1231 1140 855 854 1098 1126 1214 1097 854 853 1250 1230 1234 1098 1097 1126 1251 1250 1252 1098 1214 1181 1250 1251 1215 1200 1181 1215 1253 1254 1255 1201 1216 1217 1221 1202 1203 1221 1203 1217 1256 1257 1258 1220 1202 1221 1224 1205 1204 1224 1204 1220 1259 1241 1260 1223 1205 1224 902 901 1206 1206 1223 902 903 900 901 899 1243 907 906 900 904 903 896 900 898 1243 899 1139 945 1150 846 1227 1228 1261 855 1151 1151 855 1140 1261 1151 1165 1249 853 855 1249 855 1261 1231 1126 853 1231 853 1249 1230 1214 1126 1230 1126 1231 1250 1215 1214 1250 1214 1230 1251 1216 1215 1200 1216 1201 1218 1216 1251 1221 1217 1254 1218 1254 1217 1262 1219 1238 1219 1221 1254 1224 1220 1257 1219 1257 1220 1222 1257 1240 1257 1222 1224 1222 1260 1241 1222 1241 1223 1263 1225 1241 1241 1225 902 1264 903 1242 1264 896 903 897 896 1265 1150 945 1164 846 1266 1227 1261 1165 1210 1150 1165 1151 1197 1210 1165 1249 1261 1178 1210 1178 1261 1178 1247 1246 1178 1246 1249 1229 1246 1267 1231 1246 1229 1232 1234 1229 1229 1234 1230 1250 1234 1268 1252 1250 1268 1251 1252 1235 1218 1251 1235 1255 1218 1269 1255 1254 1218 1237 1254 1253 1219 1254 1237 1258 1219 1262 1258 1257 1219 1240 1257 1256 1239 1270 1222 1260 1222 1270 1259 1271 1241 1263 1241 1271 1263 1272 1225 1242 1225 1272 1264 1265 896 1164 945 1196 846 1228 844 1210 1245 1211 1164 1197 1165 1210 1197 1245 1179 1210 1212 1179 1178 1210 1247 1178 1180 1248 1267 1246 1229 1267 1273 1273 1274 1229 1232 1229 1274 1233 1275 1234 1268 1234 1275 1268 1276 1252 1235 1252 1276 1269 1218 1236 1196 945 1228 848 844 945 1245 1227 1266 1196 1227 1197 1228 945 844 845 844 848 849 848 945 1277 1278 1279 1280 1281 1282 1283 1284 1285 1286 1287 1288 1289 1290 1291 1292 1290 1293 1294 1295 1296 1297 1298 1299 1300 1301 1302 1303 1304 1305 1299 1306 1307 1308 1309 1310 1303 1311 1281 1312 1313 1314 1315 1316 1317 1318 1319 1320 1321 1322 1323 1324 1325 1326 1325 1327 1328 1329 1330 1331 1332 1333 1334 1329 1326 1330 1335 1334 1336 1337 1335 1338 1339 1332 1331 1337 1340 1341 1328 1342 1343 1344 1345 1341 1346 1345 1347 1348 1349 1322 1346 1350 1348 1319 1313 1351 1318 1352 1343 1321 1353 1354 1355 1314 1317 1353 1356 1357 1358 1308 1310 1359 1356 1358 1360 1309 1361 1315 1280 1362 1363 1364 1365 1360 1366 1363 1367 1306 1365 1368 1304 1369 1370 1301 1371 1370 1371 1369 1300 1372 1373 1297 1299 1307 1374 1375 1372 1298 1297 1296 1289 1376 1374 1296 1295 1298 1377 1294 1378 1294 1377 1295 1379 1380 1381 1382 1383 1293 1384 1283 1277 1287 1385 1386 1387 1278 1388 1389 1390 1391 1392 1393 1394 1395 1389 1396 1397 1398 1399 1388 1399 1400 1401 1402 1403 1404 1405 1406 1407 1398 1397 1408 1409 1410 1407 1411 1412 1413 1414 1410 1415 1416 1412 1417 1416 1418 1414 1419 1420 1420 1421 1422 1423 1424 1417 1425 1426 1422 1427 1423 1428 1429 1430 1428 1426 1431 1432 1433 1434 1435 1436 1434 1431 1437 1438 1434 1439 1434 1433 1438 1440 1441 1442 1429 1443 1285 1444 1382 1377 1378 1381 1401 1408 1402 1306 1367 1307 1365 1364 1367 1363 1366 1364 1360 1361 1366 1309 1308 1361 1310 1359 1358 1359 1357 1356 1357 1354 1353 1321 1323 1353 1322 1349 1323 1348 1350 1349 1346 1347 1350 1345 1344 1347 1341 1340 1344 1337 1338 1340 1335 1336 1338 1334 1333 1336 1332 1339 1333 1331 1330 1339 1329 1324 1326 1324 1327 1325 1327 1342 1328 1343 1352 1328 1318 1320 1352 1319 1351 1320 1313 1312 1351 1314 1355 1312 1317 1316 1355 1315 1362 1316 1280 1282 1362 1281 1311 1282 1303 1305 1311 1304 1368 1305 1369 1371 1368 1370 1302 1301 1300 1373 1301 1372 1375 1373 1374 1376 1375 1289 1291 1376 1290 1292 1291 1293 1383 1292 1382 1444 1383 1285 1284 1444 1283 1384 1284 1277 1279 1384 1278 1387 1279 1388 1400 1387 1399 1398 1400 1397 1411 1407 1411 1415 1412 1415 1418 1416 1417 1424 1416 1423 1427 1424 1428 1430 1427 1429 1442 1430 1445 1443 1446 1443 1445 1442 1446 1447 1448 1448 1445 1446 1438 1449 1447 1448 1447 1449 1450 1451 1438 1438 1451 1449 1438 1441 1450 1440 1438 1437 1437 1434 1439 1434 1436 1435 1434 1432 1431 1426 1425 1431 1422 1421 1425 1420 1419 1421 1414 1413 1419 1410 1409 1413 1408 1401 1409 1402 1406 1403 1404 1393 1405 1406 1405 1403 1395 1392 1394 1394 1393 1404 1391 1396 1389 1396 1392 1395 1288 1391 1390 1287 1286 1452 1288 1390 1286 1385 1380 1386 1452 1385 1287 1381 1378 1379 1380 1379 1386 1453 1454 1455 1454 1456 1457 1456 1454 1453 1458 1457 1459 1456 1459 1457 1460 1461 1458 1458 1459 1460 1461 1462 1463 1462 1461 1460 1464 1463 1465 1462 1465 1463 1466 1467 1464 1464 1465 1466 1467 1468 1469 1468 1467 1466 1470 1469 1471 1468 1471 1469 1472 1473 1470 1470 1471 1472 1473 1474 1475 1474 1473 1472 1476 1475 1477 1474 1477 1475 1478 1479 1476 1476 1477 1478 1479 1480 1481 1480 1479 1478 1482 1481 1483 1480 1483 1481 1484 1485 1482 1482 1483 1484 1485 1486 1487 1486 1485 1484 1488 1487 1489 1486 1489 1487 1490 1491 1488 1488 1489 1490 1491 1492 1493 1492 1491 1490 1493 1494 1495 1492 1494 1493 1496 1497 1495 1493 1495 1497 1496 1498 1499 1499 1497 1496 1500 1498 1501 1498 1500 1499 1502 1503 1501 1500 1501 1503 1502 1504 1505 1505 1503 1502 1506 1504 1507 1504 1506 1505 1508 1509 1507 1506 1507 1509 1508 1510 1511 1511 1509 1508 1512 1510 1513 1510 1512 1511 1514 1515 1513 1512 1513 1515 1514 1516 1517 1517 1515 1514 1518 1516 1519 1516 1518 1517 1520 1521 1519 1518 1519 1521 1520 1522 1523 1523 1521 1520 1524 1522 1525 1522 1524 1523 1526 1527 1525 1524 1525 1527 1526 1528 1529 1529 1527 1526 1530 1528 1531 1528 1530 1529 1532 1533 1531 1530 1531 1533 1532 1534 1535 1535 1533 1532 1536 1534 1537 1534 1536 1535 1538 1539 1537 1536 1537 1539 1540 1539 1538 1455 1541 1453 1542 1543 1541 1541 1455 1542 1543 1544 1545 1544 1543 1542 1546 1545 1547 1544 1547 1545 1548 1549 1546 1546 1547 1548 1549 1550 1551 1550 1549 1548 1552 1551 1553 1550 1553 1551 1554 1555 1552 1552 1553 1554 1555 1556 1557 1556 1555 1554 1558 1557 1559 1556 1559 1557 1560 1561 1558 1558 1559 1560 1561 1562 1563 1562 1561 1560 1564 1563 1565 1562 1565 1563 1566 1567 1564 1564 1565 1566 1567 1568 1569 1568 1567 1566 1570 1569 1571 1568 1571 1569 1572 1573 1570 1570 1571 1572 1574 1575 1573 1574 1573 1572 1576 1575 1577 1575 1576 1573 1578 1579 1577 1576 1577 1579 1580 1579 1578 1580 1581 1582 1581 1580 1578 1583 1582 1584 1581 1584 1582 1585 1586 1583 1583 1584 1585 1586 1587 1588 1587 1586 1585 1589 1588 1590 1587 1590 1588 1591 1592 1589 1589 1590 1591 1592 1593 1594 1593 1592 1591 1595 1594 1596 1593 1596 1594 1597 1598 1595 1595 1596 1597 1598 1599 1600 1599 1598 1597 1601 1600 1602 1599 1602 1600 1603 1604 1601 1601 1602 1603 1604 1605 1606 1605 1604 1603 1607 1606 1608 1605 1608 1606 1609 1610 1607 1607 1608 1609 1610 1611 1612 1611 1610 1609 1613 1612 1614 1611 1614 1612 1615 1616 1613 1613 1614 1615 1616 1617 1618 1617 1616 1615 1619 1618 1620 1617 1620 1618 1621 1622 1619 1619 1620 1621 1622 1623 1624 1623 1622 1621 1623 1625 1624 1624 1625 1626 1627 1628 1629 1627 1630 1631 1632 1627 1633 1632 1628 1627 1634 1627 1635 1634 1633 1627 1635 1627 1636 1627 1637 1638 1636 1627 1638 1627 1639 1640 1637 1627 1640 1627 1641 1642 1639 1627 1642 1643 1644 1645 1644 1646 1647 1648 1649 1644 1650 1644 1651 1652 1644 1649 1653 1648 1644 1650 1654 1644 1644 1652 1651 1645 1644 1654 1644 1655 1646 1644 1643 1655 1641 1644 1647 1641 1627 1644 1627 1631 1644</p>
        </triangles>
      </mesh>
    </geometry>
  </library_geometries>

  <library_visual_scenes>
    <visual_scene id="ID1">
      <node id="ID2">
        <instance_geometry url="#ID3">
          <bind_material>
            <technique_common>
              <instance_material symbol="ID9" target="#ID9"/>
            </technique_common>
          </bind_material>
        </instance_geometry>
      </node>
    </visual_scene>
  </library_visual_scenes>

  <scene>
    <instance_visual_scene url="#ID1"/>
  </scene>

  <library_nodes/>

</COLLADA>
