<?xml version="1.0" encoding="UTF-8" standalone="no" ?>
<COLLADA version="1.4.1" xmlns="http://www.collada.org/2005/11/COLLADASchema">

  <asset>
    <contributor>
      <authoring_tool>ONSHAPE BY PTC INC, 1.206</authoring_tool>
    </contributor>
    <created>2025-11-10T04:00:07</created>
    <modified>2025-11-10T04:00:07</modified>
    <unit meter="1" name="meters"/>
    <up_axis>Z_UP</up_axis>
  </asset>

  <library_materials>
    <material id="ID9" name="ID9">
      <instance_effect url="#ID9-fx"/>
    </material>
  </library_materials>

  <library_effects>
    <effect id="ID9-fx" name="ID9">
      <profile_COMMON>
        <technique sid="COMMON">
          <lambert>
            <diffuse>
              <color sid="diffuse">0.615686 0.811765 0.92549 1</color>
            </diffuse>
            <transparent opaque="A_ONE">
              <color sid="transparent">1 1 1 1</color>
            </transparent>
            <transparency>
              <float sid="transparency">1</float>
            </transparency>
          </lambert>
        </technique>
        <extra>
          <technique profile="OTHER">
            <double_sided>1</double_sided>
          </technique>
        </extra>
      </profile_COMMON>
    </effect>
  </library_effects>

  <library_geometries>
    <geometry id="ID3">
      <mesh>
        <source id="ID4">
          <float_array count="7581" id="ID5">0.00549051 -0.0727171 -0.00820693 0.0025193 -0.0719587 -0.0111818 0.00311637 -0.0717305 -0.0114734 0.0097632 -0.0696602 -0.0114767 0.00729782 -0.06956 -0.013331 0.0104457 -0.0687214 -0.0124082 0.00852484 -0.070022 -0.0118326 0.0046552 -0.0703637 -0.0133122 0.004423 -0.0707548 -0.0127766 0.00909328 -0.0705227 -0.0104734 0.00652765 -0.0721603 -0.00893737 -0.00364456 -0.0731536 -0.00801206 -0.0067575 -0.0731172 -0.00578704 -0.00476019 -0.0726997 -0.00869658 -0.00191533 -0.0744946 -0.00314843 -0.00385642 -0.0741934 -0.00365718 -0.00240631 -0.0734882 -0.00748861 0.000480531 -0.0722618 -0.0108512 0.00118214 -0.0722282 -0.0108662 0.00167653 -0.0736986 -0.00700955 9.73472e-05 -0.0745983 -0.00291228 -0.00108106 -0.0736939 -0.00714127 -0.00208218 -0.0717217 -0.0117217 -0.0015164 -0.0719519 -0.0113746 0.00212371 -0.0745014 -0.0029555 0.00410546 -0.0742069 -0.00327687 0.00345554 -0.0745278 0 0.00573436 -0.0740974 -2.84217e-17 -0.0025695 -0.0714376 -0.0121406 -0.000888435 -0.0721216 -0.0111091 -0.00600354 -0.073847 -0.00297337 -0.00573436 -0.0740974 2e-07 -0.00343411 -0.07035 -0.0136986 -0.00707345 -0.0707674 -0.0114999 -0.00742598 -0.069995 -0.0125945 -0.0057211 -0.0721395 -0.00952245 -0.00296434 -0.0711078 -0.0126191 -0.00652088 -0.0668512 -0.0169435 -0.00258337 -0.0684077 -0.0163722 -0.0029751 -0.0687557 -0.0159041 0.00401364 -0.0700331 -0.0140047 0.00477018 -0.0695489 -0.0144449 0.000654462 -0.0701319 -0.0144168 -0.0157807 -0.0440323 -0.0181189 -0.0151226 -0.0411635 -0.0175152 -0.0125582 -0.0428505 -0.0201182 -0.00107655 -0.0368217 -0.0209461 0.00314801 -0.040516 -0.0226652 -0.000941186 -0.040509 -0.0228605 -0.00621382 -0.0458002 -0.0236075 -0.00832755 -0.0455856 -0.022907 -0.00541467 -0.0448105 -0.0236075 0.0163395 -0.0501275 -0.0186161 0.015431 -0.0519518 -0.019278 0.0127581 -0.0506465 -0.0212221 0.0109522 -0.0417271 -0.0206197 0.0144428 -0.0428963 -0.0188284 0.0137947 -0.0467253 -0.0203113 0.0109511 -0.034748 -0.0161559 0.00673369 -0.0310652 -0.014481 0.0119067 -0.0335673 -0.0142045 0.0111081 -0.0380695 -0.0186505 0.0131608 -0.035941 -0.0155789 0.0142564 -0.0385198 -0.0166888 0.0151517 -0.0412698 -0.0175434 0.00620447 -0.028733 -0.0110809 0.00917356 -0.0295812 -0.010605 0.00707328 -0.0339307 -0.0174732 0.00278277 -0.0306606 -0.0152253 0.0105535 -0.0314343 -0.0125496 0.0024973 -0.0283534 -0.0117793 -0.00128983 -0.0283469 -0.0119602 -0.00128997 -0.0266499 -0.00816549 0.00550051 -0.0269997 -0.00736873 0.0078686 -0.0280491 -0.0083549 0.00600518 -0.0261546 -0.00298239 0.00676349 -0.0268887 -0.00580376 0.00464164 -0.0259142 -0.00344905 0.00345554 -0.0254722 0 0.00573436 -0.0259026 2e-07 0.00214149 -0.0266557 -0.00800158 -0.00125378 -0.0256105 -0.00414079 0.00172538 -0.0256156 -0.00399849 -0.00600895 -0.0261554 -0.00298104 -0.00573436 -0.0259026 -3.01981e-17 -0.00345554 -0.0254722 0 0.00115993 -0.025257 0 -0.00115247 -0.025257 0 0.00715087 -0.0409259 -0.021911 0.00495506 -0.04437 -0.0236075 0.0039323 -0.0436135 -0.0236075 0.0158116 -0.0441494 -0.0181474 0.00249959 -0.0676522 -0.0171964 0.00184721 -0.0675147 -0.0174181 0.00298794 -0.0644043 -0.0199288 0.0161965 -0.0471193 -0.0184902 -0.00118159 -0.0335055 -0.0184418 -0.00125336 -0.0306538 -0.0154181 0.00298988 -0.0335125 -0.0182425 -0.00337653 -0.0433031 -0.0236075 -0.00445975 -0.04397 -0.0236075 -0.00499907 -0.0409053 -0.0224914 0.00441391 -0.0687682 -0.0155512 0.00406975 -0.068419 -0.0160544 0.00737042 -0.0661874 -0.0172398 0.0161721 -0.053133 -0.0184685 0.0137155 -0.0556988 -0.0198236 0.00362708 -0.068111 -0.0165047 0.00649755 -0.0655799 -0.0181277 -0.00890891 -0.0416933 -0.0215684 0.00427433 -0.0646754 -0.0194918 0.00309862 -0.0678529 -0.016889 -0.0106793 -0.0506067 -0.0223417 -0.007258 -0.0518898 -0.0236075 -0.00927319 -0.0545145 -0.022521 0.00592868 -0.0612852 -0.0212382 0.00404452 -0.0608881 -0.0218782 0.00875156 -0.0684152 -0.0140661 -0.0011236 -0.0643973 -0.0201252 -0.00391556 -0.0612685 -0.0217084 -0.00197763 -0.0608779 -0.0221659 -0.00683421 -0.0530893 -0.0236075 -0.000952634 -0.0574393 -0.0236075 3.36688e-05 -0.0606815 -0.0223488 0.00024959 -0.0642632 -0.0202501 0.00116026 -0.0674444 -0.0175475 0.000458482 -0.0674432 -0.017581 0.0104635 -0.0634999 -0.0179397 0.00918502 -0.0626101 -0.0192402 -0.0117847 -0.0466819 -0.0215331 -0.00747298 -0.049364 -0.0236075 0.00721365 -0.0372488 -0.0199734 0.00279642 -0.0430408 -0.0236075 0.00158009 -0.0426683 -0.0236075 0.00311278 -0.0368288 -0.020746 -0.0052338 -0.0372276 -0.0205679 -0.00923938 -0.038035 -0.0196224 -0.00683421 -0.0469107 -0.0236075 -0.007258 -0.0481102 -0.0236075 -0.00747298 -0.050636 -0.0236075 -0.00621382 -0.0541998 -0.0236075 -0.00527415 -0.0575557 -0.0229926 -0.00760587 -0.0582951 -0.022066 0.00464964 -0.0691485 -0.0150094 0.00804904 -0.0668759 -0.0162475 -0.00445975 -0.05603 -0.0236075 -0.00337653 -0.0566969 -0.0236075 -0.00572435 -0.0618421 -0.0209896 -0.00244669 -0.064664 -0.0198128 -0.000237918 -0.0675112 -0.0175177 -0.000908911 -0.0676464 -0.0173593 0.00279642 -0.0569592 -0.0236075 0.00206049 -0.0606849 -0.022252 0.00163337 -0.0642655 -0.020184 0.00545552 -0.0650711 -0.0188856 0.00765877 -0.0618648 -0.0203503 0.00964633 -0.0583244 -0.0212419 0.0114575 -0.0645084 -0.0164863 0.0132619 -0.0604322 -0.0181344 0.0141731 -0.0617021 -0.0166055 0.0116138 -0.0592852 -0.0198109 0.0157599 -0.0560951 -0.0181002 0.00851388 -0.0676257 -0.0151794 0.0118013 -0.0666158 -0.0140787 0.0130626 -0.0642642 -0.0154746 0.000318309 -0.0574932 -0.0236075 0.00158009 -0.0573317 -0.0236075 0.0150858 -0.0589666 -0.0174808 0.00741607 -0.0575772 -0.0223865 0.00739212 -0.0512675 -0.0236075 0.0075 -0.05 -0.0236075 0.00972825 -0.0496315 -0.022777 0.0113622 -0.0545495 -0.0215353 -0.00153519 -0.067845 -0.0171104 -0.00368162 -0.0650555 -0.0193221 0.00869459 -0.0536559 -0.0229042 0.00654761 -0.0536577 -0.0236075 0.00707158 -0.0524985 -0.0236075 0.0104879 -0.0456176 -0.0220083 0.00707158 -0.0475015 -0.0236075 0.00654761 -0.0463423 -0.0236075 0.0068867 -0.0448586 -0.0232316 -0.00209875 -0.0681012 -0.0167782 -0.00479286 -0.0655608 -0.018667 0.00498719 -0.0570654 -0.0232115 0.00583527 -0.0547117 -0.0236075 0.00739212 -0.0487325 -0.0236075 0.00583527 -0.0452884 -0.0236075 -0.00735198 -0.0625821 -0.0200301 -0.00970405 -0.059249 -0.0208291 0.0039323 -0.0563865 -0.0236075 0.00495506 -0.05563 -0.0236075 -0.00219617 -0.0428287 -0.0236075 -0.000952634 -0.0425607 -0.0236075 -0.00574844 -0.0661651 -0.0178665 0.000318309 -0.0425068 -0.0236075 -0.00504796 -0.0287139 -0.0116184 -0.00525859 -0.0310449 -0.0150538 -0.00421013 -0.0258992 -0.00387187 -0.00875162 -0.0634672 -0.0188576 -0.00532112 -0.0339097 -0.0180652 -0.0091177 -0.0318227 -0.0141428 -0.00469516 -0.0269824 -0.00785574 -0.00326268 -0.069135 -0.0153874 -0.00708794 -0.0675992 -0.0159246 -0.00219617 -0.0571712 -0.0236075 -0.00930963 -0.0347136 -0.0171237 -0.0131249 -0.0358653 -0.0155406 -0.0091566 -0.0295562 -0.0105721 -0.00786068 -0.0280372 -0.00833086 -0.00676109 -0.0268842 -0.00578889 -0.009883 -0.0644721 -0.0175057 -0.0107136 -0.0655678 -0.0160134 -0.00541467 -0.0551895 -0.0236075 -0.0129781 -0.0392205 -0.0181366 -0.0118744 -0.0335087 -0.0141634 -0.0105271 -0.0313951 -0.012514 -0.00343784 -0.0695349 -0.0148369 -0.00743333 -0.0683878 -0.0148392 -0.0115083 -0.0603901 -0.0193176 -0.0117828 -0.0556555 -0.0210415 -0.0135298 -0.0519027 -0.0206614 -0.0148957 -0.0480963 -0.0196993 -0.0142233 -0.0384296 -0.0166548 -0.00349554 -0.0699438 -0.0142685 -0.0075471 -0.0691941 -0.0137184 -0.0139409 -0.0570203 -0.0192336 -0.0161867 -0.0529823 -0.0184815 -0.0163397 -0.0499842 -0.0186164 -0.0161838 -0.0469871 -0.0184789 -0.0105322 -0.0685965 -0.0125218 -0.0118823 -0.0664744 -0.0141764 -0.0129668 -0.0616855 -0.0175749 -0.0151298 -0.0588086 -0.0175231 -0.0157951 -0.0559409 -0.0181325 -0.0131349 -0.0641128 -0.015552 -0.0142316 -0.0615462 -0.0166644 -0.00325533 -0.0707417 -0.0131434 -0.00785732 -0.0719634 -0.00833265 -0.00915667 -0.0704399 -0.010579 -0.000216345 -0.0722259 -0.010933 0.000293066 -0.0737647 -0.00698004 0.00186831 -0.0721263 -0.0109775 0.00302955 -0.0734974 -0.00722896 0.00431318 -0.0731671 -0.00763195 -0.00345554 -0.0745278 0 -0.00115993 -0.074743 0 0.00673905 -0.073138 -0.00572566 0.00631844 -0.0735499 -0.0043638 0.00115247 -0.074743 0 0.00364235 -0.0714481 -0.0118439 0.00600271 -0.0738504 -0.00294665 0.00580296 -0.074035 -0.00148542 0.00408211 -0.0711197 -0.0122825 0.00724577 -0.0726223 -0.00702115 0.00843789 -0.0713082 -0.00939784 0.00781732 -0.0720103 -0.00824601 0.00549051 0.0272829 -0.00820693 0.0025193 0.0280413 -0.0111818 0.00311637 0.0282695 -0.0114734 0.0097632 0.0303398 -0.0114767 0.00729782 0.03044 -0.013331 0.0104457 0.0312786 -0.0124082 0.00852484 0.029978 -0.0118326 0.0046552 0.0296363 -0.0133122 0.004423 0.0292452 -0.0127766 0.00909328 0.0294773 -0.0104734 0.00652765 0.0278397 -0.00893737 -0.00364456 0.0268464 -0.00801206 -0.0067575 0.0268828 -0.00578704 -0.00476019 0.0273003 -0.00869658 -0.00191533 0.0255054 -0.00314843 -0.00385642 0.0258066 -0.00365718 -0.00240631 0.0265118 -0.00748861 0.000480531 0.0277382 -0.0108512 0.00118214 0.0277718 -0.0108662 0.00167653 0.0263014 -0.00700955 9.73472e-05 0.0254017 -0.00291228 -0.00108106 0.0263061 -0.00714127 -0.00208218 0.0282783 -0.0117217 -0.0015164 0.0280481 -0.0113746 0.00212371 0.0254986 -0.0029555 0.00410546 0.0257931 -0.00327687 0.00345554 0.0254722 0 0.00573436 0.0259026 -1.24345e-17 -0.0025695 0.0285624 -0.0121406 -0.000888435 0.0278784 -0.0111091 -0.00600354 0.026153 -0.00297337 -0.00573436 0.0259026 2e-07 -0.00343411 0.02965 -0.0136986 -0.00707345 0.0292326 -0.0114999 -0.00742598 0.030005 -0.0125945 -0.0057211 0.0278605 -0.00952245 -0.00296434 0.0288922 -0.0126191 -0.00652088 0.0331488 -0.0169435 -0.00258337 0.0315923 -0.0163722 -0.0029751 0.0312443 -0.0159041 0.00401364 0.0299669 -0.0140047 0.00477018 0.0304511 -0.0144449 0.000654462 0.0298681 -0.0144168 -0.0157807 0.0559677 -0.0181189 -0.0151226 0.0588365 -0.0175152 -0.0125582 0.0571495 -0.0201182 -0.00107655 0.0631783 -0.0209461 0.00314801 0.059484 -0.0226652 -0.000941186 0.059491 -0.0228605 -0.00621382 0.0541998 -0.0236075 -0.00832755 0.0544144 -0.022907 -0.00541467 0.0551895 -0.0236075 0.0163395 0.0498725 -0.0186161 0.015431 0.0480482 -0.019278 0.0127581 0.0493535 -0.0212221 0.0109522 0.0582729 -0.0206197 0.0144428 0.0571037 -0.0188284 0.0137947 0.0532747 -0.0203113 0.0109511 0.065252 -0.0161559 0.00673369 0.0689348 -0.014481 0.0119067 0.0664327 -0.0142045 0.0111081 0.0619305 -0.0186505 0.0131608 0.064059 -0.0155789 0.0142564 0.0614802 -0.0166888 0.0151517 0.0587302 -0.0175434 0.00620447 0.071267 -0.0110809 0.00917356 0.0704188 -0.010605 0.00707328 0.0660693 -0.0174732 0.00278277 0.0693394 -0.0152253 0.0105535 0.0685657 -0.0125496 0.0024973 0.0716466 -0.0117793 -0.00128983 0.0716531 -0.0119602 -0.00128997 0.0733501 -0.00816549 0.00550051 0.0730003 -0.00736873 0.0078686 0.0719509 -0.0083549 0.00600518 0.0738454 -0.00298239 0.00676349 0.0731113 -0.00580376 0.00464164 0.0740858 -0.00344905 0.00345554 0.0745278 0 0.00573436 0.0740974 2e-07 0.00214149 0.0733443 -0.00800158 -0.00125378 0.0743895 -0.00414079 0.00172538 0.0743844 -0.00399849 -0.00600895 0.0738446 -0.00298104 -0.00573436 0.0740974 -1.95399e-17 -0.00345554 0.0745278 0 0.00115993 0.074743 0 -0.00115247 0.074743 0 0.00715087 0.0590741 -0.021911 0.00495506 0.05563 -0.0236075 0.0039323 0.0563865 -0.0236075 0.0158116 0.0558506 -0.0181474 0.00249959 0.0323478 -0.0171964 0.00184721 0.0324853 -0.0174181 0.00298794 0.0355957 -0.0199288 0.0161965 0.0528807 -0.0184902 -0.00118159 0.0664945 -0.0184418 -0.00125336 0.0693462 -0.0154181 0.00298988 0.0664875 -0.0182425 -0.00337653 0.0566969 -0.0236075 -0.00445975 0.05603 -0.0236075 -0.00499907 0.0590947 -0.0224914 0.00441391 0.0312318 -0.0155512 0.00406975 0.031581 -0.0160544 0.00737042 0.0338126 -0.0172398 0.0161721 0.046867 -0.0184685 0.0137155 0.0443012 -0.0198236 0.00362708 0.031889 -0.0165047 0.00649755 0.0344201 -0.0181277 -0.00890891 0.0583067 -0.0215684 0.00427433 0.0353246 -0.0194918 0.00309862 0.0321471 -0.016889 -0.0106793 0.0493933 -0.0223417 -0.007258 0.0481102 -0.0236075 -0.00927319 0.0454855 -0.022521 0.00592868 0.0387148 -0.0212382 0.00404452 0.0391119 -0.0218782 0.00875156 0.0315848 -0.0140661 -0.0011236 0.0356027 -0.0201252 -0.00391556 0.0387315 -0.0217084 -0.00197763 0.0391221 -0.0221659 -0.00683421 0.0469107 -0.0236075 -0.000952634 0.0425607 -0.0236075 3.36688e-05 0.0393185 -0.0223488 0.00024959 0.0357368 -0.0202501 0.00116026 0.0325556 -0.0175475 0.000458482 0.0325568 -0.017581 0.0104635 0.0365001 -0.0179397 0.00918502 0.0373899 -0.0192402 -0.0117847 0.0533181 -0.0215331 -0.00747298 0.050636 -0.0236075 0.00721365 0.0627512 -0.0199734 0.00279642 0.0569592 -0.0236075 0.00158009 0.0573317 -0.0236075 0.00311278 0.0631712 -0.020746 -0.0052338 0.0627724 -0.0205679 -0.00923938 0.061965 -0.0196224 -0.00683421 0.0530893 -0.0236075 -0.007258 0.0518898 -0.0236075 -0.00747298 0.049364 -0.0236075 -0.00621382 0.0458002 -0.0236075 -0.00527415 0.0424443 -0.0229926 -0.00760587 0.0417049 -0.022066 0.00464964 0.0308515 -0.0150094 0.00804904 0.0331241 -0.0162475 -0.00445975 0.04397 -0.0236075 -0.00337653 0.0433031 -0.0236075 -0.00572435 0.0381579 -0.0209896 -0.00244669 0.035336 -0.0198128 -0.000237918 0.0324888 -0.0175177 -0.000908911 0.0323536 -0.0173593 0.00279642 0.0430408 -0.0236075 0.00206049 0.0393151 -0.022252 0.00163337 0.0357345 -0.020184 0.00545552 0.034929 -0.0188856 0.00765877 0.0381352 -0.0203503 0.00964633 0.0416756 -0.0212419 0.0114575 0.0354916 -0.0164863 0.0132619 0.0395678 -0.0181344 0.0141731 0.0382979 -0.0166055 0.0116138 0.0407148 -0.0198109 0.0157599 0.0439049 -0.0181002 0.00851388 0.0323743 -0.0151794 0.0118013 0.0333842 -0.0140787 0.0130626 0.0357358 -0.0154746 0.000318309 0.0425068 -0.0236075 0.00158009 0.0426683 -0.0236075 0.0150858 0.0410334 -0.0174808 0.00741607 0.0424228 -0.0223865 0.00739212 0.0487325 -0.0236075 0.0075 0.05 -0.0236075 0.00972825 0.0503685 -0.022777 0.0113622 0.0454505 -0.0215353 -0.00153519 0.032155 -0.0171104 -0.00368162 0.0349445 -0.0193221 0.00869459 0.0463441 -0.0229042 0.00654761 0.0463423 -0.0236075 0.00707158 0.0475015 -0.0236075 0.0104879 0.0543824 -0.0220083 0.00707158 0.0524985 -0.0236075 0.00654761 0.0536577 -0.0236075 0.0068867 0.0551414 -0.0232316 -0.00209875 0.0318988 -0.0167782 -0.00479286 0.0344392 -0.018667 0.00498719 0.0429346 -0.0232115 0.00583527 0.0452884 -0.0236075 0.00739212 0.0512675 -0.0236075 0.00583527 0.0547117 -0.0236075 -0.00735198 0.0374179 -0.0200301 -0.00970405 0.040751 -0.0208291 0.0039323 0.0436135 -0.0236075 0.00495506 0.04437 -0.0236075 -0.00219617 0.0571712 -0.0236075 -0.000952634 0.0574393 -0.0236075 -0.00574844 0.0338349 -0.0178665 0.000318309 0.0574932 -0.0236075 -0.00504796 0.0712861 -0.0116184 -0.00525859 0.0689551 -0.0150538 -0.00421013 0.0741008 -0.00387187 -0.00875162 0.0365328 -0.0188576 -0.00532112 0.0660903 -0.0180652 -0.0091177 0.0681773 -0.0141428 -0.00469516 0.0730176 -0.00785574 -0.00326268 0.030865 -0.0153874 -0.00708794 0.0324008 -0.0159246 -0.00219617 0.0428287 -0.0236075 -0.00930963 0.0652864 -0.0171237 -0.0131249 0.0641347 -0.0155406 -0.0091566 0.0704438 -0.0105721 -0.00786068 0.0719628 -0.00833086 -0.00676109 0.0731158 -0.00578889 -0.009883 0.0355279 -0.0175057 -0.0107136 0.0344322 -0.0160134 -0.00541467 0.0448105 -0.0236075 -0.0129781 0.0607795 -0.0181366 -0.0118744 0.0664913 -0.0141634 -0.0105271 0.0686049 -0.012514 -0.00343784 0.0304651 -0.0148369 -0.00743333 0.0316122 -0.0148392 -0.0115083 0.0396099 -0.0193176 -0.0117828 0.0443445 -0.0210415 -0.0135298 0.0480973 -0.0206614 -0.0148957 0.0519037 -0.0196993 -0.0142233 0.0615704 -0.0166548 -0.00349554 0.0300562 -0.0142685 -0.0075471 0.0308059 -0.0137184 -0.0139409 0.0429797 -0.0192336 -0.0161867 0.0470177 -0.0184815 -0.0163397 0.0500158 -0.0186164 -0.0161838 0.0530129 -0.0184789 -0.0105322 0.0314035 -0.0125218 -0.0118823 0.0335256 -0.0141764 -0.0129668 0.0383145 -0.0175749 -0.0151298 0.0411914 -0.0175231 -0.0157951 0.0440591 -0.0181325 -0.0131349 0.0358872 -0.015552 -0.0142316 0.0384538 -0.0166644 -0.00325533 0.0292583 -0.0131434 -0.00785732 0.0280366 -0.00833265 -0.00915667 0.0295601 -0.010579 -0.000216345 0.0277741 -0.010933 0.000293066 0.0262353 -0.00698004 0.00186831 0.0278738 -0.0109775 0.00302955 0.0265026 -0.00722896 0.00431318 0.0268329 -0.00763195 -0.00345554 0.0254722 0 -0.00115993 0.025257 0 0.00673905 0.026862 -0.00572566 0.00631844 0.0264501 -0.0043638 0.00115247 0.025257 0 0.00364235 0.0285519 -0.0118439 0.00600271 0.0261496 -0.00294665 0.00580296 0.025965 -0.00148542 0.00408211 0.0288803 -0.0122825 0.00724577 0.0273777 -0.00702115 0.00843789 0.0286918 -0.00939784 0.00781732 0.0279897 -0.00824601 0.00298185 0.0236443 0 0.00366306 0.0241565 -0.0176463 -2e-07 0.0216986 -0.0162193 0.00993025 0.0305663 -0.0199853 0.0104457 0.0312786 -0.0124082 0.0118013 0.0333842 -0.0140787 0.00699469 0.0271251 -0.018906 0.00781732 0.0279897 -0.00824601 0.00843789 0.0286918 -0.00939784 0.0155917 0.0430515 -0.0219958 0.0142882 0.0386075 -0.0215407 0.0150858 0.0410334 -0.0174808 0.0130626 0.0357358 -0.0154746 0.012383 0.0344174 -0.0208673 0.015602 0.0569007 -0.021999 0.0162577 0.0523042 -0.0222266 0.0158116 0.0558506 -0.0181474 0.0157599 0.0439049 -0.0181002 0.0161721 0.046867 -0.0184685 0.0162551 0.0476536 -0.0222257 0.0131608 0.064059 -0.0155789 0.014307 0.0613451 -0.0215462 0.0142564 0.0614802 -0.0166888 0.00600518 0.0738454 -0.00298239 0.00367763 0.0758321 -0.0176518 0.00702336 0.0728513 -0.0189145 0.00917356 0.0704188 -0.010605 0.0078686 0.0719509 -0.0083549 0.00298185 0.0763557 0 0.00573436 0.0740974 2e-07 1.97605e-17 0.0783013 -0.0162194 3.22866e-10 0.0783013 0 0.0119067 0.0664327 -0.0142045 0.0124085 0.0655407 -0.0208745 0.0163395 0.0498725 -0.0186161 0.0161965 0.0528807 -0.0184902 0.00676349 0.0731113 -0.00580376 0.00995878 0.069401 -0.0199933 0.0105535 0.0685657 -0.0125496 0.0151517 0.0587302 -0.0175434 0.0141731 0.0382979 -0.0166055 0.00909328 0.0294773 -0.0104734 0.0097632 0.0303398 -0.0114767 0.00724577 0.0273777 -0.00702115 0.00673905 0.026862 -0.00572566 0.00631844 0.0264501 -0.0043638 0.00600271 0.0261496 -0.00294665 0.00580296 0.025965 -0.00148542 0.00573436 0.0259026 -1.24345e-17 8.66119e-18 0.0216987 0 -0.00298185 0.0763557 0 -0.00366306 0.0758435 -0.0176463 1.97605e-17 0.0783013 -0.0162194 -0.00993025 0.0694337 -0.0199853 -0.0105271 0.0686049 -0.012514 -0.0118744 0.0664913 -0.0141634 -0.00699469 0.0728749 -0.018906 -0.00676109 0.0731158 -0.00578889 -0.00786068 0.0719628 -0.00833086 -0.0155917 0.0569485 -0.0219958 -0.0142882 0.0613925 -0.0215407 -0.0151226 0.0588365 -0.0175152 -0.0131249 0.0641347 -0.0155406 -0.012383 0.0655826 -0.0208673 -0.015602 0.0430993 -0.021999 -0.0162577 0.0476958 -0.0222266 -0.0157951 0.0440591 -0.0181325 -0.0157807 0.0559677 -0.0181189 -0.0161838 0.0530129 -0.0184789 -0.0162551 0.0523464 -0.0222257 -0.00995878 0.030599 -0.0199933 -0.0105322 0.0314035 -0.0125218 -0.00915667 0.0295601 -0.010579 -0.0131349 0.0358872 -0.015552 -0.014307 0.0386548 -0.0215462 -0.0142316 0.0384538 -0.0166644 -0.00600354 0.026153 -0.00297337 -0.00367763 0.0241679 -0.0176518 -0.00702336 0.0271487 -0.0189145 -0.00298185 0.0236443 0 -0.00573436 0.0259026 2e-07 -2e-07 0.0216986 -0.0162193 8.66119e-18 0.0216987 0 -0.0118823 0.0335256 -0.0141764 -0.0124085 0.0344593 -0.0208745 -0.0163397 0.0500158 -0.0186164 -0.0161867 0.0470177 -0.0184815 -0.00785732 0.0280366 -0.00833265 -0.0067575 0.0268828 -0.00578704 -0.0151298 0.0411914 -0.0175231 -0.00600895 0.0738446 -0.00298104 -0.0142233 0.0615704 -0.0166548 -0.0091566 0.0704438 -0.0105721 -0.00573436 0.0740974 -1.95399e-17 3.22866e-10 0.0783013 0 0.00115247 0.025257 0 0.00345554 0.0254722 0 0.00298185 0.0236443 0 -0.00298185 0.0236443 0 -0.00573436 0.0259026 2e-07 -0.00345554 0.0254722 0 -0.00115993 0.025257 0 0.00573436 0.0259026 -1.24345e-17 8.66119e-18 0.0216987 0 0.00298185 -0.0763557 0 0.00366306 -0.0758435 -0.0176463 -2e-07 -0.0783014 -0.0162193 0.00993025 -0.0694337 -0.0199853 0.0104457 -0.0687214 -0.0124082 0.0118013 -0.0666158 -0.0140787 0.00699469 -0.0728749 -0.018906 0.00781732 -0.0720103 -0.00824601 0.00843789 -0.0713082 -0.00939784 0.0155917 -0.0569485 -0.0219958 0.0142882 -0.0613925 -0.0215407 0.0150858 -0.0589666 -0.0174808 0.0130626 -0.0642642 -0.0154746 0.012383 -0.0655826 -0.0208673 0.015602 -0.0430993 -0.021999 0.0162577 -0.0476958 -0.0222266 0.0158116 -0.0441494 -0.0181474 0.0157599 -0.0560951 -0.0181002 0.0161721 -0.053133 -0.0184685 0.0162551 -0.0523464 -0.0222257 0.0131608 -0.035941 -0.0155789 0.014307 -0.0386548 -0.0215462 0.0142564 -0.0385198 -0.0166888 0.00600518 -0.0261546 -0.00298239 0.00367763 -0.0241679 -0.0176518 0.00702336 -0.0271487 -0.0189145 0.00917356 -0.0295812 -0.010605 0.0078686 -0.0280491 -0.0083549 0.00298185 -0.0236443 0 0.00573436 -0.0259026 2e-07 7.19223e-18 -0.0216987 -0.0162194 3.22866e-10 -0.0216987 0 0.0119067 -0.0335673 -0.0142045 0.0124085 -0.0344593 -0.0208745 0.0163395 -0.0501275 -0.0186161 0.0161965 -0.0471193 -0.0184902 0.00676349 -0.0268887 -0.00580376 0.00995878 -0.030599 -0.0199933 0.0105535 -0.0314343 -0.0125496 0.0151517 -0.0412698 -0.0175434 0.0141731 -0.0617021 -0.0166055 0.00909328 -0.0705227 -0.0104734 0.0097632 -0.0696602 -0.0114767 0.00724577 -0.0726223 -0.00702115 0.00673905 -0.073138 -0.00572566 0.00631844 -0.0735499 -0.0043638 0.00600271 -0.0738504 -0.00294665 0.00580296 -0.074035 -0.00148542 0.00573436 -0.0740974 -2.84217e-17 -2.85085e-17 -0.0783013 0 -0.00298185 -0.0236443 0 -0.00366306 -0.0241565 -0.0176463 7.19223e-18 -0.0216987 -0.0162194 -0.00993025 -0.0305663 -0.0199853 -0.0105271 -0.0313951 -0.012514 -0.0118744 -0.0335087 -0.0141634 -0.00699469 -0.0271251 -0.018906 -0.00676109 -0.0268842 -0.00578889 -0.00786068 -0.0280372 -0.00833086 -0.0155917 -0.0430515 -0.0219958 -0.0142882 -0.0386075 -0.0215407 -0.0151226 -0.0411635 -0.0175152 -0.0131249 -0.0358653 -0.0155406 -0.012383 -0.0344174 -0.0208673 -0.015602 -0.0569007 -0.021999 -0.0162577 -0.0523042 -0.0222266 -0.0157951 -0.0559409 -0.0181325 -0.0157807 -0.0440323 -0.0181189 -0.0161838 -0.0469871 -0.0184789 -0.0162551 -0.0476536 -0.0222257 -0.00995878 -0.069401 -0.0199933 -0.0105322 -0.0685965 -0.0125218 -0.00915667 -0.0704399 -0.010579 -0.0131349 -0.0641128 -0.015552 -0.014307 -0.0613451 -0.0215462 -0.0142316 -0.0615462 -0.0166644 -0.00600354 -0.073847 -0.00297337 -0.00367763 -0.0758321 -0.0176518 -0.00702336 -0.0728513 -0.0189145 -0.00298185 -0.0763557 0 -0.00573436 -0.0740974 2e-07 -2e-07 -0.0783014 -0.0162193 -2.85085e-17 -0.0783013 0 -0.0118823 -0.0664744 -0.0141764 -0.0124085 -0.0655407 -0.0208745 -0.0163397 -0.0499842 -0.0186164 -0.0161867 -0.0529823 -0.0184815 -0.00785732 -0.0719634 -0.00833265 -0.0067575 -0.0731172 -0.00578704 -0.0151298 -0.0588086 -0.0175231 -0.00600895 -0.0261554 -0.00298104 -0.0142233 -0.0384296 -0.0166548 -0.0091566 -0.0295562 -0.0105721 -0.00573436 -0.0259026 -3.01981e-17 3.22866e-10 -0.0216987 0 0.00115247 -0.074743 0 0.00345554 -0.0745278 0 0.00298185 -0.0763557 0 -0.00298185 -0.0763557 0 -0.00573436 -0.0740974 2e-07 -0.00345554 -0.0745278 0 -0.00115993 -0.074743 0 0.00573436 -0.0740974 -2.84217e-17 -2.85085e-17 -0.0783013 0 0.0123947 -0.0887306 -0.00409147 0.00692048 -0.0927443 0 0.00756757 -0.0887306 -0.00570299 0.0327344 -0.0232767 -0.00172682 0.035631 -0.0304017 -0.00409185 0.0280232 -0.0232767 -0.00663169 0.0200025 -0.0831565 -0.00663144 0.0175366 -0.0895901 0 0.0225861 -0.0767236 -0.0107171 0.0165642 -0.0767236 -0.0138777 0.0146694 -0.0831565 -0.00943045 0.0101133 -0.0767236 -0.0160313 0.00254446 -0.0887306 -0.00651932 0.00301143 -0.0831565 -0.0123039 0.0224483 -0.087028 0 0.0305029 -0.0695986 -0.00943064 0.0327342 -0.0767236 -0.0017267 0.0280231 -0.0767236 -0.00663154 0.0270049 -0.0838483 0 0.0311141 -0.0801137 0 0.00139002 -0.0932789 0 -0.00254455 -0.0887306 -0.00651931 -0.0195349 -0.0459768 -0.0208498 -0.0162577 -0.0523042 -0.0222266 -0.0195349 -0.0540235 -0.0208498 0.0347079 -0.0758896 0 -0.0124085 -0.0655407 -0.0208745 -0.0190289 -0.0619661 -0.0196622 -0.014307 -0.0613451 -0.0215462 -0.015602 -0.0569007 -0.021999 -0.0245849 -0.0695986 -0.0138777 -0.0259468 -0.0619661 -0.0160314 -0.0180301 -0.0695986 -0.0173179 -0.0165643 -0.0767236 -0.0138776 -0.0101134 -0.0767236 -0.0160313 -0.00895651 -0.0831565 -0.0113377 -0.0162551 -0.0476536 -0.0222257 -0.0190289 -0.0380343 -0.0196623 -0.0259469 -0.0380343 -0.0160315 -0.024585 -0.0304017 -0.0138778 -0.0155917 -0.0430515 -0.0219958 -0.0142882 -0.0386075 -0.0215407 -0.0101134 -0.0232767 -0.0160315 -0.0180301 -0.0304017 -0.0173181 -0.0165644 -0.0232767 -0.0138778 0.0377296 -0.0712481 0 0.0356309 -0.0695986 -0.00409176 0.0401397 -0.0662414 0 -0.00993025 -0.0305663 -0.0199853 -0.012383 -0.0344174 -0.0208673 -0.00699469 -0.0271251 -0.018906 0.00254448 -0.0112696 -0.00651959 -0.00254457 -0.0112696 -0.00651958 0.00138396 -0.00672132 0 -0.00895656 -0.0168438 -0.0113379 -0.00301156 -0.0168438 -0.0123041 0.0146695 -0.0168438 -0.00943067 0.0165643 -0.0232767 -0.0138779 0.00895646 -0.0168438 -0.011338 -0.0225863 -0.0232767 -0.0107172 -0.0200027 -0.0168438 -0.00663158 0.0200026 -0.0168438 -0.00663164 0.0225862 -0.0232767 -0.0107173 -0.030503 -0.0304017 -0.00943065 -0.0280233 -0.0232767 -0.0066316 0.0433013 -0.05 1.77636e-17 0.0386047 -0.0459768 -0.00651974 0.0429445 -0.0444547 0 0.0418876 -0.0609705 0 0.0386046 -0.0540235 -0.00651973 0.0429445 -0.0555453 0 0.041881 -0.039004 0 0.0401312 -0.0337399 0 0.0376048 -0.0380343 -0.0057034 0.0377284 -0.0287502 0 0.0376048 -0.0619661 -0.00570335 0.0346976 -0.0240952 0 -0.00414831 -0.0931011 0 -0.00962202 -0.0922177 0 -0.00756766 -0.0887306 -0.00570297 0.0266366 -0.0459768 -0.0171225 0.0266366 -0.0540235 -0.0171225 0.0195347 -0.0459768 -0.0208498 0.0310959 -0.0198673 0 0.0248177 -0.0168438 -0.00301337 0.0305029 -0.0304017 -0.00943074 -0.0248177 -0.0168438 -0.0030133 0.0269876 -0.0161389 0 0.00301145 -0.0168438 -0.0123041 0.0101133 -0.0232767 -0.0160315 7.19223e-18 -0.0216987 -0.0162194 -0.00366306 -0.0241565 -0.0176463 -0.00756773 -0.0112696 -0.00570323 -0.00416414 -0.00689957 0 -0.0390152 -0.0312168 0 -0.0356311 -0.0304017 -0.00409174 -0.0376049 -0.0380343 -0.00570329 -0.0266367 -0.0540235 -0.0171224 -0.00995878 -0.069401 -0.0199933 -0.00367763 -0.0758321 -0.0176518 -0.00301154 -0.0831565 -0.0123039 -2e-07 -0.0783014 -0.0162193 0.0248175 -0.0831565 -0.0030132 0.0321926 -0.0619661 -0.011338 0.0330486 -0.0540235 -0.0123042 0.0330486 -0.0459768 -0.0123042 0.0321927 -0.0380343 -0.011338 0.0245849 -0.0304017 -0.0138779 0.0245848 -0.0695986 -0.0138778 0.01803 -0.0695986 -0.017318 0.0259467 -0.0619661 -0.0160315 0.0190288 -0.0380343 -0.0196624 0.0259467 -0.0380343 -0.0160316 0.0124085 -0.0344593 -0.0208745 0.00995878 -0.030599 -0.0199933 0.01803 -0.0304017 -0.0173181 0.0123948 -0.0112696 -0.00409172 0.00756764 -0.0112696 -0.00570326 0.0224446 -0.0129701 0 0.0123331 -0.0915068 0 0.0190288 -0.0619661 -0.0196623 0.0155917 -0.0569485 -0.0219958 0.0195347 -0.0540235 -0.0208498 0.0162577 -0.0476958 -0.0222266 0.014307 -0.0386548 -0.0215462 0.015602 -0.0430993 -0.021999 0.0175213 -0.0104021 0 0.0123081 -0.00848556 0 0.0089564 -0.0831565 -0.0113377 0.00993025 -0.0694337 -0.0199853 0.012383 -0.0655826 -0.0208673 0.0142882 -0.0613925 -0.0215407 0.0162551 -0.0523464 -0.0222257 0.00702336 -0.0271487 -0.0189145 0.00367763 -0.0241679 -0.0176518 0.00689822 -0.00725286 0 0.00366306 -0.0758435 -0.0176463 0.00699469 -0.0728749 -0.018906 -0.0149449 -0.09064 0 -0.0123948 -0.0887306 -0.00409143 -0.0248176 -0.0831565 -0.00301312 -0.0291008 -0.0820633 0 -0.0280232 -0.0767236 -0.00663146 -0.00702336 -0.0728513 -0.0189145 -0.0146695 -0.0831565 -0.00943041 -0.0225862 -0.0767236 -0.0107171 -0.0146696 -0.0168438 -0.00943063 -0.0123949 -0.0112696 -0.00409168 -0.00964731 -0.00778778 0 -0.0200259 -0.0883922 0 -0.0247656 -0.0855188 0 -0.0200026 -0.0831565 -0.00663138 -0.030503 -0.0695986 -0.00943055 -0.0321927 -0.0619661 -0.0113379 -0.0330487 -0.0540235 -0.0123041 -0.0266367 -0.0459768 -0.0171224 -0.0149665 -0.00936864 0 -0.035631 -0.0695986 -0.00409166 -0.0376048 -0.0619661 -0.00570324 -0.043212 -0.0472328 0 -0.0386048 -0.0459768 -0.00651963 -0.0386047 -0.0540235 -0.00651961 -0.0330487 -0.0459768 -0.0123041 -0.0321928 -0.0380343 -0.011338 -0.0327345 -0.0232767 -0.00172672 -0.0291199 -0.0179535 0 -0.0200327 -0.011612 0 -0.0329642 -0.078077 0 -0.0327343 -0.0767236 -0.0017266 -0.0390088 -0.0687945 0 -0.0247779 -0.0144888 0 -0.0362883 -0.0736253 0 -0.0410901 -0.063657 0 -0.0425001 -0.0582883 0 -0.043212 -0.0527786 0 -0.0425043 -0.0417359 0 -0.0410984 -0.0363666 0 -0.036293 -0.0263831 0 -0.0329793 -0.0219416 0 0.0123947 0.0112694 -0.00409147 0.00692048 0.00725571 0 0.00756757 0.0112694 -0.00570299 0.0327344 0.0767233 -0.00172682 0.035631 0.0695983 -0.00409185 0.0280232 0.0767233 -0.00663169 0.0200025 0.0168435 -0.00663144 0.0175366 0.0104099 0 0.0225861 0.0232764 -0.0107171 0.0165642 0.0232764 -0.0138777 0.0146694 0.0168435 -0.00943045 0.0101133 0.0232764 -0.0160313 0.00254446 0.0112694 -0.00651932 0.00301143 0.0168435 -0.0123039 0.0224483 0.012972 0 0.0305029 0.0304014 -0.00943064 0.0327342 0.0232764 -0.0017267 0.0280231 0.0232764 -0.00663154 0.0270049 0.0161517 0 0.0311141 0.0198863 0 0.00139002 0.00672106 0 -0.00254455 0.0112694 -0.00651931 -0.0195349 0.0540232 -0.0208498 -0.0162577 0.0476958 -0.0222266 -0.0195349 0.0459765 -0.0208498 0.0347079 0.0241104 0 -0.0124085 0.0344593 -0.0208745 -0.0190289 0.038034 -0.0196622 -0.014307 0.0386548 -0.0215462 -0.015602 0.0430993 -0.021999 -0.0245849 0.0304014 -0.0138777 -0.0259468 0.038034 -0.0160314 -0.0180301 0.0304014 -0.0173179 -0.0165643 0.0232764 -0.0138776 -0.0101134 0.0232764 -0.0160313 -0.00895651 0.0168435 -0.0113377 -0.0162551 0.0523464 -0.0222257 -0.0190289 0.0619657 -0.0196623 -0.0259469 0.0619657 -0.0160315 -0.024585 0.0695983 -0.0138778 -0.0155917 0.0569485 -0.0219958 -0.0142882 0.0613925 -0.0215407 -0.0101134 0.0767233 -0.0160315 -0.0180301 0.0695983 -0.0173181 -0.0165644 0.0767233 -0.0138778 0.0377296 0.0287519 0 0.0356309 0.0304014 -0.00409176 0.0401397 0.0337586 0 -0.00993025 0.0694337 -0.0199853 -0.012383 0.0655826 -0.0208673 -0.00699469 0.0728749 -0.018906 0.00254448 0.0887304 -0.00651959 -0.00254457 0.0887304 -0.00651958 0.00138396 0.0932787 0 -0.00895656 0.0831562 -0.0113379 -0.00301156 0.0831562 -0.0123041 0.0146695 0.0831562 -0.00943067 0.0165643 0.0767233 -0.0138779 0.00895646 0.0831562 -0.011338 -0.0225863 0.0767233 -0.0107172 -0.0200027 0.0831562 -0.00663158 0.0200026 0.0831562 -0.00663164 0.0225862 0.0767233 -0.0107173 -0.030503 0.0695983 -0.00943065 -0.0280233 0.0767233 -0.0066316 0.0433013 0.05 1.77636e-17 0.0386047 0.0540232 -0.00651974 0.0429445 0.0555453 0 0.0418876 0.0390295 0 0.0386046 0.0459765 -0.00651973 0.0429445 0.0444547 0 0.041881 0.060996 0 0.0401312 0.0662601 0 0.0376048 0.0619657 -0.0057034 0.0377284 0.0712498 0 0.0376048 0.038034 -0.00570335 0.0346976 0.0759048 0 -0.00414831 0.00689889 0 -0.00962202 0.00778233 0 -0.00756766 0.0112694 -0.00570297 0.0266366 0.0540232 -0.0171225 0.0266366 0.0459765 -0.0171225 0.0195347 0.0540232 -0.0208498 0.0310959 0.0801327 0 0.0248177 0.0831562 -0.00301337 0.0305029 0.0695983 -0.00943074 -0.0248177 0.0831562 -0.0030133 0.0269876 0.0838611 0 0.00301145 0.0831562 -0.0123041 0.0101133 0.0767233 -0.0160315 1.97605e-17 0.0783013 -0.0162194 -0.00366306 0.0758435 -0.0176463 -0.00756773 0.0887304 -0.00570323 -0.00416414 0.0931004 0 -0.0390152 0.0687832 0 -0.0356311 0.0695983 -0.00409174 -0.0376049 0.0619657 -0.00570329 -0.0266367 0.0459765 -0.0171224 -0.00995878 0.030599 -0.0199933 -0.00367763 0.0241679 -0.0176518 -0.00301154 0.0168435 -0.0123039 -2e-07 0.0216986 -0.0162193 0.0248175 0.0168435 -0.0030132 0.0321926 0.038034 -0.011338 0.0330486 0.0459765 -0.0123042 0.0330486 0.0540232 -0.0123042 0.0321927 0.0619657 -0.011338 0.0245849 0.0695983 -0.0138779 0.0245848 0.0304014 -0.0138778 0.01803 0.0304014 -0.017318 0.0259467 0.038034 -0.0160315 0.0190288 0.0619657 -0.0196624 0.0259467 0.0619657 -0.0160316 0.0124085 0.0655407 -0.0208745 0.00995878 0.069401 -0.0199933 0.01803 0.0695983 -0.0173181 0.0123948 0.0887304 -0.00409172 0.00756764 0.0887304 -0.00570326 0.0224446 0.0870299 0 0.0123331 0.00849322 0 0.0190288 0.038034 -0.0196623 0.0155917 0.0430515 -0.0219958 0.0195347 0.0459765 -0.0208498 0.0162577 0.0523042 -0.0222266 0.014307 0.0613451 -0.0215462 0.015602 0.0569007 -0.021999 0.0175213 0.0895979 0 0.0123081 0.0915144 0 0.0089564 0.0168435 -0.0113377 0.00993025 0.0305663 -0.0199853 0.012383 0.0344174 -0.0208673 0.0142882 0.0386075 -0.0215407 0.0162551 0.0476536 -0.0222257 0.00702336 0.0728513 -0.0189145 0.00367763 0.0758321 -0.0176518 0.00689822 0.0927471 0 0.00366306 0.0241565 -0.0176463 0.00699469 0.0271251 -0.018906 -0.0149449 0.00935997 0 -0.0123948 0.0112694 -0.00409143 -0.0248176 0.0168435 -0.00301312 -0.0291008 0.0179367 0 -0.0280232 0.0232764 -0.00663146 -0.00702336 0.0271487 -0.0189145 -0.0146695 0.0168435 -0.00943041 -0.0225862 0.0232764 -0.0107171 -0.0146696 0.0831562 -0.00943063 -0.0123949 0.0887304 -0.00409168 -0.00964731 0.0922122 0 -0.0200259 0.0116078 0 -0.0247656 0.0144812 0 -0.0200026 0.0168435 -0.00663138 -0.030503 0.0304014 -0.00943055 -0.0321927 0.038034 -0.0113379 -0.0330487 0.0459765 -0.0123041 -0.0266367 0.0540232 -0.0171224 -0.0149665 0.0906314 0 -0.035631 0.0304014 -0.00409166 -0.0376048 0.038034 -0.00570324 -0.043212 0.0527672 0 -0.0386048 0.0540232 -0.00651963 -0.0386047 0.0459765 -0.00651961 -0.0330487 0.0540232 -0.0123041 -0.0321928 0.0619657 -0.011338 -0.0327345 0.0767233 -0.00172672 -0.0291199 0.0820465 0 -0.0200327 0.088388 0 -0.0329642 0.021923 0 -0.0327343 0.0232764 -0.0017266 -0.0390088 0.0312055 0 -0.0247779 0.0855112 0 -0.0362883 0.0263747 0 -0.0410901 0.036343 0 -0.0425001 0.0417117 0 -0.043212 0.0472214 0 -0.0425043 0.0582641 0 -0.0410984 0.0636334 0 -0.036293 0.0736169 0 -0.0329793 0.0780584 0 0.015 0.00230304 0 0.015 0.00230304 0.025 0.015 -0.00230304 0.025 0.015 -0.00230304 0 1.58243e-05 0.099999 0 -0.00588884 0.0996518 0 3.42407e-10 0.0998154 0.025 -0.00587919 0.0995399 0.025 -0.011702 0.0986103 0 -0.0173457 0.0968936 0 -0.0116951 0.09853 0.025 -0.0227608 0.0945187 0 -0.0172995 0.0967182 0.025 -0.0227608 0.0945187 0.025 -0.0278562 0.0915208 0 -0.0325493 0.0879528 0 -0.0278562 0.0915208 0.025 -0.0368013 0.083847 0 -0.0325493 0.0879528 0.025 -0.0368013 0.083847 0.025 -0.0405434 0.0792615 0 -0.0437027 0.0742887 0 -0.0405434 0.0792615 0.025 -0.0462633 0.0689642 0 -0.0437027 0.0742887 0.025 -0.0462633 0.0689642 0.025 -0.0481805 0.0633656 0 -0.0494175 0.0576013 0 -0.0481805 0.0633656 0.025 -0.0499695 0.0517217 0 -0.0494175 0.0576013 0.025 -0.0499695 0.0517217 0.025 -0.0498238 0.045807 0 -0.0489818 0.0399671 0 -0.0498238 0.045807 0.025 -0.0474584 0.0342647 0 -0.0489818 0.0399671 0.025 -0.0474584 0.0342647 0.025 -0.0452689 0.02877 0 -0.0424492 0.0235809 0 -0.0452689 0.02877 0.025 -0.039042 0.0187653 0 -0.0424492 0.0235809 0.025 -0.039042 0.0187653 0.025 -0.0350822 0.014374 0 -0.0306318 0.0104825 0 -0.0350822 0.014374 0.025 -0.0257671 0.00715227 0 -0.0306318 0.0104825 0.025 -0.0257671 0.00715227 0.025 -0.0205309 0.00441013 0 -0.015 0.00230304 0 -0.0205309 0.00441013 0.025 -0.015 0.00230304 0.025 0.00587919 0.0995399 0.025 0.0116951 0.09853 0.025 0.00590784 0.0996485 0 0.0117157 0.098608 0 0.0173751 0.0968831 0.025 0.0227815 0.094507 0.025 0.0173751 0.0968831 0 0.0278626 0.0915171 0.025 0.0227815 0.094507 0 0.0278626 0.0915171 0 0.0325722 0.087934 0.025 0.036819 0.0838264 0.025 0.0325722 0.087934 0 0.0405434 0.0792615 0.025 0.036819 0.0838264 0 0.0405434 0.0792615 0 0.0437166 0.0742654 0.025 0.046274 0.0689365 0.025 0.0437166 0.0742654 0 0.0481819 0.0633584 0.025 0.046274 0.0689365 0 0.0481819 0.0633584 0 0.0494221 0.057578 0.025 0.0499702 0.0516905 0.025 0.0494221 0.057578 0 0.0498217 0.0457933 0.025 0.0499702 0.0516905 0 0.0498217 0.0457933 0 0.048979 0.0399481 0.025 0.0474484 0.0342347 0.025 0.048979 0.0399481 0 0.0452597 0.028753 0.025 0.0474484 0.0342347 0 0.0452597 0.028753 0 0.0424426 0.0235687 0.025 0.0390228 0.0187408 0.025 0.0424426 0.0235687 0 0.0350645 0.0143581 0.025 0.0390228 0.0187408 0 0.0350645 0.0143581 0 0.0306263 0.0104775 0.025 0.025742 0.00713645 0.025 0.0306263 0.0104775 0 0.0205309 0.00441013 0.025 0.025742 0.00713645 0 0.0205309 0.00441013 0 0.015 0.00230304 0.025 0.015 0.00230304 0 -0.015 0.00230304 0 -0.015 -0.00230304 0.025 -0.015 0.00230304 0.025 -0.015 -0.00230304 0 -1.58243e-05 -0.099999 0 0.00588884 -0.0996518 0 0.00106436 -0.0998377 0.025 0.00654832 -0.0995693 0.025 0.011702 -0.0986103 0 0.0173457 -0.0968936 0 0.0122866 -0.0983109 0.025 0.0227608 -0.0945187 0 0.0178597 -0.0965193 0.025 0.0232738 -0.094253 0.025 0.0278562 -0.0915208 0 0.0325493 -0.0879528 0 0.0282988 -0.0912196 0.025 0.0368013 -0.083847 0 0.032939 -0.0876156 0.025 0.0371319 -0.0834844 0.025 0.0405434 -0.0792615 0 0.0437027 -0.0742887 0 0.0408035 -0.078896 0.025 0.0462633 -0.0689642 0 0.0439093 -0.0739136 0.025 0.0464152 -0.0685901 0.025 0.0481805 -0.0633656 0 0.0494175 -0.0576013 0 0.0482779 -0.0630079 0.025 0.0499695 -0.0517217 0 0.0494683 -0.0572636 0.025 0.0499797 -0.051405 0.025 0.0498238 -0.045807 0 0.0489818 -0.0399671 0 0.0497988 -0.045519 0.025 0.0474584 -0.0342647 0 0.0489299 -0.0397172 0.025 0.0473857 -0.0340463 0.025 0.0452689 -0.02877 0 0.0424492 -0.0235809 0 0.0451826 -0.0285869 0.025 0.039042 -0.0187653 0 0.0423593 -0.0234372 0.025 0.0389521 -0.018653 0.025 0.0350822 -0.014374 0 0.0306318 -0.0104825 0 0.0349996 -0.0142928 0.025 0.0257671 -0.00715227 0 0.030565 -0.0104309 0.025 0.0257176 -0.00712242 0.025 0.0205309 -0.00441013 0 0.015 -0.00230304 0 0.0205041 -0.00439803 0.025 0.015 -0.00230304 0.025 -0.00440443 -0.0996541 0.025 -0.00985805 -0.0990186 0.025 -0.00590784 -0.0996485 0 -0.0117157 -0.098608 0 -0.0151869 -0.0976373 0.025 -0.0203239 -0.0956818 0.025 -0.0173751 -0.0968831 0 -0.0252018 -0.0931841 0.025 -0.0227815 -0.094507 0 -0.0278626 -0.0915171 0 -0.0297962 -0.0901515 0.025 -0.034023 -0.0866377 0.025 -0.0325722 -0.087934 0 -0.0378291 -0.0826949 0.025 -0.036819 -0.0838264 0 -0.0405434 -0.0792615 0 -0.0411937 -0.0783378 0.025 -0.0440548 -0.0736445 0.025 -0.0437166 -0.0742654 0 -0.0463789 -0.0686816 0.025 -0.046274 -0.0689365 0 -0.0481819 -0.0633584 0 -0.048151 -0.0634696 0.025 -0.0493379 -0.0581027 0.025 -0.0499295 -0.0526545 0.025 -0.0494221 -0.057578 0 -0.0499182 -0.0471496 0.025 -0.0499702 -0.0516905 0 -0.0498217 -0.0457933 0 -0.049303 -0.0416875 0.025 -0.0480983 -0.0363414 0.025 -0.048979 -0.0399481 0 -0.0463048 -0.0311367 0.025 -0.0474484 -0.0342347 0 -0.0452597 -0.028753 0 -0.0439538 -0.0261683 0.025 -0.0410826 -0.0215005 0.025 -0.0424426 -0.0235687 0 -0.0377002 -0.0171572 0.025 -0.0390228 -0.0187408 0 -0.0350645 -0.0143581 0 -0.0338668 -0.0132179 0.025 -0.0296386 -0.00973152 0.025 -0.0306263 -0.0104775 0 -0.0250319 -0.00671771 0.025 -0.025742 -0.00713645 0 -0.0205309 -0.00441013 0 -0.0201524 -0.00424155 0.025 -0.015 -0.00230304 0 -0.015 -0.00230304 0.025 0.0433013 0.05 1.77636e-17 0.0494221 0.057578 0 0.0499702 0.0516905 0 0.0278626 0.0915171 0 0.0224446 0.0870299 0 0.0227815 0.094507 0 -0.0410901 -0.063657 0 -0.0390088 -0.0687945 0 -0.0437166 -0.0742654 0 -0.0474484 -0.0342347 0 -0.0425043 -0.0417359 0 -0.048979 -0.0399481 0 0.041881 0.060996 0 0.0481819 0.0633584 0 0.0429445 0.0555453 0 0.0498217 0.0457933 0 -0.0291008 -0.0820633 0 -0.0278626 -0.0915171 0 -0.0325722 -0.087934 0 -0.0200259 -0.0883922 0 -0.0173751 -0.0968831 0 -0.0227815 -0.094507 0 0.046274 0.0689365 0 0.0401312 0.0662601 0 0.0429445 0.0444547 0 -0.0117157 -0.098608 0 -0.0149449 -0.09064 0 -0.00962202 -0.0922177 0 0.011702 -0.0986103 0 0.00692048 -0.0927443 0 0.0123331 -0.0915068 0 0.0377284 0.0712498 0 0.0437166 0.0742654 0 0.048979 0.0399481 0 0.0325493 -0.0879528 0 0.0311141 -0.0801137 0 0.0368013 -0.083847 0 0.0437027 -0.0742887 0 0.0401397 -0.0662414 0 0.0462633 -0.0689642 0 0.0346976 0.0759048 0 0.0310959 0.0801327 0 0.036819 0.0838264 0 0.0474484 0.0342347 0 0.0418876 0.0390295 0 0.0429445 -0.0444547 0 0.0489818 -0.0399671 0 0.0498238 -0.045807 0 0.0346976 -0.0240952 0 0.0350822 -0.014374 0 0.039042 -0.0187653 0 0.0325722 0.087934 0 0.0269876 0.0838611 0 0.0452597 0.028753 0 0.0424426 0.0235687 0 0.0401397 0.0337586 0 0.0390228 0.0187408 0 0.0377296 0.0287519 0 0.0350645 0.0143581 0 0.0347079 0.0241104 0 0.0175213 0.0895979 0 0.0173751 0.0968831 0 0.0311141 0.0198863 0 0.0306263 0.0104775 0 0.0270049 0.0161517 0 0.025742 0.00713645 0 0.0224483 0.012972 0 0.0175366 0.0104099 0 0.0205309 0.00441013 0 0.015 0.00230304 0 -0.0173457 0.0968936 0 -0.011702 0.0986103 0 -0.0149665 0.0906314 0 -0.00588884 0.0996518 0 -0.00964731 0.0922122 0 -0.0257671 0.00715227 0 -0.0247656 0.0144812 0 -0.0200259 0.0116078 0 -0.015 0.00230304 0 -0.00962202 0.00778233 0 -0.00964731 -0.00778778 0 -0.0306318 0.0104825 0 -0.0350822 0.014374 0 -0.0329642 0.021923 0 -0.0390088 0.0312055 0 -0.0424492 0.0235809 0 -0.0452689 0.02877 0 -0.0362883 0.0263747 0 -0.039042 0.0187653 0 -0.0410901 0.036343 0 -0.0474584 0.0342647 0 -0.0425001 0.0417117 0 -0.043212 0.0472214 0 -0.0489818 0.0399671 0 -0.0499695 0.0517217 0 -0.0494175 0.0576013 0 -0.043212 0.0527672 0 -0.0291008 0.0179367 0 -0.0405434 -0.0792615 0 -0.0362883 -0.0736253 0 -0.0390152 0.0687832 0 -0.0437027 0.0742887 0 -0.0405434 0.0792615 0 -0.0425001 -0.0582883 0 -0.0494221 -0.057578 0 -0.043212 -0.0527786 0 -0.0205309 0.00441013 0 -0.0149449 0.00935997 0 -0.0481819 -0.0633584 0 -0.046274 -0.0689365 0 0.00689822 -0.00725286 0 0.00692048 0.00725571 0 0.0123081 -0.00848556 0 -0.00416414 -0.00689957 0 -0.00414831 0.00689889 0 0.00138396 -0.00672132 0 -0.015 -0.00230304 0 -0.036819 -0.0838264 0 -0.0329642 -0.078077 0 -0.0247656 -0.0855188 0 -0.00590784 -0.0996485 0 -1.58243e-05 -0.099999 0 0.00139002 -0.0932789 0 0.00588884 -0.0996518 0 -0.00414831 -0.0931011 0 0.0224483 -0.087028 0 0.0278562 -0.0915208 0 0.0227608 -0.0945187 0 0.0175366 -0.0895901 0 0.0405434 -0.0792615 0 0.0347079 -0.0758896 0 0.0310959 -0.0198673 0 0.0269876 -0.0161389 0 0.0306318 -0.0104825 0 0.0257671 -0.00715227 0 0.0474584 -0.0342647 0 0.041881 -0.039004 0 0.0481805 -0.0633656 0 0.0429445 -0.0555453 0 0.0494175 -0.0576013 0 0.0433013 -0.05 1.77636e-17 0.0499695 -0.0517217 0 0.0401312 -0.0337399 0 0.0452689 -0.02877 0 0.0377296 -0.0712481 0 0.0205309 -0.00441013 0 0.0224446 -0.0129701 0 0.0175213 -0.0104021 0 0.015 -0.00230304 0 0.0270049 -0.0838483 0 0.0173457 -0.0968936 0 0.0418876 -0.0609705 0 0.0377284 -0.0287502 0 0.0424492 -0.0235809 0 0.0123331 0.00849322 0 -0.0205309 -0.00441013 0 -0.0149665 -0.00936864 0 -0.0247779 -0.0144888 0 -0.025742 -0.00713645 0 -0.0200327 -0.011612 0 -0.0291199 -0.0179535 0 -0.0350645 -0.0143581 0 -0.0306263 -0.0104775 0 -0.036293 -0.0263831 0 -0.0329793 -0.0219416 0 -0.0390152 -0.0312168 0 -0.0390228 -0.0187408 0 -0.0424426 -0.0235687 0 -0.0452597 -0.028753 0 -0.0410984 -0.0363666 0 -0.0498217 -0.0457933 0 -0.043212 -0.0472328 0 -0.0499702 -0.0516905 0 0.00139002 0.00672106 0 0.0405434 0.0792615 0 0.0117157 0.098608 0 0.0123081 0.0915144 0 0.00689822 0.0927471 0 0.00590784 0.0996485 0 0.00138396 0.0932787 0 1.58243e-05 0.099999 0 -0.00416414 0.0931004 0 -0.0200327 0.088388 0 -0.0227608 0.0945187 0 -0.0247779 0.0855112 0 -0.0291199 0.0820465 0 -0.0278562 0.0915208 0 -0.0329793 0.0780584 0 -0.0325493 0.0879528 0 -0.0368013 0.083847 0 -0.036293 0.0736169 0 -0.0410984 0.0636334 0 -0.0462633 0.0689642 0 -0.0425043 0.0582641 0 -0.0481805 0.0633656 0 -0.0498238 0.045807 0 0.0447948 0.0524732 0.047075 0.0399 0.0567005 0.0543769 0.0405253 0.050863 0.0542719 0.0405929 0.0450184 0.0537645 0.0400981 0.0392259 0.0528569 0.0448311 0.0441277 0.0463469 0.0436089 0.035947 0.0450195 0.0494983 0.0538369 0.030933 0.0478357 0.0531567 0.039205 0.0495166 0.0454862 0.0302665 0.0390495 0.0335895 0.0515653 0.0374667 0.028191 0.0499115 0.0411625 0.0281609 0.0431301 0.035361 0.0230783 0.0479084 0.0375606 0.0209877 0.0407318 0.0439161 0.0287798 0.0360035 0.040058 0.021549 0.0342684 0.0327659 0.0183389 0.0455881 0.0350753 0.015117 0.0322732 0.0329043 0.014629 0.0378919 0.029108 0.00966415 0.0300738 0.0297238 0.0140442 0.0429883 0.0262725 0.0102445 0.0401409 0.0273244 0.00926325 0.03469 0.0223236 0.00534362 0.0277319 0.015 0.00230304 0.025 0.0205309 0.00441013 0.025 0.0209774 0.00504102 0.0312162 0.025742 0.00713645 0.025 0.0306263 0.0104775 0.025 0.0139512 0.00230304 0.0305103 0.0147357 0.00230304 0.0278028 0.0183386 0.00433725 0.0338641 0.0224493 0.00698715 0.0370771 -0.00903782 0.0181497 0.0624683 -0.0156234 0.0181578 0.0602418 -0.00760414 0.0121619 0.0567876 0.0435011 0.0607493 0.0471835 0.0387224 0.0624552 0.0540763 0.0480905 0.06208 0.0314329 0.0453327 0.0699839 0.0317523 0.0437963 0.0693553 0.0393964 0.0370095 0.0680329 0.0533733 0.0409862 0.0687237 0.0466692 0.0373208 0.0761724 0.0455467 0.03479 0.0733518 0.0522807 0.0320864 0.0783597 0.0508098 0.0326077 0.0828864 0.0438473 0.0289353 0.0829805 0.0489799 0.0288734 0.089103 0.0367166 0.0361125 0.0839026 0.0318187 0.029909 0.0895268 0.0315639 0.0269792 0.0886773 0.0416189 0.0253957 0.0871296 0.0468251 0.0215009 0.0907746 0.0443666 0.0205934 0.0933824 0.038924 0.0173029 0.0938614 0.0416366 0.0136295 0.0968697 0.0358382 0.00628303 0.0990413 0.0324481 0.00826794 0.0981712 0.0355389 0.012872 0.0963365 0.0386806 0.0035409 0.099345 0.0322458 0.00706977 0.0992694 0.0297481 -0.00123985 0.0998362 0.028849 0.00679167 0.0991556 0.0311317 3.42407e-10 0.0998154 0.025 -0.00587919 0.0995399 0.025 0.00587919 0.0995399 0.025 -0.0494658 0.0512788 0.0321766 -0.0499695 0.0517217 0.025 -0.0498238 0.045807 0.025 -0.0325493 0.0879528 0.025 -0.0368013 0.083847 0.025 -0.0320367 0.0883312 0.0270894 0.0177425 0.00816272 0.045853 0.0137452 0.00421037 0.0396417 0.0166256 0.00446613 0.037258 -0.0489818 0.0399671 0.025 -0.0472956 0.0347952 0.0306515 -0.0490694 0.0429379 0.0315054 -0.0174792 0.0250405 0.0646422 -0.0242224 0.0251541 0.0609994 -0.0452689 0.02877 0.025 -0.0441941 0.0270793 0.029639 -0.0474584 0.0342647 0.025 -0.039042 0.0187653 0.025 -0.0343912 0.0137763 0.0272554 -0.039852 0.0200068 0.0284963 -0.0424492 0.0235809 0.025 -0.00840129 0.00230304 0.0374263 -0.0109896 0.003571 0.0399525 -0.0103033 0.00230304 0.0359013 -0.015 0.00230304 0.025 -0.0199114 0.00425188 0.0282627 -0.0205309 0.00441013 0.025 -0.0148018 0.00230304 0.0274301 -0.0257671 0.00715227 0.025 -0.0330329 0.0133565 0.033129 -0.0382894 0.0195238 0.0352529 -0.0306318 0.0104825 0.025 -0.0350822 0.014374 0.025 -0.0424712 0.0265468 0.037089 -0.0475631 0.0506908 0.0404038 -0.047174 0.0423521 0.0397011 -0.0439177 0.0418337 0.0474621 0.00506516 0.0410086 0.0739234 0.00511173 0.0329274 0.0717161 0.0131343 0.0332411 0.0702397 -0.0270986 0.04082 0.0660048 -0.0188443 0.0326239 0.0679298 -0.0196804 0.040695 0.0700122 -0.00217181 0.0182367 0.0635535 -0.00163545 0.0122375 0.057731 0.00440531 0.0123936 0.0576551 0.00698754 0.0037988 0.0427939 0.00776597 0.00230304 0.0378327 0.0105014 0.00398577 0.0415049 0.0103444 0.0126258 0.0565621 0.00477711 0.0184163 0.0634662 0.0258866 0.013702 0.0476348 0.0212418 0.0132895 0.0514788 0.0215587 0.00850158 0.0426948 -0.0302536 0.025369 0.0562735 -0.0217391 0.0182608 0.056938 0.00974128 0.00230304 0.036406 -0.037929 0.033304 0.0529756 -0.032449 0.0329738 0.0590172 0.0128742 0.00230304 0.0326977 -0.0423083 0.0337262 0.0460992 -0.0353992 0.0256791 0.0506006 -0.0397534 0.0497327 0.0553248 -0.0442943 0.0501704 0.0481945 -0.0393942 0.0413976 0.0545652 -0.0454607 0.034228 0.0385858 -0.0484735 0.0595839 0.0326464 -0.0494175 0.0576013 0.025 -0.0462633 0.0689642 0.025 -0.0481805 0.0633656 0.025 -0.0461205 0.0676199 0.0329015 -0.0413416 0.0665956 0.0477038 -0.0408622 0.0746635 0.0398993 -0.0443623 0.0670765 0.0405043 -0.0437027 0.0742887 0.025 -0.0424729 0.0751613 0.0329348 -0.0362151 0.0815582 0.0388761 -0.0317366 0.0879333 0.0323386 -0.0376329 0.0819964 0.0327454 -0.0251821 0.093114 0.0276542 -0.0405434 0.0792615 0.025 -0.0174617 0.0964757 0.030924 -0.0249493 0.0928053 0.0317257 -0.02403 0.0925212 0.0357007 -0.0278562 0.0915208 0.025 -0.0172995 0.0967182 0.025 -0.0227608 0.0945187 0.025 -0.0176206 0.0966865 0.0281445 -0.0116951 0.09853 0.025 -0.00901029 0.0991751 0.0257892 0.0414233 0.0221077 0.027475 0.0465415 0.0366062 0.0374296 0.0481448 0.0372622 0.0294522 0.0478604 0.0448086 0.0385069 0.0464682 0.0614162 0.0395043 0.0398949 0.076751 0.0388845 0.0348736 0.0833957 0.0379828 0.0220626 0.0937126 0.0351215 0.0146325 0.0970952 0.0332423 0.0151809 0.0973195 0.0305138 0.0228659 0.0940413 0.0311248 0.0350645 0.0143581 0.025 0.0424426 0.0235687 0.025 0.0454216 0.0293957 0.0285129 0.048979 0.0399481 0.025 0.0481819 0.0633584 0.025 0.0413023 0.0773268 0.0318821 0.0405434 0.0792615 0.025 0.0229801 0.0943589 0.027049 0.0152589 0.0975364 0.0277313 0.0390228 0.0187408 0.025 0.0452597 0.028753 0.025 0.0474484 0.0342347 0.025 0.0498217 0.0457933 0.025 0.0499702 0.0516905 0.025 0.0494221 0.057578 0.025 0.046274 0.0689365 0.025 0.0437166 0.0742654 0.025 0.036819 0.0838264 0.025 0.0325722 0.087934 0.025 0.0300563 0.0899363 0.0263091 0.0227815 0.094507 0.025 0.00710931 0.0993794 0.028337 0.0278626 0.0915171 0.025 0.0173751 0.0968831 0.025 0.00690916 0.0994824 0.0269391 0.0116951 0.09853 0.025 -0.00940508 0.0990606 0.0271441 -0.00956448 0.0989484 0.0285465 -0.00948389 0.0988415 0.0299561 -0.0184643 0.0040215 0.0317118 -0.026849 0.00821772 0.0307769 -0.0222682 0.00765574 0.039529 -0.0189351 0.00745486 0.0432036 -0.0274573 0.0126724 0.0437817 -0.027209 0.0184557 0.052652 -0.0186455 0.0122585 0.0519801 -0.046617 0.0590101 0.040674 -0.0337793 0.0811704 0.0446816 -0.0305514 0.087567 0.0374633 -0.0142581 0.0959658 0.0385593 -0.0157559 0.0961101 0.0362075 -0.0202567 0.0920583 0.04291 -0.0380951 0.074223 0.0464944 -0.0168341 0.0962818 0.0336377 -0.00916563 0.0987431 0.0313322 -0.0142126 0.00230304 0.0297959 -0.0132479 0.00230304 0.032035 -0.0164539 0.00382771 0.0348686 -0.0249317 0.00791249 0.0353467 -0.0306992 0.0129849 0.0386911 -0.0356049 0.0190965 0.0416512 -0.0395112 0.0260755 0.0441439 -0.0434275 0.0585023 0.0482759 -0.0318942 0.0658746 0.0600821 -0.0294409 0.0735625 0.0578335 -0.0342512 0.0738524 0.0525303 -0.0221471 0.0867568 0.0506601 -0.0256867 0.0869702 0.0467578 -0.0261612 0.080589 0.0546632 -0.0285152 0.0872428 0.0423163 -0.0224507 0.0922698 0.0394649 -0.0303955 0.0808442 0.0499949 -0.0119332 0.00230304 0.0340882 -0.0139382 0.00367609 0.037642 -0.0318756 0.018737 0.0475071 -0.0274107 0.0491528 0.0668083 -0.0269534 0.0575094 0.0664382 -0.0334522 0.057741 0.061346 -0.0389967 0.0580752 0.0552332 -0.0371453 0.0661911 0.0542929 -0.0179983 0.086609 0.053911 -0.0133597 0.0865308 0.0564168 -0.0142933 0.0917781 0.0484583 -0.00861886 0.0986561 0.0326354 -0.0234005 0.0124279 0.0482542 -0.0102178 0.0250315 0.0670972 -0.0337335 0.0410564 0.0608059 -0.0340711 0.0493902 0.0615895 -0.0238028 0.0733616 0.0622513 -0.0257394 0.0656553 0.0649049 -0.0106953 0.0917175 0.0504019 -0.0175113 0.0918928 0.0459368 -0.0123839 0.0958528 0.0406257 -0.00785931 0.0985829 0.0338281 0.000843363 0.00230304 0.0399759 -0.000441349 0.00355799 0.0435188 -0.00159325 0.00230304 0.0399148 -0.00769275 0.00351547 0.0417335 -0.0150285 0.00731563 0.0462648 -0.005957 0.00723625 0.0502146 -0.013329 0.0121689 0.0548521 -0.0106605 0.00724206 0.0486244 -0.0260258 0.0327448 0.0640502 -0.0118629 0.0573774 0.0730088 -0.0114476 0.0655302 0.0711277 -0.0188578 0.0655393 0.0686224 -0.0107109 0.073247 0.0679517 -0.00967356 0.0803113 0.06357 -0.015649 0.0803187 0.0615498 -0.0211981 0.0804121 0.0585521 -0.010187 0.0957745 0.0423471 -0.00836467 0.0865247 0.0581056 -0.00690882 0.0985256 0.034876 -0.00627746 0.00230304 0.038623 -0.00398795 0.00230304 0.0394599 -0.00414264 0.00351109 0.0429338 -0.0119452 0.0490175 0.0735422 -0.00336379 0.0407907 0.0740293 -0.00358487 0.0491234 0.0748636 -0.019964 0.0490274 0.0708311 -0.0196873 0.057387 0.0703635 -0.017499 0.0732554 0.0656567 -0.00508579 0.0957299 0.0445682 -0.00278161 0.0917639 0.0523503 -0.00232819 0.0957648 0.0450041 -0.00773075 0.0957331 0.043674 -0.00320784 0.0984633 0.0368753 -0.00454915 0.0984649 0.0364218 -0.00579476 0.0984859 0.0357489 0.0278548 0.0341376 0.0633731 0.0322613 0.026985 0.0554879 0.0341292 0.0346947 0.0581805 -0.0111109 0.0326143 0.0705443 -0.0116922 0.0406852 0.072713 0.00409735 0.0658302 0.0722506 -0.00363371 0.0733367 0.0690703 -0.00372175 0.0656281 0.0723488 0.00130651 0.0918696 0.0522989 0.00211365 0.0867269 0.0588625 0.00729551 0.0869295 0.0579088 -0.00682097 0.0917127 0.0517118 -0.00315695 0.0865907 0.0589287 0.00330463 0.00365482 0.0434717 -0.00105318 0.00729839 0.0509897 -0.0026472 0.0251275 0.0682938 -0.00304828 0.0327165 0.0718187 0.0204123 0.0584236 0.0698595 0.0117848 0.0661307 0.0708358 0.0126678 0.0580115 0.0727006 -0.00370532 0.0574808 0.0742982 -0.00344367 0.0803903 0.0645547 0.00824131 0.0962508 0.0421155 0.00582457 0.0960835 0.0435036 0.0127007 0.0924759 0.0481191 -0.00180942 0.098481 0.0370963 0.00325754 0.00230304 0.0396416 0.00558556 0.00230304 0.0389208 0.00390985 0.00742668 0.0509273 0.00501481 0.0253255 0.0681975 0.0048764 0.0493421 0.0747573 0.00455075 0.0576942 0.0741944 0.0168036 0.0875086 0.0534736 0.0252828 0.0819188 0.0540167 0.0208562 0.0878684 0.0501197 0.00352894 0.0735219 0.0689803 0.00286146 0.0805532 0.0644755 0.000462698 0.0958369 0.044969 0.00532581 0.0920267 0.0515592 0.0032066 0.0959442 0.044464 0.00878932 0.00761743 0.0500293 0.011609 0.0186834 0.0622088 0.0125478 0.02562 0.0668111 0.0349651 0.0511747 0.060722 0.0284591 0.050597 0.0661062 0.035039 0.0428341 0.0599417 0.0133522 0.0413325 0.0723983 0.0131952 0.0496673 0.0732263 0.010571 0.0737972 0.0676843 0.00906042 0.0807956 0.0633346 0.0103873 0.0964414 0.0403395 0.0158441 0.092755 0.0455176 -0.000394105 0.0985176 0.0370785 0.00916064 0.0922308 0.0501524 0.0160109 0.0129273 0.0544834 0.0134449 0.00786515 0.0483215 0.0181274 0.0190302 0.0598176 0.0197351 0.0260024 0.0641745 0.0207888 0.0336483 0.0674317 0.0212589 0.0417533 0.0694978 0.0211322 0.0500897 0.0703147 0.0339098 0.0594823 0.0604995 0.0319025 0.0675237 0.0592804 0.0258903 0.0669898 0.0642561 0.0191195 0.066521 0.0681451 0.0172899 0.0741547 0.0652196 0.0149749 0.0811103 0.0611649 0.0122396 0.0871926 0.0560951 0.000997376 0.098572 0.0368224 0.002325 0.0986426 0.0363354 0.00355057 0.0987275 0.0356315 0.0114594 0.00230304 0.0346785 0.0241447 0.0194468 0.0563614 0.0263699 0.0264618 0.0603636 0.0285578 0.0422586 0.0653054 0.0275616 0.0589186 0.0657531 0.0234922 0.0745841 0.061657 0.0204347 0.0814883 0.0580289 0.0294879 0.0199213 0.0519395 0.0289997 0.0750732 0.0570991 0.00463882 0.0988241 0.0347309 0.00654832 -0.0995693 0.025 0.0122866 -0.0983109 0.025 0.00917467 -0.099135 0.0262555 0.00375343 -0.0984616 0.0367212 0.00616165 -0.0957266 0.0442644 0.00247826 -0.0984702 0.0370209 -0.049303 -0.0416875 0.025 -0.0492667 -0.045335 0.0321434 -0.047903 -0.0371158 0.0312692 -0.0395817 -0.076664 0.0399103 -0.0359257 -0.0837896 0.0332227 -0.034598 -0.0833191 0.0388858 -0.0480983 -0.0363414 0.025 -0.0126296 -0.0738962 0.067065 -0.0140321 -0.0662389 0.0701597 -0.018737 -0.0742454 0.0645105 -0.0354146 -0.0512204 0.0602749 -0.0392744 -0.0600984 0.0542496 -0.0343484 -0.0595269 0.0600632 -0.0156271 -0.0497843 0.0724947 -0.00820239 -0.0411181 0.0735163 -0.0157747 -0.0414491 0.0716695 -0.0220805 -0.0585282 0.0690423 -0.0228418 -0.0501969 0.0694771 -0.0285696 -0.0589991 0.0650349 0.0221646 -0.0407231 0.0688483 0.0277104 -0.0327922 0.0628949 0.0212492 -0.0326511 0.0668029 -0.000431309 -0.0408751 0.0741584 0.00690454 -0.0326542 0.0713837 -0.000625731 -0.0327982 0.0719437 0.0278199 -0.0127008 0.0432981 0.024989 -0.00791956 0.0352367 0.0225661 -0.00767901 0.0391318 0.0231736 -0.0183011 0.0559542 0.0280877 -0.0184989 0.0518097 0.0241644 -0.0124655 0.047522 0.0198532 -0.00423959 0.0284406 0.0185075 -0.00402684 0.0316288 0.015 -0.00230304 0.025 0.0148152 -0.00230304 0.0273471 0.0322927 -0.0187696 0.0469508 0.0307689 -0.0129936 0.0385572 0.0166788 -0.00384527 0.0345687 0.0176714 -0.0181809 0.0592822 0.0198925 -0.0122935 0.0511249 0.0197373 -0.025066 0.0635841 0.0258042 -0.0251985 0.0599146 -0.00802566 -0.0494521 0.0743486 0.0131714 -0.0250225 0.066263 0.00626811 -0.0250689 0.0678853 -0.00814886 -0.0330334 0.071322 -0.0370825 -0.0761294 0.0460272 -0.0336539 -0.0756077 0.051677 -0.0369832 -0.0681072 0.0533614 -0.0294922 -0.0506795 0.0653701 -0.0451009 -0.0698436 0.0334934 -0.0440548 -0.0736445 0.025 -0.0415702 -0.0777194 0.0268856 -0.0404631 -0.0518062 0.0543168 -0.0432265 -0.0606997 0.0477374 -0.0478457 -0.0619319 0.0332713 -0.0463789 -0.0686816 0.025 -0.0492475 -0.0536852 0.0328171 -0.0499182 -0.0471496 0.025 -0.0439538 -0.0261683 0.025 -0.0412174 -0.0219831 0.0290223 -0.0410826 -0.0215005 0.025 -0.0463048 -0.0311367 0.025 -0.0360832 -0.0154943 0.0277127 -0.0377002 -0.0171572 0.025 -0.0451945 -0.0292583 0.030219 -0.0338668 -0.0132179 0.025 -0.0299361 -0.00997414 0.0263269 -0.0296386 -0.00973152 0.025 -0.0250319 -0.00671771 0.025 -0.028891 -0.00960386 0.0307846 -0.0493379 -0.0581027 0.025 -0.0221598 -0.0052981 0.0282684 -0.015 -0.00230304 0.025 -0.0201524 -0.00424155 0.025 -0.048151 -0.0634696 0.025 -0.0297528 -0.0894322 0.0327375 -0.0301061 -0.0898156 0.0278873 -0.0411937 -0.0783378 0.025 -0.034023 -0.0866377 0.025 -0.0363483 -0.0842482 0.0274204 -0.0378291 -0.0826949 0.025 -0.0297962 -0.0901515 0.025 -0.0252018 -0.0931841 0.025 -0.0230188 -0.0942654 0.0282731 -0.0206993 -0.0666201 0.0673711 -0.026845 -0.0670661 0.0635758 -0.00702782 -0.099244 0.0300632 -0.0150982 -0.0972695 0.0311353 -0.0071227 -0.099347 0.0287608 -0.0203239 -0.0956818 0.025 -0.0152853 -0.0974725 0.028567 -0.00701209 -0.0994447 0.0274592 -0.0150672 -0.0976653 0.0260004 -0.0151869 -0.0976373 0.025 -0.00555846 -0.0989297 0.0336595 -0.0122007 -0.0966497 0.0382268 -0.00623595 -0.0990328 0.0325431 -0.00669872 -0.0995349 0.0261905 -0.00985805 -0.0990186 0.025 -0.00440443 -0.0996541 0.025 -0.004714 -0.0988317 0.0346561 -0.0105355 -0.0964565 0.0401921 0.00106436 -0.0998377 0.025 0.00123985 -0.0998362 0.028849 -0.00372337 -0.0987413 0.0355083 -0.00858207 -0.0962781 0.0418727 -0.00261096 -0.0986605 0.0361953 -0.00638847 -0.0961189 0.0432274 0.0150455 -0.0573676 0.07211 0.0224577 -0.0490556 0.0696627 0.0152069 -0.0490075 0.0726211 -0.0135367 -0.0968529 0.0360254 -0.00672979 -0.0991384 0.0313344 -0.0145105 -0.0970612 0.033642 -0.0227447 -0.093968 0.0320351 -0.0407261 -0.0686767 0.0471938 -0.04109 -0.0771984 0.033477 -0.0499295 -0.0526545 0.025 -0.00400873 -0.0959828 0.0442227 -0.00140415 -0.0985915 0.0367001 -0.028643 -0.089039 0.0374714 -0.0434544 -0.0692603 0.0405163 -0.0218839 -0.093663 0.035707 -0.0461072 -0.0613159 0.0406867 -0.0474657 -0.0530539 0.0404168 -0.0474918 -0.0447062 0.0397141 -0.0461847 -0.036507 0.0385983 -0.0435811 -0.0286867 0.0371008 -0.0445507 -0.0440771 0.0469124 -0.0433375 -0.035898 0.0455669 -0.0397541 -0.0214646 0.0352636 -0.0348112 -0.0150436 0.0331383 -0.0327034 -0.0145927 0.0382971 -0.00150146 -0.0958732 0.0448342 -0.00013267 -0.0985359 0.0370102 -0.0268039 -0.0886456 0.0419725 -0.0323979 -0.0828486 0.0442703 -0.0204574 -0.0933578 0.0391983 -0.0445134 -0.0524224 0.0476427 -0.0409076 -0.0281148 0.0436441 -0.0394314 -0.0353037 0.0520034 -0.0405159 -0.0434632 0.053561 -0.0373295 -0.020946 0.041198 -0.0298118 -0.0141528 0.043062 -0.0208528 -0.00501851 0.0314675 -0.0271593 -0.00923343 0.035023 -0.0148152 -0.00230304 0.0273471 0.00117218 -0.0984952 0.037118 0.00107161 -0.0957928 0.0450468 -0.0242809 -0.0882618 0.0461299 -0.0293798 -0.0823894 0.0492437 -0.0185005 -0.0930601 0.0424229 -0.0323179 -0.0675659 0.0588673 -0.0293802 -0.0751119 0.0567206 -0.0372399 -0.0275568 0.0496878 -0.0345626 -0.0347388 0.0577493 -0.0354867 -0.0428797 0.0594963 -0.0340031 -0.0204399 0.0466792 -0.0262075 -0.0137346 0.0473156 -0.0190596 -0.0047457 0.0344223 -0.0247835 -0.00887197 0.0389378 -0.0142662 -0.00230304 0.0296334 0.00364712 -0.0957435 0.0448553 -0.0211362 -0.0878969 0.0498412 -0.0256178 -0.0819529 0.0536835 -0.0160613 -0.0927771 0.0453016 -0.0243668 -0.074654 0.0610339 -0.0326683 -0.0270264 0.0550831 -0.029587 -0.0423409 0.0645721 -0.0288511 -0.0342172 0.0626632 -0.0218223 -0.00852839 0.0424325 -0.0219793 -0.0133485 0.0509533 -0.029857 -0.0199588 0.0515723 -0.0133661 -0.00230304 0.0318074 -0.0168245 -0.00448637 0.03706 0.000783885 -0.0866435 0.0590094 0.000940953 -0.0918049 0.0524129 0.00564774 -0.0865504 0.0586478 -0.0174471 -0.08756 0.0530151 -0.0212046 -0.0815498 0.0574804 -0.0131998 -0.0925158 0.0477634 -0.0273054 -0.0265366 0.059697 -0.0229619 -0.0418601 0.0686634 -0.0224375 -0.0337517 0.066624 -0.0183485 -0.00821115 0.0454212 -0.0249932 -0.0195146 0.0557569 -0.0172314 -0.0130039 0.0538854 -0.0121369 -0.00230304 0.033814 -0.0142026 -0.00424692 0.0393158 0.00496627 -0.0984696 0.0362264 0.00855329 -0.0957424 0.0432886 -0.0133045 -0.0872593 0.0555734 -0.0162488 -0.0811902 0.0605408 -0.00998664 -0.0922826 0.0497477 -0.000224779 -0.0492082 0.0749932 -0.00762364 -0.0578014 0.0737957 -0.0154796 -0.0333539 0.0695341 -0.0212832 -0.0260995 0.0634161 -0.0195314 -0.0191183 0.0591298 -0.0144476 -0.00792804 0.0478302 -0.0120805 -0.0127093 0.0560398 -0.010609 -0.00230304 0.0356038 -0.0112583 -0.00403324 0.0411341 0.0107631 -0.0957907 0.041952 0.00608693 -0.0984941 0.0355485 -0.00881034 -0.0870024 0.0574531 -0.0108726 -0.0808828 0.0627895 -0.00650078 -0.0920833 0.0512057 -0.0028281 -0.0919227 0.0521015 -0.00407536 -0.0867954 0.0586079 -0.0150407 -0.0581257 0.0719867 -0.0147499 -0.025726 0.0661486 -0.0136062 -0.0187794 0.061608 -0.0102157 -0.00768606 0.0496002 -0.00881982 -0.00230304 0.0371326 -0.00806417 -0.0038506 0.04247 0.0269586 -0.0806282 0.0538989 0.0190864 -0.0866395 0.0531648 0.0228136 -0.0867896 0.0500213 -0.00520821 -0.0806351 0.0641709 -0.00619486 -0.0736149 0.0686344 -0.0070076 -0.0659318 0.0718729 -0.00786659 -0.0254251 0.0678274 -0.00736348 -0.0185065 0.0631306 -0.00665367 -0.0124721 0.0573633 -0.00575708 -0.00749115 0.0506876 -0.00469888 -0.00370348 0.0432908 -0.00463927 -0.00230304 0.0392642 -0.00681346 -0.00230304 0.0383629 0.00708781 -0.0985344 0.0347044 0.0127368 -0.0958701 0.0402874 0.000604812 -0.0804534 0.0646513 0.000408761 -0.0734085 0.06918 0.000201235 -0.0657064 0.0724686 -1.19395e-05 -0.0575635 0.0744246 0.0117165 -0.0181414 0.0617118 0.0151094 -0.0121891 0.0540179 -0.000802587 -0.0252042 0.0684111 0.00734714 -0.0407263 0.07358 -0.000956914 -0.0183063 0.06366 -0.00108438 -0.012298 0.0578235 0.00449019 -0.0121913 0.057409 -0.00124526 -0.00359552 0.0435762 -0.0011814 -0.00734811 0.0510657 -0.00235074 -0.00230304 0.0398144 0.00794426 -0.0985895 0.0337148 0.0144257 -0.0959788 0.0383359 0.0471405 -0.0347212 0.0316586 0.0451826 -0.0285869 0.025 0.0440484 -0.0270099 0.0305846 0.00642335 -0.0803421 0.0642186 0.00471358 -0.0917327 0.0521324 0.00701864 -0.073282 0.0686885 0.00741691 -0.0655684 0.071932 0.00760698 -0.0574177 0.0738581 0.0075835 -0.0490588 0.0744126 0.0149414 -0.0406752 0.0717953 0.0142565 -0.0326047 0.069656 0.00339861 -0.00726047 0.0507251 0.00993279 -0.0121547 0.05613 0.00545573 -0.0181836 0.0631831 0.00221163 -0.00352937 0.0433191 -4.22353e-06 -0.00230304 0.0399997 0.0086352 -0.0986581 0.032604 0.0157881 -0.0961141 0.0361456 0.0103964 -0.0865185 0.0575318 0.0121041 -0.0803039 0.0628836 0.0083969 -0.0917079 0.0512668 0.013472 -0.0732386 0.0671719 0.0144618 -0.065521 0.0702765 0.00787019 -0.00723039 0.0496743 0.00234249 -0.00230304 0.0398157 0.00558667 -0.00350667 0.042526 0.0205021 -0.0920774 0.0425827 0.0224979 -0.0922756 0.0393742 0.0285761 -0.0872503 0.0421994 0.014913 -0.0865484 0.055689 0.0175073 -0.0803397 0.0606791 0.0119002 -0.0917311 0.0498374 0.01961 -0.0732793 0.0646676 0.0211623 -0.0655654 0.0675426 0.0221205 -0.0574146 0.0692234 0.0381813 -0.0195011 0.035583 0.0356851 -0.0191064 0.0414971 0.0395996 -0.0260864 0.043974 0.0121232 -0.0072586 0.047939 0.00879677 -0.00352796 0.0412162 0.0068067 -0.00230304 0.0383665 0.0046316 -0.00230304 0.0392668 0.00914361 -0.0987385 0.0313995 0.0167907 -0.0962726 0.0337703 0.0224997 -0.0804487 0.0576594 0.0151372 -0.0918018 0.0478795 0.0252815 -0.0734031 0.0612373 0.0273535 -0.0657006 0.0637979 0.0303467 -0.073607 0.0569653 0.0286577 -0.0575573 0.0652694 0.0291575 -0.0492019 0.0656104 0.0288387 -0.0408689 0.0648115 0.0267718 -0.00820144 0.0310126 0.016053 -0.00734441 0.0455621 0.0117629 -0.00359272 0.0394222 0.00881422 -0.00230304 0.037137 0.00945698 -0.0988287 0.0301308 0.0174086 -0.0964505 0.0312685 0.0180282 -0.0919182 0.0454413 0.0459719 -0.0675491 0.0338665 0.0483166 -0.0595091 0.0336653 0.0442406 -0.0670508 0.0408756 0.032883 -0.0659232 0.0591344 0.0344962 -0.0577924 0.0603453 0.0351411 -0.0494428 0.0605639 0.0347995 -0.0411088 0.0597843 0.0334809 -0.0330245 0.0580281 0.0312226 -0.0254166 0.0553448 0.0144119 -0.00369937 0.037188 0.0195628 -0.0074857 0.0426021 0.0106047 -0.00230304 0.0356084 0.0248716 -0.0927683 0.0322302 0.0239664 -0.0925078 0.0358949 0.026003 -0.0869949 0.0463359 0.030774 -0.0808738 0.0494902 0.0346811 -0.073886 0.051957 0.0376146 -0.0662277 0.053667 0.0394923 -0.0581139 0.0545724 0.0402613 -0.0497723 0.0546476 0.0399001 -0.0414371 0.0538905 0.0384188 -0.0333423 0.0523224 0.0358591 -0.0257151 0.0499873 0.0121339 -0.00230304 0.0338185 0.00956758 -0.0989265 0.0288292 0.0176267 -0.0966433 0.0287018 0.0338521 -0.0811794 0.0445418 0.036117 -0.0815375 0.0391755 0.0407508 -0.07464 0.0402395 0.0381778 -0.0742332 0.0463355 0.0414318 -0.0666067 0.0475304 0.0435228 -0.0585141 0.0480928 0.044392 -0.0501824 0.0480069 0.044015 -0.0418457 0.0472752 0.0424025 -0.0337378 0.0459182 0.0142655 -0.00230304 0.0296363 0.0133643 -0.00230304 0.0318113 0.0094727 -0.0990294 0.0275267 0.0174396 -0.0968463 0.0261336 0.0304694 -0.0875497 0.0377136 0.0464886 -0.058983 0.0410661 0.0489092 -0.0428615 0.0325456 0.0497988 -0.045519 0.025 0.0489299 -0.0397172 0.025 0.0474315 -0.050663 0.0408056 0.0470429 -0.0423244 0.0401014 0.0453337 -0.0342013 0.0389733 0.042352 -0.0265216 0.0374529 0.0342764 -0.0137216 0.0280009 0.0329389 -0.0133366 0.0334159 0.0232738 -0.094253 0.025 0.0380058 -0.0823749 0.0277251 0.0320483 -0.0882497 0.0281419 0.0371319 -0.0834844 0.025 0.0316364 -0.0878855 0.032989 0.0375131 -0.0819393 0.0335236 0.0423367 -0.0750964 0.0338188 0.0493049 -0.0512022 0.0332209 0.0397199 -0.0199439 0.0293539 0.0389521 -0.018653 0.025 0.0278707 -0.0085177 0.0265637 0.0205041 -0.00439803 0.025 0.0178597 -0.0965193 0.025 0.0251911 -0.0930507 0.0284706 0.0428965 -0.0755913 0.0272317 0.0482779 -0.0630079 0.025 0.0494683 -0.0572636 0.025 0.0473857 -0.0340463 0.025 0.0423593 -0.0234372 0.025 0.0349996 -0.0142928 0.025 0.030565 -0.0104309 0.025 0.0257176 -0.00712242 0.025 0.0282988 -0.0912196 0.025 0.032939 -0.0876156 0.025 0.0408035 -0.078896 0.025 0.0439093 -0.0739136 0.025 0.0464152 -0.0685901 0.025 0.0499797 -0.051405 0.025 0.0139512 0.00230304 0.0305103 0.0133643 -0.00230304 0.0318113 0.0142655 -0.00230304 0.0296363 0.015 0.00230304 0.025 0.0147357 0.00230304 0.0278028 0.0148152 -0.00230304 0.0273471 0.0106047 -0.00230304 0.0356084 0.00974128 0.00230304 0.036406 0.00881422 -0.00230304 0.037137 0.0114594 0.00230304 0.0346785 0.0121339 -0.00230304 0.0338185 0.0128742 0.00230304 0.0326977 0.000843363 0.00230304 0.0399759 0.00234249 -0.00230304 0.0398157 0.00325754 0.00230304 0.0396416 0.00558556 0.00230304 0.0389208 0.0068067 -0.00230304 0.0383665 0.00776597 0.00230304 0.0378327 -0.00463927 -0.00230304 0.0392642 -0.00398795 0.00230304 0.0394599 -0.00627746 0.00230304 0.038623 -4.22353e-06 -0.00230304 0.0399997 -0.00159325 0.00230304 0.0399148 -0.00235074 -0.00230304 0.0398144 -0.0103033 0.00230304 0.0359013 -0.0119332 0.00230304 0.0340882 -0.010609 -0.00230304 0.0356038 -0.00840129 0.00230304 0.0374263 -0.00881982 -0.00230304 0.0371326 -0.00681346 -0.00230304 0.0383629 -0.0121369 -0.00230304 0.033814 -0.0132479 0.00230304 0.032035 -0.0142126 0.00230304 0.0297959 -0.0133661 -0.00230304 0.0318074 -0.0148018 0.00230304 0.0274301 -0.0142662 -0.00230304 0.0296334 -0.0148152 -0.00230304 0.0273471 -0.015 0.00230304 0.025 -0.015 -0.00230304 0.025 0.0046316 -0.00230304 0.0392668 0.015 -0.00230304 0.025 0.00115993 0.074743 0 0.00298185 0.0763557 0 0.00345554 0.0745278 0 0.00573436 0.0740974 2e-07 -0.00115247 0.074743 0 -0.00345554 0.0745278 0 -0.00298185 0.0763557 0 -0.00573436 0.0740974 -1.95399e-17 3.22866e-10 0.0783013 0 0.00115993 -0.025257 0 0.00298185 -0.0236443 0 0.00345554 -0.0254722 0 0.00573436 -0.0259026 2e-07 -0.00115247 -0.025257 0 -0.00345554 -0.0254722 0 -0.00298185 -0.0236443 0 -0.00573436 -0.0259026 -3.01981e-17 3.22866e-10 -0.0216987 0 -0.000619345 0.0574744 0 0.000318309 0.0574932 -0.0236075 0.000619345 0.0574744 0 -0.00747298 0.049364 -0.0236075 -0.00747298 0.050636 -0.0236075 -0.0075 0.05 0 0.00158009 0.0573317 -0.0236075 0.00184114 0.0572705 0 0.00301272 0.0568683 0 0.00279642 0.0569592 -0.0236075 0.0039323 0.0563865 -0.0236075 0.00410211 0.0562787 0 0.00495506 0.05563 -0.0236075 0.00507961 0.0555179 0 0.00591855 0.0546066 0 0.00583527 0.0547117 -0.0236075 0.00654761 0.0536577 -0.0236075 0.00659605 0.0535696 0 0.00707158 0.0524985 -0.0236075 0.00709363 0.0524352 0 0.00739771 0.0512345 0 0.00739212 0.0512675 -0.0236075 0.0075 0.05 -0.0236075 0.0075 0.05 0 -0.000952634 0.0574393 -0.0236075 -0.00184114 0.0572705 0 -0.00219617 0.0571712 -0.0236075 -0.00301272 0.0568683 0 -0.00337653 0.0566969 -0.0236075 -0.00445975 0.05603 -0.0236075 -0.00410211 0.0562787 0 -0.00507961 0.0555179 0 -0.00541467 0.0551895 -0.0236075 -0.00591855 0.0546066 0 -0.00621382 0.0541998 -0.0236075 -0.00683421 0.0530893 -0.0236075 -0.00659605 0.0535696 0 -0.00709363 0.0524352 0 -0.007258 0.0518898 -0.0236075 -0.00739771 0.0512345 0 -0.00621382 0.0458002 -0.0236075 -0.00683421 0.0469107 -0.0236075 -0.00659605 0.0464304 0 -0.007258 0.0481102 -0.0236075 -0.00739771 0.0487655 0 -0.00709363 0.0475648 0 -0.00410211 0.0437213 0 -0.00337653 0.0433031 -0.0236075 -0.00445975 0.04397 -0.0236075 -0.00591855 0.0453934 0 -0.00507961 0.0444821 0 -0.00541467 0.0448105 -0.0236075 -0.000952634 0.0425607 -0.0236075 -0.000619345 0.0425256 0 0.000318309 0.0425068 -0.0236075 -0.00219617 0.0428287 -0.0236075 -0.00301272 0.0431317 0 -0.00184114 0.0427295 0 0.0039323 0.0436135 -0.0236075 0.00279642 0.0430408 -0.0236075 0.00301272 0.0431317 0 0.00184114 0.0427295 0 0.00158009 0.0426683 -0.0236075 0.000619345 0.0425256 0 0.00591855 0.0453934 0 0.00583527 0.0452884 -0.0236075 0.00507961 0.0444821 0 0.00410211 0.0437213 0 0.00495506 0.04437 -0.0236075 0.00654761 0.0463423 -0.0236075 0.00659605 0.0464304 0 0.00709363 0.0475648 0 0.00707158 0.0475015 -0.0236075 0.00739771 0.0487655 0 0.00739212 0.0487325 -0.0236075 -0.00507961 0.0555179 0 -0.00410211 0.0562787 0 -0.00301272 0.0568683 0 -0.00301272 0.0431317 0 -0.00410211 0.0437213 0 0.00739771 0.0512345 0 -0.00184114 0.0572705 0 -0.00591855 0.0546066 0 -0.000619345 0.0574744 0 -0.00659605 0.0535696 0 -0.00709363 0.0524352 0 0.000619345 0.0574744 0 -0.00739771 0.0512345 0 0.00184114 0.0572705 0 -0.0075 0.05 0 0.00301272 0.0568683 0 0.00410211 0.0562787 0 -0.00739771 0.0487655 0 0.00659605 0.0535696 0 -0.00591855 0.0453934 0 0.00591855 0.0546066 0 -0.00659605 0.0464304 0 -0.00709363 0.0475648 0 0.00507961 0.0555179 0 0.0075 0.05 0 -0.00507961 0.0444821 0 0.00709363 0.0524352 0 0.00709363 0.0475648 0 0.00659605 0.0464304 0 0.000619345 0.0425256 0 0.00739771 0.0487655 0 -0.000619345 0.0425256 0 -0.00184114 0.0427295 0 0.00301272 0.0431317 0 0.00507961 0.0444821 0 0.00410211 0.0437213 0 0.00591855 0.0453934 0 0.00184114 0.0427295 0 -0.000619345 -0.0425256 0 0.000318309 -0.0425068 -0.0236075 0.000619345 -0.0425256 0 -0.00747298 -0.050636 -0.0236075 -0.00747298 -0.049364 -0.0236075 -0.0075 -0.05 0 0.00158009 -0.0426683 -0.0236075 0.00184114 -0.0427295 0 0.00301272 -0.0431317 0 0.00279642 -0.0430408 -0.0236075 0.0039323 -0.0436135 -0.0236075 0.00410211 -0.0437213 0 0.00495506 -0.04437 -0.0236075 0.00507961 -0.0444821 0 0.00591855 -0.0453934 0 0.00583527 -0.0452884 -0.0236075 0.00654761 -0.0463423 -0.0236075 0.00659605 -0.0464304 0 0.00707158 -0.0475015 -0.0236075 0.00709363 -0.0475648 0 0.00739771 -0.0487655 0 0.00739212 -0.0487325 -0.0236075 0.0075 -0.05 -0.0236075 0.0075 -0.05 0 -0.000952634 -0.0425607 -0.0236075 -0.00184114 -0.0427295 0 -0.00219617 -0.0428287 -0.0236075 -0.00301272 -0.0431317 0 -0.00337653 -0.0433031 -0.0236075 -0.00445975 -0.04397 -0.0236075 -0.00410211 -0.0437213 0 -0.00507961 -0.0444821 0 -0.00541467 -0.0448105 -0.0236075 -0.00591855 -0.0453934 0 -0.00621382 -0.0458002 -0.0236075 -0.00683421 -0.0469107 -0.0236075 -0.00659605 -0.0464304 0 -0.00709363 -0.0475648 0 -0.007258 -0.0481102 -0.0236075 -0.00739771 -0.0487655 0 -0.00621382 -0.0541998 -0.0236075 -0.00683421 -0.0530893 -0.0236075 -0.00659605 -0.0535696 0 -0.007258 -0.0518898 -0.0236075 -0.00739771 -0.0512345 0 -0.00709363 -0.0524352 0 -0.00410211 -0.0562787 0 -0.00337653 -0.0566969 -0.0236075 -0.00445975 -0.05603 -0.0236075 -0.00591855 -0.0546066 0 -0.00507961 -0.0555179 0 -0.00541467 -0.0551895 -0.0236075 -0.000952634 -0.0574393 -0.0236075 -0.000619345 -0.0574744 0 0.000318309 -0.0574932 -0.0236075 -0.00219617 -0.0571712 -0.0236075 -0.00301272 -0.0568683 0 -0.00184114 -0.0572705 0 0.0039323 -0.0563865 -0.0236075 0.00279642 -0.0569592 -0.0236075 0.00301272 -0.0568683 0 0.00184114 -0.0572705 0 0.00158009 -0.0573317 -0.0236075 0.000619345 -0.0574744 0 0.00591855 -0.0546066 0 0.00583527 -0.0547117 -0.0236075 0.00507961 -0.0555179 0 0.00410211 -0.0562787 0 0.00495506 -0.05563 -0.0236075 0.00654761 -0.0536577 -0.0236075 0.00659605 -0.0535696 0 0.00709363 -0.0524352 0 0.00707158 -0.0524985 -0.0236075 0.00739771 -0.0512345 0 0.00739212 -0.0512675 -0.0236075 -0.00507961 -0.0444821 0 -0.00410211 -0.0437213 0 -0.00301272 -0.0431317 0 -0.00301272 -0.0568683 0 -0.00410211 -0.0562787 0 0.00739771 -0.0487655 0 -0.00184114 -0.0427295 0 -0.00591855 -0.0453934 0 -0.000619345 -0.0425256 0 -0.00659605 -0.0464304 0 -0.00709363 -0.0475648 0 0.000619345 -0.0425256 0 -0.00739771 -0.0487655 0 0.00184114 -0.0427295 0 -0.0075 -0.05 0 0.00301272 -0.0431317 0 0.00410211 -0.0437213 0 -0.00739771 -0.0512345 0 0.00659605 -0.0464304 0 -0.00591855 -0.0546066 0 0.00591855 -0.0453934 0 -0.00659605 -0.0535696 0 -0.00709363 -0.0524352 0 0.00507961 -0.0444821 0 0.0075 -0.05 0 -0.00507961 -0.0555179 0 0.00709363 -0.0475648 0 0.00709363 -0.0524352 0 0.00659605 -0.0535696 0 0.000619345 -0.0574744 0 0.00739771 -0.0512345 0 -0.000619345 -0.0574744 0 -0.00184114 -0.0572705 0 0.00301272 -0.0568683 0 0.00507961 -0.0555179 0 0.00410211 -0.0562787 0 0.00591855 -0.0546066 0 0.00184114 -0.0572705 0</float_array>
          <technique_common>
            <accessor count="2527" source="#ID5" stride="3">
              <param name="X" type="float"/>
              <param name="Y" type="float"/>
              <param name="Z" type="float"/>
            </accessor>
          </technique_common>
        </source>
        <source id="ID6">
          <float_array count="7581" id="ID7">0.221657 -0.917112 -0.331322 0.101707 -0.886496 -0.451421 0.125811 -0.877282 -0.463194 0.393959 -0.793944 -0.463087 0.29462 -0.789656 -0.538185 0.421701 -0.755802 -0.50093 0.344156 -0.80831 -0.477694 0.187935 -0.822104 -0.537425 0.178561 -0.837891 -0.515806 0.367392 -0.828245 -0.423123 0.263528 -0.894633 -0.36081 -0.147134 -0.934734 -0.323455 -0.273007 -0.933238 -0.233524 -0.192174 -0.916409 -0.351089 -0.0773236 -0.988871 -0.127105 -0.155687 -0.97671 -0.147644 -0.0971452 -0.948243 -0.302323 0.0193995 -0.898729 -0.438074 0.0477244 -0.897376 -0.438679 0.0676834 -0.956734 -0.282982 0.00392992 -0.993057 -0.117572 -0.0436434 -0.956545 -0.2883 -0.0840598 -0.876925 -0.473218 -0.0612187 -0.886219 -0.459204 0.0857362 -0.989148 -0.119317 0.165742 -0.977256 -0.132291 0.138945 -0.9903 -1.55212e-06 0.231502 -0.972835 -3.55982e-09 -0.103733 -0.865456 -0.490127 -0.0358669 -0.89307 -0.448487 -0.242714 -0.962645 -0.120016 -0.231502 -0.972835 8.08145e-06 -0.138639 -0.821549 -0.553024 -0.285562 -0.838401 -0.464261 -0.299794 -0.807216 -0.508454 -0.230967 -0.893794 -0.384431 -0.119673 -0.852142 -0.509444 -0.263254 -0.680299 -0.684026 -0.104293 -0.743138 -0.660961 -0.120108 -0.757184 -0.642064 0.162034 -0.808756 -0.565384 0.192577 -0.789206 -0.583153 0.0264212 -0.812745 -0.58202 -0.637431 0.241051 -0.731831 -0.610491 0.356764 -0.707121 -0.506988 0.288632 -0.812191 -0.0434613 0.532022 -0.845614 0.127088 0.382879 -0.915015 -0.0379965 0.383159 -0.9229 -0.250858 0.16955 -0.95306 -0.336191 0.178212 -0.924779 -0.218596 0.209507 -0.95306 0.659642 -0.00515267 -0.751562 0.622964 -0.078798 -0.778272 0.515058 -0.0261004 -0.856758 0.442153 0.333987 -0.832438 0.583069 0.286781 -0.760123 0.556905 0.132202 -0.819987 0.442108 0.615739 -0.652231 0.271846 0.764415 -0.584611 0.480716 0.66337 -0.573456 0.448445 0.481645 -0.752937 0.531321 0.56757 -0.628938 0.575571 0.463438 -0.673753 0.611712 0.352415 -0.708246 0.250481 0.858569 -0.447346 0.370356 0.824317 -0.42818 0.285555 0.648733 -0.705411 0.112343 0.78075 -0.614662 0.426061 0.749514 -0.506657 0.100818 0.873896 -0.475543 -0.0520715 0.874156 -0.482846 -0.0520773 0.942666 -0.329649 0.222061 0.928543 -0.297483 0.31765 0.886173 -0.337336 0.242207 0.962715 -0.120482 0.272953 0.933046 -0.234356 0.187388 0.972367 -0.139242 0.139023 0.990289 6.47659e-05 0.231502 0.972835 8.05992e-06 0.0864542 0.942431 -0.323032 -0.0506164 0.984628 -0.167168 0.0696551 0.984424 -0.161423 -0.242736 0.962609 -0.120261 -0.231502 0.972835 -2.93215e-08 -0.138945 0.9903 1.55488e-06 0.046032 0.99894 -9.74752e-05 -0.0471559 0.998888 -3.22559e-05 0.288688 0.366329 -0.884569 0.200041 0.22729 -0.95306 0.158751 0.257828 -0.95306 0.638347 0.236171 -0.732623 0.100911 -0.712637 -0.694237 0.0745738 -0.707086 -0.703184 0.120626 -0.581514 -0.804544 0.654522 0.116398 -0.747029 -0.047702 0.665901 -0.744514 -0.0505993 0.781026 -0.622445 0.120704 0.665615 -0.736469 -0.136314 0.270362 -0.95306 -0.180044 0.243436 -0.95306 -0.201818 0.367162 -0.907999 0.178194 -0.757691 -0.627815 0.1643 -0.743594 -0.648131 0.297551 -0.653501 -0.695989 0.653602 -0.126611 -0.746173 0.55371 -0.230065 -0.800297 0.146429 -0.731157 -0.666309 0.262312 -0.628977 -0.731833 -0.359662 0.335348 -0.870738 0.172559 -0.592459 -0.786903 0.125095 -0.720738 -0.681827 -0.431136 -0.0244939 -0.901955 -0.293013 -0.0762946 -0.95306 -0.374368 -0.182253 -0.909193 0.239347 -0.455595 -0.857407 0.163281 -0.439565 -0.883245 0.353309 -0.743441 -0.567863 -0.0453608 -0.581232 -0.812472 -0.158075 -0.454921 -0.87639 -0.079839 -0.439152 -0.894858 -0.275904 -0.124716 -0.95306 -0.0384588 -0.30033 -0.95306 0.00135927 -0.431223 -0.902244 0.0100762 -0.575819 -0.817515 0.0468407 -0.704246 -0.708409 0.0185094 -0.704198 -0.709762 0.422423 -0.545003 -0.724245 0.370808 -0.509084 -0.776746 -0.475761 0.133955 -0.869314 -0.301692 0.0256777 -0.95306 0.291222 0.51478 -0.806344 0.112894 0.280948 -0.95306 0.06379 0.295987 -0.95306 0.125666 0.531735 -0.837536 -0.211294 0.515633 -0.830348 -0.373003 0.48304 -0.792175 -0.275904 0.124716 -0.95306 -0.293013 0.0762946 -0.95306 -0.301692 -0.0256778 -0.95306 -0.250858 -0.169551 -0.95306 -0.212923 -0.305031 -0.928235 -0.307056 -0.33488 -0.890826 0.187711 -0.773042 -0.605946 0.324948 -0.681297 -0.655929 -0.180045 -0.243436 -0.95306 -0.136314 -0.270362 -0.95306 -0.231098 -0.478076 -0.847371 -0.0987752 -0.591998 -0.799864 -0.00960499 -0.706943 -0.707205 -0.0366936 -0.712403 -0.70081 0.112894 -0.280948 -0.95306 0.083184 -0.431362 -0.898336 0.0659409 -0.575914 -0.814847 0.220245 -0.608433 -0.762431 0.309192 -0.478993 -0.821563 0.389432 -0.336063 -0.857557 0.46255 -0.585717 -0.66557 0.535397 -0.421156 -0.732105 0.572254 -0.472492 -0.670281 0.468861 -0.374853 -0.799784 0.636509 -0.246157 -0.730933 0.343714 -0.711568 -0.612807 0.476598 -0.670844 -0.568176 0.527408 -0.57589 -0.624653 0.0128505 -0.30251 -0.95306 0.06379 -0.295986 -0.95306 0.609073 -0.362039 -0.705662 0.299394 -0.305901 -0.903763 0.298427 -0.0511704 -0.95306 0.302782 2.37274e-08 -0.95306 0.392739 0.0148749 -0.91953 0.458704 -0.183668 -0.8694 -0.0619773 -0.720421 -0.690763 -0.14863 -0.607807 -0.780051 0.351009 -0.147591 -0.924667 0.264333 -0.147666 -0.95306 0.285487 -0.100869 -0.95306 0.423408 0.176922 -0.888495 0.285487 0.100869 -0.95306 0.264333 0.147665 -0.95306 0.278023 0.207562 -0.937881 -0.0847286 -0.730765 -0.677351 -0.193492 -0.628204 -0.753605 0.201338 -0.285236 -0.937072 0.235576 -0.190214 -0.95306 0.298427 0.0511705 -0.95306 0.235576 0.190214 -0.95306 -0.296807 -0.50795 -0.808636 -0.391762 -0.373392 -0.840893 0.158751 -0.257828 -0.95306 0.200041 -0.22729 -0.95306 -0.0886615 0.289511 -0.95306 -0.0384588 0.30033 -0.95306 -0.23207 -0.652601 -0.721287 0.0128505 0.30251 -0.95306 -0.203791 0.85934 -0.469045 -0.212294 0.765237 -0.607736 -0.169967 0.972974 -0.156311 -0.353311 -0.543686 -0.761299 -0.214819 0.649582 -0.729312 -0.36809 0.733836 -0.570959 -0.189548 0.929242 -0.317144 -0.131718 -0.7725 -0.621204 -0.286147 -0.710498 -0.642893 -0.0886616 -0.28951 -0.95306 -0.375839 0.617128 -0.691302 -0.529858 0.570641 -0.627391 -0.369637 0.82536 -0.426789 -0.31733 0.886686 -0.336289 -0.27298 0.933208 -0.233675 -0.398987 -0.584254 -0.706723 -0.432518 -0.628487 -0.646476 -0.218596 -0.209507 -0.95306 -0.523937 0.43518 -0.732194 -0.479341 0.665803 -0.571785 -0.424975 0.751111 -0.505201 -0.138789 -0.788644 -0.598981 -0.300091 -0.742332 -0.599073 -0.464603 -0.419459 -0.779871 -0.475684 -0.228317 -0.849468 -0.54621 -0.0768129 -0.834119 -0.601352 0.0768549 -0.795279 -0.574174 0.467149 -0.672381 -0.141118 -0.805152 -0.576035 -0.304684 -0.774883 -0.553826 -0.562809 -0.283418 -0.776479 -0.654084 -0.120498 -0.746763 -0.659648 0.000635958 -0.751575 -0.654001 0.12175 -0.746633 -0.425155 -0.750792 -0.505524 -0.479531 -0.665101 -0.572443 -0.523482 -0.471755 -0.709516 -0.610739 -0.355556 -0.707515 -0.637643 -0.239818 -0.732051 -0.530215 -0.569735 -0.627913 -0.57447 -0.46608 -0.67287 -0.131421 -0.837364 -0.530613 -0.317148 -0.886807 -0.336141 -0.369491 -0.825485 -0.426674 -0.00873405 -0.89728 -0.441375 0.0118314 -0.959403 -0.281791 0.0754257 -0.893258 -0.443171 0.122306 -0.948615 -0.29184 0.174127 -0.93528 -0.308109 -0.139023 -0.990289 -6.46378e-05 -0.0460321 -0.99894 9.7458e-05 0.271942 -0.934107 -0.231285 0.254966 -0.950746 -0.176278 0.0471559 -0.998888 3.23158e-05 0.147045 -0.865882 -0.478148 0.241907 -0.962966 -0.119066 0.233955 -0.970396 -0.0599755 0.164799 -0.852625 -0.495856 0.292573 -0.913139 -0.283863 0.34072 -0.860153 -0.379536 0.315846 -0.888358 -0.33326 0.221657 -0.917112 -0.331322 0.101707 -0.886496 -0.451421 0.125811 -0.877282 -0.463194 0.393959 -0.793944 -0.463087 0.29462 -0.789656 -0.538185 0.421701 -0.755802 -0.50093 0.344156 -0.80831 -0.477694 0.187935 -0.822104 -0.537425 0.178561 -0.837891 -0.515806 0.367392 -0.828245 -0.423123 0.263528 -0.894633 -0.36081 -0.147134 -0.934734 -0.323455 -0.273007 -0.933238 -0.233524 -0.192174 -0.916409 -0.351089 -0.0773236 -0.988871 -0.127105 -0.155687 -0.97671 -0.147644 -0.0971452 -0.948243 -0.302323 0.0193995 -0.898729 -0.438074 0.0477244 -0.897376 -0.438679 0.0676834 -0.956734 -0.282982 0.00392992 -0.993057 -0.117572 -0.0436434 -0.956545 -0.2883 -0.0840598 -0.876925 -0.473218 -0.0612187 -0.886219 -0.459204 0.0857362 -0.989148 -0.119317 0.165742 -0.977256 -0.132291 0.138945 -0.9903 -1.55212e-06 0.231502 -0.972835 -3.55982e-09 -0.103733 -0.865456 -0.490127 -0.0358669 -0.89307 -0.448487 -0.242714 -0.962645 -0.120016 -0.231502 -0.972835 8.08145e-06 -0.138639 -0.821549 -0.553024 -0.285562 -0.838401 -0.464261 -0.299794 -0.807216 -0.508454 -0.230967 -0.893794 -0.384431 -0.119673 -0.852142 -0.509444 -0.263254 -0.680299 -0.684026 -0.104293 -0.743138 -0.660961 -0.120108 -0.757184 -0.642064 0.162034 -0.808756 -0.565384 0.192577 -0.789206 -0.583153 0.0264212 -0.812745 -0.58202 -0.637431 0.241051 -0.731831 -0.610491 0.356764 -0.707121 -0.506988 0.288632 -0.812191 -0.0434613 0.532022 -0.845614 0.127088 0.382879 -0.915015 -0.0379965 0.383159 -0.9229 -0.250858 0.16955 -0.95306 -0.336191 0.178212 -0.924779 -0.218596 0.209507 -0.95306 0.659642 -0.00515267 -0.751562 0.622964 -0.078798 -0.778272 0.515058 -0.0261004 -0.856758 0.442153 0.333987 -0.832438 0.583069 0.286781 -0.760123 0.556905 0.132202 -0.819987 0.442108 0.615739 -0.652231 0.271846 0.764415 -0.584611 0.480716 0.66337 -0.573456 0.448445 0.481645 -0.752937 0.531321 0.56757 -0.628938 0.575571 0.463438 -0.673753 0.611712 0.352415 -0.708246 0.250481 0.858569 -0.447346 0.370356 0.824317 -0.42818 0.285555 0.648733 -0.705411 0.112343 0.78075 -0.614662 0.426061 0.749514 -0.506657 0.100818 0.873896 -0.475543 -0.0520715 0.874156 -0.482846 -0.0520773 0.942666 -0.329649 0.222061 0.928543 -0.297483 0.31765 0.886173 -0.337336 0.242207 0.962715 -0.120482 0.272953 0.933046 -0.234356 0.187388 0.972367 -0.139242 0.139023 0.990289 6.47659e-05 0.231502 0.972835 8.05992e-06 0.0864542 0.942431 -0.323032 -0.0506164 0.984628 -0.167168 0.0696551 0.984424 -0.161423 -0.242736 0.962609 -0.120261 -0.231502 0.972835 -2.93215e-08 -0.138945 0.9903 1.55488e-06 0.046032 0.99894 -9.74752e-05 -0.0471559 0.998888 -3.22559e-05 0.288688 0.366329 -0.884569 0.200041 0.22729 -0.95306 0.158751 0.257828 -0.95306 0.638347 0.236171 -0.732623 0.100911 -0.712637 -0.694237 0.0745738 -0.707086 -0.703184 0.120626 -0.581514 -0.804544 0.654522 0.116398 -0.747029 -0.047702 0.665901 -0.744514 -0.0505993 0.781026 -0.622445 0.120704 0.665615 -0.736469 -0.136314 0.270362 -0.95306 -0.180044 0.243436 -0.95306 -0.201818 0.367162 -0.907999 0.178194 -0.757691 -0.627815 0.1643 -0.743594 -0.648131 0.297551 -0.653501 -0.695989 0.653602 -0.126611 -0.746173 0.55371 -0.230065 -0.800297 0.146429 -0.731157 -0.666309 0.262312 -0.628977 -0.731833 -0.359662 0.335348 -0.870738 0.172559 -0.592459 -0.786903 0.125095 -0.720738 -0.681827 -0.431136 -0.0244939 -0.901955 -0.293013 -0.0762946 -0.95306 -0.374368 -0.182253 -0.909193 0.239347 -0.455595 -0.857407 0.163281 -0.439565 -0.883245 0.353309 -0.743441 -0.567863 -0.0453608 -0.581232 -0.812472 -0.158075 -0.454921 -0.87639 -0.079839 -0.439152 -0.894858 -0.275904 -0.124716 -0.95306 -0.0384588 -0.30033 -0.95306 0.00135927 -0.431223 -0.902244 0.0100762 -0.575819 -0.817515 0.0468407 -0.704246 -0.708409 0.0185094 -0.704198 -0.709762 0.422423 -0.545003 -0.724245 0.370808 -0.509084 -0.776746 -0.475761 0.133955 -0.869314 -0.301692 0.0256777 -0.95306 0.291222 0.51478 -0.806344 0.112894 0.280948 -0.95306 0.06379 0.295987 -0.95306 0.125666 0.531735 -0.837536 -0.211294 0.515633 -0.830348 -0.373003 0.48304 -0.792175 -0.275904 0.124716 -0.95306 -0.293013 0.0762946 -0.95306 -0.301692 -0.0256778 -0.95306 -0.250858 -0.169551 -0.95306 -0.212923 -0.305031 -0.928235 -0.307056 -0.33488 -0.890826 0.187711 -0.773042 -0.605946 0.324948 -0.681297 -0.655929 -0.180045 -0.243436 -0.95306 -0.136314 -0.270362 -0.95306 -0.231098 -0.478076 -0.847371 -0.0987752 -0.591998 -0.799864 -0.00960499 -0.706943 -0.707205 -0.0366936 -0.712403 -0.70081 0.112894 -0.280948 -0.95306 0.083184 -0.431362 -0.898336 0.0659409 -0.575914 -0.814847 0.220245 -0.608433 -0.762431 0.309192 -0.478993 -0.821563 0.389432 -0.336063 -0.857557 0.46255 -0.585717 -0.66557 0.535397 -0.421156 -0.732105 0.572254 -0.472492 -0.670281 0.468861 -0.374853 -0.799784 0.636509 -0.246157 -0.730933 0.343714 -0.711568 -0.612807 0.476598 -0.670844 -0.568176 0.527408 -0.57589 -0.624653 0.0128505 -0.30251 -0.95306 0.06379 -0.295986 -0.95306 0.609073 -0.362039 -0.705662 0.299394 -0.305901 -0.903763 0.298427 -0.0511704 -0.95306 0.302782 2.37274e-08 -0.95306 0.392739 0.0148749 -0.91953 0.458704 -0.183668 -0.8694 -0.0619773 -0.720421 -0.690763 -0.14863 -0.607807 -0.780051 0.351009 -0.147591 -0.924667 0.264333 -0.147666 -0.95306 0.285487 -0.100869 -0.95306 0.423408 0.176922 -0.888495 0.285487 0.100869 -0.95306 0.264333 0.147665 -0.95306 0.278023 0.207562 -0.937881 -0.0847286 -0.730765 -0.677351 -0.193492 -0.628204 -0.753605 0.201338 -0.285236 -0.937072 0.235576 -0.190214 -0.95306 0.298427 0.0511705 -0.95306 0.235576 0.190214 -0.95306 -0.296807 -0.50795 -0.808636 -0.391762 -0.373392 -0.840893 0.158751 -0.257828 -0.95306 0.200041 -0.22729 -0.95306 -0.0886615 0.289511 -0.95306 -0.0384588 0.30033 -0.95306 -0.23207 -0.652601 -0.721287 0.0128505 0.30251 -0.95306 -0.203791 0.85934 -0.469045 -0.212294 0.765237 -0.607736 -0.169967 0.972974 -0.156311 -0.353311 -0.543686 -0.761299 -0.214819 0.649582 -0.729312 -0.36809 0.733836 -0.570959 -0.189548 0.929242 -0.317144 -0.131718 -0.7725 -0.621204 -0.286147 -0.710498 -0.642893 -0.0886616 -0.28951 -0.95306 -0.375839 0.617128 -0.691302 -0.529858 0.570641 -0.627391 -0.369637 0.82536 -0.426789 -0.31733 0.886686 -0.336289 -0.27298 0.933208 -0.233675 -0.398987 -0.584254 -0.706723 -0.432518 -0.628487 -0.646476 -0.218596 -0.209507 -0.95306 -0.523937 0.43518 -0.732194 -0.479341 0.665803 -0.571785 -0.424975 0.751111 -0.505201 -0.138789 -0.788644 -0.598981 -0.300091 -0.742332 -0.599073 -0.464603 -0.419459 -0.779871 -0.475684 -0.228317 -0.849468 -0.54621 -0.0768129 -0.834119 -0.601352 0.0768549 -0.795279 -0.574174 0.467149 -0.672381 -0.141118 -0.805152 -0.576035 -0.304684 -0.774883 -0.553826 -0.562809 -0.283418 -0.776479 -0.654084 -0.120498 -0.746763 -0.659648 0.000635958 -0.751575 -0.654001 0.12175 -0.746633 -0.425155 -0.750792 -0.505524 -0.479531 -0.665101 -0.572443 -0.523482 -0.471755 -0.709516 -0.610739 -0.355556 -0.707515 -0.637643 -0.239818 -0.732051 -0.530215 -0.569735 -0.627913 -0.57447 -0.46608 -0.67287 -0.131421 -0.837364 -0.530613 -0.317148 -0.886807 -0.336141 -0.369491 -0.825485 -0.426674 -0.00873405 -0.89728 -0.441375 0.0118314 -0.959403 -0.281791 0.0754257 -0.893258 -0.443171 0.122306 -0.948615 -0.29184 0.174127 -0.93528 -0.308109 -0.139023 -0.990289 -6.46378e-05 -0.0460321 -0.99894 9.7458e-05 0.271942 -0.934107 -0.231285 0.254966 -0.950746 -0.176278 0.0471559 -0.998888 3.23158e-05 0.147045 -0.865882 -0.478148 0.241907 -0.962966 -0.119066 0.233955 -0.970396 -0.0599755 0.164799 -0.852625 -0.495856 0.292573 -0.913139 -0.283863 0.34072 -0.860153 -0.379536 0.315846 -0.888358 -0.33326 -0.591245 0.806492 0 -0.612009 0.790851 0 -0.499994 0.866029 0 -0.804083 0.594518 0 -0.81964 0.572879 0 -0.861094 0.508445 0 -0.714254 0.699887 0 -0.739186 0.673502 0 -0.758192 0.652031 0 -0.977176 0.21243 0 -0.937335 0.348428 0 -0.961619 0.274389 0 -0.899709 0.436489 0 -0.879098 0.476642 0 -0.977409 -0.211359 -0 -0.997504 -0.0706076 -0 -0.983845 -0.179021 -0 -0.982447 0.186544 0 -0.995389 0.0959225 0 -0.997423 0.0717444 0 -0.902729 -0.430209 -0 -0.937739 -0.34734 -0 -0.936266 -0.351292 -0 -0.683776 -0.729692 -0 -0.612457 -0.790504 -0 -0.714776 -0.699354 -0 -0.78075 -0.624844 -0 -0.740805 -0.67172 -0 -0.591245 -0.806492 -0 -0.675473 -0.737385 -0 -0.5 -0.866025 -0 -0.5 -0.866025 -0 -0.864375 -0.502848 -0 -0.879562 -0.475785 -0 -0.999992 0.00390281 0 -0.996103 -0.0881961 -0 -0.706984 -0.707229 -0 -0.804578 -0.593847 -0 -0.822947 -0.568118 -0 -0.963658 -0.267138 -0 -0.933684 0.358097 0 -0.778226 0.627984 0 -0.798782 0.601621 0 -0.721687 0.692219 0 -0.7062 0.708013 0 -0.693332 0.720619 0 -0.683658 0.729802 0 -0.677561 0.735466 0 -0.675473 0.737385 0 -0.5 0.866025 0 0.591245 -0.806492 0 0.612009 -0.790851 0 0.499994 -0.866029 0 0.804083 -0.594518 0 0.822122 -0.569312 0 0.863333 -0.504635 0 0.714254 -0.699887 0 0.706877 -0.707337 0 0.740509 -0.672047 0 0.977176 -0.21243 0 0.937335 -0.348428 0 0.962747 -0.270406 0 0.901621 -0.432526 0 0.879098 -0.476642 0 0.977409 0.211359 0 0.997504 0.0706076 0 0.983338 0.181788 0 0.983176 -0.182662 0 0.995736 -0.0922434 0 0.997423 -0.0717444 0 0.804578 0.593847 0 0.822296 0.56906 0 0.780234 0.625488 0 0.901942 0.431856 0 0.937739 0.34734 0 0.935506 0.35331 0 0.683726 0.729739 0 0.612457 0.790504 0 0.714776 0.699354 0 0.591245 0.806492 0 0.675473 0.737385 0 0.5 0.866025 0 0.5 0.866025 0 0.86363 0.504125 0 0.879562 0.475785 0 1 -0.000481995 0 0.995823 0.0913084 0 0.740458 0.672102 0 0.706801 0.707412 0 0.96299 0.269537 0 0.68385 -0.729623 0 0.93522 -0.354066 0 0.780167 -0.625571 0 0.675473 -0.737385 0 0.5 -0.866025 0 0 0 -1 0 0 -1 0 0 -1 0 0 -1 0 0 -1 0 0 -1 0 0 -1 0 0 -1 0 0 -1 -0.591245 0.806492 0 -0.612009 0.790851 0 -0.499994 0.866029 0 -0.804083 0.594518 0 -0.81964 0.572879 0 -0.861094 0.508445 0 -0.714254 0.699887 0 -0.739186 0.673502 0 -0.758192 0.652031 0 -0.977176 0.21243 0 -0.937335 0.348428 0 -0.961619 0.274389 0 -0.899709 0.436489 0 -0.879098 0.476642 0 -0.977409 -0.211359 -0 -0.997504 -0.0706076 -0 -0.983845 -0.179021 -0 -0.982447 0.186544 0 -0.995389 0.0959225 0 -0.997423 0.0717444 0 -0.902729 -0.430209 -0 -0.937739 -0.34734 -0 -0.936266 -0.351292 -0 -0.683776 -0.729692 -0 -0.612457 -0.790504 -0 -0.714776 -0.699354 -0 -0.78075 -0.624844 -0 -0.740805 -0.67172 -0 -0.591245 -0.806492 -0 -0.675473 -0.737385 -0 -0.5 -0.866025 -0 -0.5 -0.866025 -0 -0.864375 -0.502848 -0 -0.879562 -0.475785 -0 -0.999992 0.00390281 0 -0.996103 -0.0881961 -0 -0.706984 -0.707229 -0 -0.804578 -0.593847 -0 -0.822947 -0.568118 -0 -0.963658 -0.267138 -0 -0.933684 0.358097 0 -0.778226 0.627984 0 -0.798782 0.601621 0 -0.721687 0.692219 0 -0.7062 0.708013 0 -0.693332 0.720619 0 -0.683658 0.729802 0 -0.677561 0.735466 0 -0.675473 0.737385 0 -0.5 0.866025 0 0.591245 -0.806492 0 0.612009 -0.790851 0 0.499994 -0.866029 0 0.804083 -0.594518 0 0.822122 -0.569312 0 0.863333 -0.504635 0 0.714254 -0.699887 0 0.706877 -0.707337 0 0.740509 -0.672047 0 0.977176 -0.21243 0 0.937335 -0.348428 0 0.962747 -0.270406 0 0.901621 -0.432526 0 0.879098 -0.476642 0 0.977409 0.211359 0 0.997504 0.0706076 0 0.983338 0.181788 0 0.983176 -0.182662 0 0.995736 -0.0922434 0 0.997423 -0.0717444 0 0.804578 0.593847 0 0.822296 0.56906 0 0.780234 0.625488 0 0.901942 0.431856 0 0.937739 0.34734 0 0.935506 0.35331 0 0.683726 0.729739 0 0.612457 0.790504 0 0.714776 0.699354 0 0.591245 0.806492 0 0.675473 0.737385 0 0.5 0.866025 0 0.5 0.866025 0 0.86363 0.504125 0 0.879562 0.475785 0 1 -0.000481995 0 0.995823 0.0913084 0 0.740458 0.672102 0 0.706801 0.707412 0 0.96299 0.269537 0 0.68385 -0.729623 0 0.93522 -0.354066 0 0.780167 -0.625571 0 0.675473 -0.737385 0 0.5 -0.866025 0 0 0 -1 0 0 -1 0 0 -1 0 0 -1 0 0 -1 0 0 -1 0 0 -1 0 0 -1 0 0 -1 0.247894 -0.774612 -0.581829 0.138929 -0.85464 -0.500289 0.151351 -0.774612 -0.61406 0.654688 0.534467 -0.534536 0.712621 0.391966 -0.581837 0.560464 0.534467 -0.632634 0.40005 -0.66313 -0.632629 0.350422 -0.791635 -0.500517 0.451722 -0.534473 -0.714343 0.331284 -0.534473 -0.777554 0.293388 -0.66313 -0.688609 0.202265 -0.534473 -0.820626 0.0508891 -0.774612 -0.630386 0.0602285 -0.66313 -0.746077 0.448922 -0.740537 -0.500074 0.610057 -0.391973 -0.688613 0.654685 -0.534473 -0.534534 0.560461 -0.534473 -0.632631 0.539813 -0.676914 -0.50039 0.621942 -0.602306 -0.500416 0.0280365 -0.865565 -0.500012 -0.0508911 -0.774612 -0.630386 -0.390698 0.0804636 -0.916996 -0.325161 -0.0461088 -0.944534 -0.390697 -0.0804708 -0.916995 0.693951 -0.51788 -0.500233 -0.248026 -0.310849 -0.917527 -0.380578 -0.239321 -0.893245 -0.286044 -0.226962 -0.930949 -0.31201 -0.138071 -0.939993 -0.491698 -0.391973 -0.777554 -0.518936 -0.239321 -0.820628 -0.360602 -0.391973 -0.846359 -0.331286 -0.534473 -0.777553 -0.202268 -0.534473 -0.820626 -0.17913 -0.66313 -0.726754 -0.325108 0.0469153 -0.944513 -0.380579 0.239314 -0.893246 -0.518937 0.239314 -0.820629 -0.491699 0.391966 -0.777556 -0.31188 0.138938 -0.939908 -0.28587 0.22782 -0.930794 -0.202268 0.534467 -0.82063 -0.360603 0.391966 -0.846362 -0.331288 0.534467 -0.777556 0.754578 -0.424967 -0.500015 0.712618 -0.391973 -0.581835 0.802689 -0.324933 -0.50011 -0.19878 0.388704 -0.899664 -0.24782 0.311646 -0.917312 -0.140019 0.457555 -0.878088 0.0508896 0.774607 -0.630392 -0.0508914 0.774607 -0.630392 0.0273147 0.865521 -0.500127 -0.179131 0.663124 -0.726759 -0.0602312 0.663124 -0.746082 0.29339 0.663124 -0.688613 0.331285 0.534467 -0.777557 0.179129 0.663124 -0.726759 -0.451726 0.534467 -0.714345 -0.400054 0.663124 -0.632632 0.400052 0.663124 -0.632633 0.451724 0.534467 -0.714346 -0.610061 0.391966 -0.688613 -0.560466 0.534467 -0.632632 0.866025 -2.95636e-08 -0.5 0.772093 0.0804636 -0.630395 0.858935 0.110789 -0.499957 0.837669 -0.219598 -0.500087 0.772093 -0.0804708 -0.630395 0.858935 -0.110789 -0.499957 0.837768 0.219757 -0.499851 0.802832 0.325094 -0.499774 0.752096 0.239314 -0.614068 0.754601 0.424991 -0.49996 0.752095 -0.239321 -0.614067 0.694137 0.518074 -0.499774 -0.0819043 -0.862011 -0.500229 -0.19136 -0.844659 -0.499933 -0.151353 -0.774612 -0.614059 0.532732 0.0804636 -0.84245 0.532732 -0.0804708 -0.84245 0.390695 0.0804636 -0.916997 0.622312 0.602716 -0.49946 0.496353 0.663124 -0.560268 0.610059 0.391966 -0.688615 -0.496355 0.663124 -0.560266 0.540139 0.677415 -0.499359 0.0602289 0.663124 -0.746082 0.202266 0.534467 -0.82063 4.02072e-06 0.566028 -0.824386 -0.0732154 0.516847 -0.852941 -0.151354 0.774607 -0.614065 -0.0838305 0.861896 -0.500108 -0.780229 0.375717 -0.50008 -0.712622 0.391966 -0.581835 -0.752098 0.239314 -0.614066 -0.532735 -0.0804708 -0.842448 -0.199024 -0.388021 -0.899905 -0.073505 -0.516619 -0.853055 -0.0602308 -0.66313 -0.746077 -4.03779e-06 -0.566028 -0.824386 0.49635 -0.66313 -0.560264 0.643852 -0.239321 -0.72676 0.660972 -0.0804708 -0.746084 0.660972 0.0804636 -0.746084 0.643853 0.239314 -0.726761 0.491697 0.391966 -0.777558 0.491696 -0.391973 -0.777556 0.360599 -0.391973 -0.84636 0.518934 -0.239321 -0.82063 0.380576 0.239314 -0.893247 0.518935 0.239314 -0.820631 0.248026 0.310849 -0.917527 0.199024 0.388021 -0.899905 0.3606 0.391966 -0.846363 0.247896 0.774607 -0.581834 0.151353 0.774607 -0.614065 0.448932 0.740671 -0.499866 0.246572 -0.82979 -0.50065 0.380575 -0.239321 -0.893246 0.31188 -0.138938 -0.939908 0.390695 -0.0804708 -0.916996 0.325161 0.0461088 -0.944534 0.286045 0.226962 -0.930949 0.31201 0.138071 -0.939993 0.350498 0.79214 -0.499666 0.245596 0.830647 -0.499708 0.179128 -0.66313 -0.726755 0.19878 -0.388704 -0.899664 0.24782 -0.311646 -0.917312 0.28587 -0.22782 -0.930793 0.325108 -0.0469154 -0.944513 0.140356 0.457004 -0.878321 0.073505 0.516619 -0.853055 0.136629 0.855094 -0.500147 0.0732154 -0.516847 -0.852941 0.140019 -0.457555 -0.878088 -0.298769 -0.813102 -0.499603 -0.247895 -0.774612 -0.581829 -0.496352 -0.66313 -0.560262 -0.582451 -0.641401 -0.499355 -0.560463 -0.534473 -0.632629 -0.140356 -0.457004 -0.878321 -0.29339 -0.66313 -0.688608 -0.451724 -0.534473 -0.714342 -0.293392 0.663124 -0.688613 -0.247897 0.774607 -0.581834 -0.193182 0.843907 -0.500501 -0.400588 -0.767905 -0.49985 -0.495547 -0.710567 -0.499528 -0.400052 -0.66313 -0.632628 -0.610059 -0.391973 -0.688611 -0.643854 -0.239321 -0.726758 -0.660974 -0.0804708 -0.746082 -0.532735 0.0804636 -0.842448 -0.299039 0.812349 -0.500663 -0.71262 -0.391973 -0.581833 -0.752097 -0.239321 -0.614065 -0.864254 0.0554502 -0.499991 -0.772095 0.0804636 -0.630393 -0.772095 -0.0804708 -0.630392 -0.660974 0.0804636 -0.746082 -0.643855 0.239314 -0.726759 -0.65469 0.534467 -0.534534 -0.582058 0.640914 -0.500437 -0.40049 0.767705 -0.500238 -0.659584 -0.561546 -0.499615 -0.654687 -0.534473 -0.534532 -0.780343 -0.375837 -0.499811 -0.495378 0.710165 -0.500266 -0.725842 -0.472485 -0.499911 -0.821995 -0.272992 -0.499799 -0.850096 -0.165614 -0.499909 -0.864251 -0.0555083 -0.499989 -0.850038 0.165479 -0.500052 -0.821863 0.272822 -0.50011 -0.725763 0.472399 -0.500106 -0.659293 0.56124 -0.500342 0.247894 -0.774612 -0.581829 0.138929 -0.85464 -0.500289 0.151351 -0.774612 -0.61406 0.654688 0.534467 -0.534536 0.712621 0.391966 -0.581837 0.560464 0.534467 -0.632634 0.40005 -0.66313 -0.632629 0.350422 -0.791635 -0.500517 0.451722 -0.534473 -0.714343 0.331284 -0.534473 -0.777554 0.293388 -0.66313 -0.688609 0.202265 -0.534473 -0.820626 0.0508891 -0.774612 -0.630386 0.0602285 -0.66313 -0.746077 0.448922 -0.740537 -0.500074 0.610057 -0.391973 -0.688613 0.654685 -0.534473 -0.534534 0.560461 -0.534473 -0.632631 0.539813 -0.676914 -0.50039 0.621942 -0.602306 -0.500416 0.0280365 -0.865565 -0.500012 -0.0508911 -0.774612 -0.630386 -0.390698 0.0804636 -0.916996 -0.325161 -0.0461088 -0.944534 -0.390697 -0.0804708 -0.916995 0.693951 -0.51788 -0.500233 -0.248026 -0.310849 -0.917527 -0.380578 -0.239321 -0.893245 -0.286044 -0.226962 -0.930949 -0.31201 -0.138071 -0.939993 -0.491698 -0.391973 -0.777554 -0.518936 -0.239321 -0.820628 -0.360602 -0.391973 -0.846359 -0.331286 -0.534473 -0.777553 -0.202268 -0.534473 -0.820626 -0.17913 -0.66313 -0.726754 -0.325108 0.0469153 -0.944513 -0.380579 0.239314 -0.893246 -0.518937 0.239314 -0.820629 -0.491699 0.391966 -0.777556 -0.31188 0.138938 -0.939908 -0.28587 0.22782 -0.930794 -0.202268 0.534467 -0.82063 -0.360603 0.391966 -0.846362 -0.331288 0.534467 -0.777556 0.754578 -0.424967 -0.500015 0.712618 -0.391973 -0.581835 0.802689 -0.324933 -0.50011 -0.19878 0.388704 -0.899664 -0.24782 0.311646 -0.917312 -0.140019 0.457555 -0.878088 0.0508896 0.774607 -0.630392 -0.0508914 0.774607 -0.630392 0.0273147 0.865521 -0.500127 -0.179131 0.663124 -0.726759 -0.0602312 0.663124 -0.746082 0.29339 0.663124 -0.688613 0.331285 0.534467 -0.777557 0.179129 0.663124 -0.726759 -0.451726 0.534467 -0.714345 -0.400054 0.663124 -0.632632 0.400052 0.663124 -0.632633 0.451724 0.534467 -0.714346 -0.610061 0.391966 -0.688613 -0.560466 0.534467 -0.632632 0.866025 -2.95636e-08 -0.5 0.772093 0.0804636 -0.630395 0.858935 0.110789 -0.499957 0.837669 -0.219598 -0.500087 0.772093 -0.0804708 -0.630395 0.858935 -0.110789 -0.499957 0.837768 0.219757 -0.499851 0.802832 0.325094 -0.499774 0.752096 0.239314 -0.614068 0.754601 0.424991 -0.49996 0.752095 -0.239321 -0.614067 0.694137 0.518074 -0.499774 -0.0819043 -0.862011 -0.500229 -0.19136 -0.844659 -0.499933 -0.151353 -0.774612 -0.614059 0.532732 0.0804636 -0.84245 0.532732 -0.0804708 -0.84245 0.390695 0.0804636 -0.916997 0.622312 0.602716 -0.49946 0.496353 0.663124 -0.560268 0.610059 0.391966 -0.688615 -0.496355 0.663124 -0.560266 0.540139 0.677415 -0.499359 0.0602289 0.663124 -0.746082 0.202266 0.534467 -0.82063 4.02072e-06 0.566028 -0.824386 -0.0732154 0.516847 -0.852941 -0.151354 0.774607 -0.614065 -0.0838305 0.861896 -0.500108 -0.780229 0.375717 -0.50008 -0.712622 0.391966 -0.581835 -0.752098 0.239314 -0.614066 -0.532735 -0.0804708 -0.842448 -0.199024 -0.388021 -0.899905 -0.073505 -0.516619 -0.853055 -0.0602308 -0.66313 -0.746077 -4.03779e-06 -0.566028 -0.824386 0.49635 -0.66313 -0.560264 0.643852 -0.239321 -0.72676 0.660972 -0.0804708 -0.746084 0.660972 0.0804636 -0.746084 0.643853 0.239314 -0.726761 0.491697 0.391966 -0.777558 0.491696 -0.391973 -0.777556 0.360599 -0.391973 -0.84636 0.518934 -0.239321 -0.82063 0.380576 0.239314 -0.893247 0.518935 0.239314 -0.820631 0.248026 0.310849 -0.917527 0.199024 0.388021 -0.899905 0.3606 0.391966 -0.846363 0.247896 0.774607 -0.581834 0.151353 0.774607 -0.614065 0.448932 0.740671 -0.499866 0.246572 -0.82979 -0.50065 0.380575 -0.239321 -0.893246 0.31188 -0.138938 -0.939908 0.390695 -0.0804708 -0.916996 0.325161 0.0461088 -0.944534 0.286045 0.226962 -0.930949 0.31201 0.138071 -0.939993 0.350498 0.79214 -0.499666 0.245596 0.830647 -0.499708 0.179128 -0.66313 -0.726755 0.19878 -0.388704 -0.899664 0.24782 -0.311646 -0.917312 0.28587 -0.22782 -0.930793 0.325108 -0.0469154 -0.944513 0.140356 0.457004 -0.878321 0.073505 0.516619 -0.853055 0.136629 0.855094 -0.500147 0.0732154 -0.516847 -0.852941 0.140019 -0.457555 -0.878088 -0.298769 -0.813102 -0.499603 -0.247895 -0.774612 -0.581829 -0.496352 -0.66313 -0.560262 -0.582451 -0.641401 -0.499355 -0.560463 -0.534473 -0.632629 -0.140356 -0.457004 -0.878321 -0.29339 -0.66313 -0.688608 -0.451724 -0.534473 -0.714342 -0.293392 0.663124 -0.688613 -0.247897 0.774607 -0.581834 -0.193182 0.843907 -0.500501 -0.400588 -0.767905 -0.49985 -0.495547 -0.710567 -0.499528 -0.400052 -0.66313 -0.632628 -0.610059 -0.391973 -0.688611 -0.643854 -0.239321 -0.726758 -0.660974 -0.0804708 -0.746082 -0.532735 0.0804636 -0.842448 -0.299039 0.812349 -0.500663 -0.71262 -0.391973 -0.581833 -0.752097 -0.239321 -0.614065 -0.864254 0.0554502 -0.499991 -0.772095 0.0804636 -0.630393 -0.772095 -0.0804708 -0.630392 -0.660974 0.0804636 -0.746082 -0.643855 0.239314 -0.726759 -0.65469 0.534467 -0.534534 -0.582058 0.640914 -0.500437 -0.40049 0.767705 -0.500238 -0.659584 -0.561546 -0.499615 -0.654687 -0.534473 -0.534532 -0.780343 -0.375837 -0.499811 -0.495378 0.710165 -0.500266 -0.725842 -0.472485 -0.499911 -0.821995 -0.272992 -0.499799 -0.850096 -0.165614 -0.499909 -0.864251 -0.0555083 -0.499989 -0.850038 0.165479 -0.500052 -0.821863 0.272822 -0.50011 -0.725763 0.472399 -0.500106 -0.659293 0.56124 -0.500342 1 0 0 1 0 0 1 0 0 1 0 0 8.74228e-08 1 0 -0.117929 0.993022 0 8.74228e-08 1 0 -0.117929 0.993022 0 -0.234212 0.972185 0 -0.347227 0.937781 0 -0.234212 0.972185 0 -0.455396 0.890289 0 -0.347227 0.937781 0 -0.455396 0.890289 0 -0.557209 0.830372 0 -0.651246 0.758867 0 -0.557209 0.830372 0 -0.736194 0.676771 0 -0.651246 0.758867 0 -0.736194 0.676771 0 -0.810868 0.585229 0 -0.874225 0.485521 0 -0.810868 0.585229 0 -0.925382 0.379036 0 -0.874225 0.485521 0 -0.925382 0.379036 0 -0.963624 0.267262 0 -0.988418 0.151758 0 -0.963624 0.267262 0 -0.999417 0.0341355 0 -0.988418 0.151758 0 -0.999417 0.0341355 0 -0.996469 -0.083963 0 -0.979614 -0.20089 0 -0.996469 -0.0839631 0 -0.949087 -0.315013 0 -0.979614 -0.20089 0 -0.949087 -0.315013 0 -0.905315 -0.42474 0 -0.848909 -0.528539 0 -0.905315 -0.42474 0 -0.780655 -0.624962 0 -0.848909 -0.528539 0 -0.780655 -0.624962 0 -0.701507 -0.712663 0 -0.612568 -0.790418 0 -0.701507 -0.712663 0 -0.51508 -0.857142 0 -0.612568 -0.790418 0 -0.51508 -0.857142 0 -0.410404 -0.911904 0 -0.3 -0.953939 0 -0.410404 -0.911904 0 -0.3 -0.953939 0 0.117929 0.993022 0 0.234213 0.972185 0 0.117929 0.993022 0 0.234212 0.972185 0 0.347227 0.937781 0 0.455396 0.890289 0 0.347227 0.937781 0 0.557209 0.830372 0 0.455396 0.890289 0 0.557209 0.830372 0 0.651246 0.758867 0 0.736194 0.676771 0 0.651246 0.758867 0 0.810868 0.58523 0 0.736194 0.676771 0 0.810868 0.58523 0 0.874225 0.485521 0 0.925382 0.379036 0 0.874225 0.485521 0 0.963624 0.267262 0 0.925382 0.379036 0 0.963624 0.267262 0 0.988418 0.151757 0 0.999417 0.0341358 0 0.988418 0.151757 0 0.996469 -0.0839631 0 0.999417 0.0341354 0 0.996469 -0.0839627 0 0.979614 -0.20089 0 0.949087 -0.315013 0 0.979614 -0.20089 0 0.905315 -0.42474 0 0.949087 -0.315013 0 0.905315 -0.42474 0 0.848909 -0.528539 0 0.780655 -0.624962 0 0.848909 -0.528539 0 0.701506 -0.712663 0 0.780655 -0.624962 0 0.701507 -0.712663 0 0.612568 -0.790418 0 0.51508 -0.857142 0 0.612568 -0.790418 0 0.410404 -0.911904 0 0.51508 -0.857142 0 0.410404 -0.911904 0 0.3 -0.953939 0 0.3 -0.953939 0 -1 0 0 -1 0 0 -1 0 0 -1 0 0 -8.74228e-08 -1 -0 0.117929 -0.993022 0 0.0214071 -0.999771 0 0.130966 -0.991387 0 0.234212 -0.972185 0 0.347227 -0.937781 0 0.246412 -0.969165 0 0.455396 -0.890289 0 0.358452 -0.933548 0 0.465538 -0.885028 0 0.557209 -0.830372 0 0.651246 -0.758867 0 0.566189 -0.824275 0 0.736194 -0.676771 0 0.659015 -0.75213 0 0.742732 -0.669589 0 0.810868 -0.585229 0 0.874225 -0.485521 0 0.816183 -0.577793 0 0.925382 -0.379036 0 0.878353 -0.478012 0 0.928384 -0.371623 0 0.963624 -0.267262 0 0.988418 -0.151758 0 0.965582 -0.260098 0 0.999417 -0.0341355 0 0.989435 -0.144978 0 0.999612 -0.0278545 0 0.996469 0.083963 0 0.979614 0.20089 0 0.995973 0.0896543 0 0.949087 0.315013 0 0.978568 0.205924 0 0.947638 0.319347 0 0.905315 0.42474 0 0.848909 0.528539 0 0.90361 0.428357 0 0.780655 0.624962 0 0.847092 0.531446 0 0.778867 0.627189 0 0.701507 0.712663 0 0.612568 0.790418 0 0.699876 0.714264 0 0.51508 0.857142 0 0.611212 0.791467 0 0.5141 0.85773 0 0.410404 0.911904 0 0.3 0.953939 0 0.409883 0.912138 0 0.3 0.953939 0 -0.0884108 -0.996084 -0 -0.197161 -0.980371 -0 -0.117929 -0.993022 -0 -0.234212 -0.972185 -0 -0.303531 -0.952822 -0 -0.406236 -0.913768 -0 -0.347227 -0.937781 -0 -0.504036 -0.863682 -0 -0.455396 -0.890289 -0 -0.557209 -0.830372 -0 -0.595752 -0.803169 -0 -0.680274 -0.732958 -0 -0.651246 -0.758867 -0 -0.756583 -0.653898 -0 -0.736194 -0.676771 -0 -0.810868 -0.58523 -0 -0.823757 -0.566944 -0 -0.880985 -0.473143 -0 -0.874225 -0.485521 -0 -0.927577 -0.373631 -0 -0.925382 -0.379036 -0 -0.963624 -0.267262 -0 -0.96297 -0.269608 -0 -0.986737 -0.162329 -0 -0.99859 -0.0530909 -0 -0.988418 -0.151757 -0 -0.998386 0.0567889 0 -0.999417 -0.0341354 -0 -0.996469 0.0839627 0 -0.986129 0.165983 0 -0.961965 0.273172 0 -0.979614 0.20089 0 -0.926187 0.377064 0 -0.949087 0.315013 0 -0.905315 0.42474 0 -0.879227 0.476403 0 -0.821651 0.56999 0 -0.848909 0.528539 0 -0.754156 0.656696 0 -0.780655 0.624962 0 -0.701507 0.712663 0 -0.677554 0.735473 0 -0.592773 0.80537 0 -0.612568 0.790418 0 -0.500835 0.865543 0 -0.51508 0.857142 0 -0.410404 0.911904 0 -0.402849 0.915266 0 -0.3 0.953939 0 -0.3 0.953939 0 -0 -0 -1 -0 -0 -1 -0 -0 -1 -0 -0 -1 -0 -0 -1 -0 -0 -1 -0 -0 -1 -0 -0 -1 -0 -0 -1 -0 -0 -1 -0 -0 -1 -0 -0 -1 -0 -0 -1 -0 -0 -1 -0 -0 -1 -0 -0 -1 -0 -0 -1 -0 -0 -1 -0 -0 -1 -0 -0 -1 -0 -0 -1 -0 -0 -1 -0 -0 -1 -0 -0 -1 -0 -0 -1 -0 -0 -1 -0 -0 -1 -0 -0 -1 -0 -0 -1 -0 -0 -1 -0 -0 -1 -0 -0 -1 -0 -0 -1 -0 -0 -1 -0 -0 -1 -0 -0 -1 -0 -0 -1 -0 -0 -1 -0 -0 -1 -0 -0 -1 -0 -0 -1 -0 -0 -1 -0 -0 -1 -0 -0 -1 -0 -0 -1 -0 -0 -1 -0 -0 -1 -0 -0 -1 -0 -0 -1 -0 -0 -1 -0 -0 -1 -0 -0 -1 -0 -0 -1 -0 -0 -1 -0 -0 -1 -0 -0 -1 -0 -0 -1 -0 -0 -1 -0 -0 -1 -0 -0 -1 -0 -0 -1 -0 -0 -1 -0 -0 -1 -0 -0 -1 -0 -0 -1 -0 -0 -1 -0 -0 -1 -0 -0 -1 -0 -0 -1 -0 -0 -1 -0 -0 -1 -0 -0 -1 -0 -0 -1 -0 -0 -1 -0 -0 -1 -0 -0 -1 -0 -0 -1 -0 -0 -1 -0 -0 -1 -0 -0 -1 -0 -0 -1 -0 -0 -1 -0 -0 -1 -0 -0 -1 -0 -0 -1 -0 -0 -1 -0 -0 -1 -0 -0 -1 -0 -0 -1 -0 -0 -1 -0 -0 -1 -0 -0 -1 -0 -0 -1 -0 -0 -1 -0 -0 -1 -0 -0 -1 -0 -0 -1 -0 -0 -1 -0 -0 -1 -0 -0 -1 -0 -0 -1 -0 -0 -1 -0 -0 -1 -0 -0 -1 -0 -0 -1 -0 -0 -1 -0 -0 -1 -0 -0 -1 -0 -0 -1 -0 -0 -1 -0 -0 -1 -0 -0 -1 -0 -0 -1 -0 -0 -1 -0 -0 -1 -0 -0 -1 -0 -0 -1 -0 -0 -1 -0 -0 -1 -0 -0 -1 -0 -0 -1 -0 -0 -1 -0 -0 -1 -0 -0 -1 -0 -0 -1 -0 -0 -1 -0 -0 -1 -0 -0 -1 -0 -0 -1 -0 -0 -1 -0 -0 -1 -0 -0 -1 -0 -0 -1 -0 -0 -1 -0 -0 -1 -0 -0 -1 -0 -0 -1 -0 -0 -1 -0 -0 -1 -0 -0 -1 -0 -0 -1 -0 -0 -1 -0 -0 -1 -0 -0 -1 -0 -0 -1 -0 -0 -1 -0 -0 -1 -0 -0 -1 -0 -0 -1 -0 -0 -1 -0 -0 -1 -0 -0 -1 -0 -0 -1 -0 -0 -1 -0 -0 -1 -0 -0 -1 -0 -0 -1 -0 -0 -1 -0 -0 -1 -0 -0 -1 -0 -0 -1 -0 -0 -1 -0 -0 -1 -0 -0 -1 -0 -0 -1 -0 -0 -1 -0 -0 -1 -0 -0 -1 -0 -0 -1 -0 -0 -1 -0 -0 -1 -0 -0 -1 -0 -0 -1 -0 -0 -1 -0 -0 -1 -0 -0 -1 -0 -0 -1 -0 -0 -1 -0 -0 -1 -0 -0 -1 -0 -0 -1 -0 -0 -1 -0 -0 -1 -0 -0 -1 -0 -0 -1 -0 -0 -1 -0 -0 -1 -0 -0 -1 -0 -0 -1 -0 -0 -1 -0 -0 -1 -0 -0 -1 -0 -0 -1 -0 -0 -1 -0 -0 -1 -0 -0 -1 0.895896 0.0494647 0.441501 0.79797 0.134294 0.587544 0.810511 0.0174832 0.585462 0.811862 -0.099569 0.575297 0.802003 -0.215247 0.557189 0.896622 -0.117446 0.426938 0.872178 -0.281059 0.40039 0.989965 0.076739 0.11866 0.956714 0.0631343 0.284099 0.990331 -0.0902756 0.10533 0.781072 -0.327952 0.531389 0.749357 -0.43613 0.498251 0.82325 -0.436783 0.362602 0.707296 -0.538287 0.458235 0.751212 -0.580245 0.314636 0.878322 -0.424405 0.220069 0.801159 -0.569019 0.185368 0.65547 -0.633012 0.411892 0.701506 -0.69766 0.145464 0.658086 -0.707419 0.257837 0.58216 -0.806717 0.101476 0.594594 -0.718997 0.359863 0.525509 -0.795055 0.302865 0.546487 -0.814735 0.193801 0.446472 -0.893128 0.0546389 0.3 -0.953939 6.60089e-10 0.410294 -0.911953 0.00123155 0.419547 -0.89918 0.124324 0.515169 -0.857088 -0.00139018 0.612573 -0.790414 -9.72667e-05 0.279024 -0.953939 0.110207 0.29472 -0.953936 0.0560891 0.366628 -0.913343 0.177169 0.449169 -0.860137 0.241685 -0.180756 -0.637007 0.749366 -0.312468 -0.636844 0.704835 -0.152083 -0.756763 0.635752 0.870022 0.214987 0.44367 0.774413 0.249251 0.581514 0.961809 0.241599 0.128659 0.906653 0.399678 0.135046 0.875926 0.387106 0.287929 0.740163 0.360766 0.567456 0.819724 0.374473 0.433385 0.746415 0.523448 0.410934 0.695695 0.467301 0.545563 0.641621 0.567384 0.516138 0.652153 0.657729 0.376947 0.578689 0.659633 0.479587 0.577468 0.782061 0.234332 0.722251 0.678053 0.136374 0.598181 0.790535 0.131278 0.539584 0.773546 0.332379 0.507767 0.742775 0.436414 0.429835 0.815662 0.387216 0.411868 0.867648 0.27848 0.345969 0.877288 0.332672 0.27259 0.937394 0.216764 0.125661 0.980826 0.148963 0.16513 0.96352 0.210622 0.257326 0.926802 0.273535 0.0706542 0.986935 0.144801 0.141395 0.985388 0.0949614 -0.0247969 0.996724 0.0769801 0.135834 0.983112 0.122634 -0.00780063 0.999237 -0.0382813 -0.113129 0.993502 -0.0124819 0.115782 0.993242 -0.00803947 -0.989315 0.0255767 0.143532 -0.999417 0.0341337 4.89148e-05 -0.996469 -0.0839637 1.63641e-05 -0.65128 0.758838 0.000748152 -0.736203 0.676761 0.000243849 -0.640734 0.766625 0.0417878 0.35485 -0.836746 0.417059 0.274904 -0.915793 0.292834 0.332511 -0.910677 0.245159 -0.979614 -0.200891 3.6536e-05 -0.945912 -0.304097 0.113031 -0.981388 -0.141242 0.130107 -0.349583 -0.49919 0.792844 -0.484449 -0.496918 0.719987 -0.905315 -0.424741 3.82861e-05 -0.883882 -0.458414 0.0927803 -0.949087 -0.315015 5.80443e-05 -0.780651 -0.624967 0.000131304 -0.687825 -0.724474 0.0451084 -0.797041 -0.599864 0.0699258 -0.848908 -0.528541 4.4869e-05 -0.168082 -0.953941 0.248487 -0.219791 -0.92858 0.29905 -0.206106 -0.953941 0.217983 -0.3 -0.953939 -4.46264e-08 -0.398228 -0.914962 0.0652536 -0.410333 -0.911936 0.000886476 -0.296042 -0.953938 0.048585 -0.515051 -0.85716 0.000476937 -0.660657 -0.732871 0.162581 -0.765789 -0.609523 0.205059 -0.612564 -0.790421 7.02605e-05 -0.701501 -0.712668 0.000141053 -0.849423 -0.469065 0.241781 -0.951262 0.0138152 0.308075 -0.94348 -0.152959 0.294022 -0.878354 -0.163327 0.449243 0.101303 -0.179828 0.978468 0.102235 -0.341451 0.934323 0.262687 -0.335179 0.904793 -0.541973 -0.1836 0.820095 -0.376885 -0.347523 0.858595 -0.393608 -0.186099 0.900244 -0.0434362 -0.635267 0.77107 -0.032709 -0.75525 0.65462 0.088106 -0.752127 0.653102 0.139751 -0.924024 0.355878 0.155264 -0.953937 0.256704 0.210029 -0.920285 0.330097 0.206888 -0.747484 0.631241 0.0955423 -0.631674 0.769324 0.517732 -0.725961 0.452697 0.424835 -0.73421 0.529577 0.431173 -0.829968 0.353895 -0.605072 -0.492619 0.625471 -0.434782 -0.634784 0.63876 0.194787 -0.953937 0.22817 -0.758581 -0.333919 0.559511 -0.64898 -0.340525 0.680343 0.257496 -0.953938 0.153941 -0.846165 -0.325477 0.421983 -0.707984 -0.486417 0.512013 -0.795068 -0.00534695 0.606497 -0.885886 0.00340751 0.463891 -0.787883 -0.172048 0.591303 -0.909213 -0.315439 0.271715 -0.96947 0.191678 0.152927 -0.988418 0.151756 5.6799e-05 -0.925383 0.379033 8.46417e-05 -0.963624 0.267262 1.13874e-05 -0.922411 0.352398 0.15803 -0.826831 0.331912 0.454076 -0.817245 0.49327 0.297986 -0.887245 0.34153 0.310086 -0.874229 0.485515 0.000159225 -0.849458 0.503226 0.158697 -0.724303 0.631164 0.277522 -0.634732 0.758666 0.146771 -0.752659 0.639928 0.154908 -0.503642 0.86228 0.0530838 -0.810868 0.585229 1.35804e-07 -0.349234 0.929515 0.118481 -0.498986 0.856107 0.134514 -0.480601 0.850424 0.214014 -0.557248 0.830346 0.000685348 -0.346612 0.937994 -0.00528554 -0.455503 0.890233 0.00143516 -0.352412 0.933729 0.0628899 -0.23255 0.972537 -0.00959437 -0.180206 0.983502 0.0157841 0.828467 -0.557846 0.0494992 0.93083 -0.267876 0.248593 0.962897 -0.254756 0.0890437 0.957207 -0.103828 0.270137 0.929364 0.228325 0.290086 0.797899 0.53502 0.27769 0.697473 0.667915 0.259655 0.441253 0.874253 0.20243 0.292651 0.941903 0.164846 0.303618 0.94639 0.110277 0.457318 0.880826 0.122497 0.701526 -0.712643 -0.000499877 0.84891 -0.528537 -4.75702e-05 0.908433 -0.412085 0.0702576 0.979614 -0.200889 -2.95872e-05 0.963624 0.267263 -1.54324e-05 0.826046 0.546536 0.137642 0.810868 0.585229 -2.07267e-08 0.459603 0.887179 0.0409795 0.305178 0.950727 0.0546265 0.780663 -0.624952 -0.000250614 0.905317 -0.424736 -0.000102903 0.949088 -0.31501 -8.6664e-05 0.996469 -0.0839618 -3.26128e-05 0.999417 0.0341375 -5.13255e-05 0.988418 0.151759 -3.1647e-05 0.925381 0.379039 -6.37528e-05 0.874224 0.485523 -6.72987e-05 0.736189 0.676776 -0.00014404 0.651236 0.758875 -0.000233563 0.601126 0.798725 0.0261821 0.455359 0.890308 -0.000516894 0.142186 0.987587 0.0667401 0.557204 0.830376 -9.62689e-05 0.34708 0.937834 -0.00151595 0.138183 0.989647 0.0387822 0.233356 0.972373 -0.00591403 -0.188102 0.981213 0.0428824 -0.19129 0.978967 0.0709306 -0.189678 0.97683 0.0991218 -0.369285 -0.91957 0.134237 -0.53698 -0.835646 0.115539 -0.445363 -0.846885 0.290581 -0.378702 -0.850903 0.364072 -0.549146 -0.746551 0.375633 -0.544179 -0.630885 0.55304 -0.37291 -0.75483 0.539601 -0.93234 0.180202 0.31348 -0.675586 0.623408 0.393632 -0.611028 0.751339 0.249267 -0.285163 0.919315 0.271187 -0.315118 0.922203 0.224149 -0.405134 0.841166 0.358199 -0.761903 0.48446 0.429888 -0.336682 0.925635 0.172754 -0.183313 0.974863 0.126645 -0.284253 -0.953942 0.0958952 -0.264968 -0.953942 0.140667 -0.329078 -0.923446 0.197371 -0.498633 -0.84175 0.206934 -0.613983 -0.740301 0.273822 -0.712098 -0.61807 0.333024 -0.790223 -0.478489 0.382877 -0.868549 0.170046 0.465517 -0.637884 0.317492 0.701643 -0.588819 0.471251 0.65667 -0.685023 0.477049 0.550606 -0.442942 0.735137 0.513202 -0.513734 0.739403 0.435156 -0.523224 0.61178 0.593263 -0.570305 0.744856 0.346326 -0.449014 0.845395 0.289298 -0.607911 0.616885 0.499898 -0.238687 -0.953942 0.181724 -0.278764 -0.926478 0.252841 -0.637513 -0.62526 0.450141 -0.548215 -0.0169437 0.836166 -0.539067 0.150189 0.828764 -0.669043 0.154821 0.726919 -0.779934 0.161504 0.604664 -0.742906 0.323822 0.585858 -0.359966 0.732179 0.578219 -0.267194 0.730617 0.628336 -0.285865 0.835563 0.469165 -0.172377 0.973122 0.152708 -0.46801 -0.751441 0.465084 -0.204356 -0.499369 0.841944 -0.67467 -0.178871 0.716118 -0.681422 -0.0121964 0.73179 -0.476057 0.467232 0.745026 -0.514787 0.313105 0.798097 -0.213907 0.83435 0.508039 -0.350225 0.837856 0.418735 -0.247677 0.917056 0.312514 -0.157186 0.971658 0.176562 0.0167793 -0.953938 0.299534 -0.00882699 -0.92884 0.370376 -0.0319528 -0.953939 0.298295 -0.153855 -0.929691 0.33467 -0.300569 -0.853687 0.425295 -0.11914 -0.855275 0.504292 -0.266581 -0.756621 0.597042 -0.213211 -0.855159 0.472488 -0.520517 -0.345103 0.781003 -0.237258 0.147548 0.960176 -0.228952 0.310604 0.922554 -0.377157 0.310787 0.872447 -0.214218 0.464941 0.859035 -0.193471 0.606226 0.771401 -0.31298 0.606374 0.730996 -0.423962 0.608243 0.671041 -0.20374 0.91549 0.346941 -0.167293 0.730494 0.662112 -0.138177 0.970512 0.197519 -0.12562 -0.95394 0.27243 -0.0798406 -0.953939 0.289181 -0.0828526 -0.929778 0.358675 -0.238904 -0.0196502 0.970844 -0.0672758 -0.184186 0.980586 -0.0716975 -0.0175315 0.997272 -0.399281 -0.0194524 0.916622 -0.393745 0.147741 0.907269 -0.349981 0.465108 0.813134 -0.101716 0.914597 0.391364 -0.0556323 0.835279 0.547005 -0.0465639 0.915296 0.400081 -0.154615 0.914662 0.373479 -0.0641569 0.969265 0.237506 -0.090983 0.969298 0.228436 -0.115895 0.969718 0.214978 0.557096 -0.317248 0.767462 0.645227 -0.460301 0.609759 0.682584 -0.306105 0.663611 -0.222219 -0.347713 0.910887 -0.233844 -0.186297 0.954259 0.0819472 0.316604 0.945011 -0.0726743 0.466734 0.881406 -0.0744351 0.312562 0.946976 0.0261303 0.837392 0.545978 0.0422728 0.734538 0.677249 0.14591 0.73859 0.658176 -0.136419 0.834255 0.534236 -0.0631391 0.731813 0.678574 0.0660927 -0.926904 0.369434 -0.0210636 -0.854032 0.519794 -0.052944 -0.497451 0.865875 -0.0609656 -0.34567 0.936374 0.408247 0.168472 0.897191 0.235696 0.322615 0.916715 0.253356 0.16023 0.954011 -0.0741064 0.149615 0.985963 -0.0688734 0.607805 0.791094 0.164826 0.925017 0.34231 0.116491 0.92167 0.370073 0.254014 0.849518 0.462381 -0.0361883 0.96962 0.241926 0.0650687 -0.953938 0.292864 0.11164 -0.953937 0.27846 0.0781968 -0.851466 0.518546 0.100296 -0.493489 0.86395 0.0975281 -0.0131572 0.995146 0.0910151 0.153883 0.983888 0.336071 0.750171 0.569473 0.505657 0.638376 0.580334 0.417124 0.757368 0.502395 0.0705788 0.470437 0.879606 0.0572289 0.611065 0.789509 0.00925402 0.916739 0.39938 0.106516 0.840535 0.531184 0.064132 0.918884 0.38928 0.175787 -0.847651 0.500586 0.232181 -0.626333 0.744177 0.250956 -0.4876 0.836222 0.699303 0.0234939 0.714439 0.569183 0.0119399 0.822124 0.700779 -0.143317 0.698834 0.267044 -0.173349 0.947965 0.263904 -0.00665313 0.964526 0.21142 0.475943 0.853686 0.181209 0.615911 0.766692 0.207745 0.928828 0.306791 0.316883 0.8551 0.410352 -0.00788207 0.970351 0.241571 0.183213 0.844616 0.503048 0.320217 -0.741453 0.589668 0.268897 -0.842697 0.466429 0.362548 -0.619396 0.696353 0.394702 -0.479951 0.783491 0.415776 -0.327033 0.848634 0.425178 -0.164935 0.889955 0.422645 0.00179354 0.906294 0.678196 0.189646 0.709989 0.638051 0.350474 0.685609 0.517806 0.339797 0.785121 0.382389 0.33042 0.862903 0.345797 0.483093 0.804391 0.299498 0.622205 0.723299 0.244791 0.743851 0.621903 0.0199475 0.971439 0.236449 0.0465 0.972852 0.226709 0.0710114 0.974549 0.21263 0.229167 -0.953938 0.193611 0.482894 -0.611063 0.627228 0.527398 -0.470763 0.707272 0.571156 -0.154827 0.806107 0.551232 0.178372 0.815063 0.469845 0.491683 0.73314 0.408694 0.629766 0.660578 0.589757 -0.601574 0.53879 0.579994 0.501463 0.641982 0.0927765 0.976482 0.194617 0.130966 -0.991387 -2.69352e-08 0.244339 -0.969621 -0.0115747 0.183493 -0.9827 0.0251109 0.0750685 -0.969232 0.234424 0.123233 -0.914531 0.385287 0.0495653 -0.969403 0.240417 -0.986129 0.16598 -5.62342e-05 -0.985335 0.0932991 0.142868 -0.95806 0.257683 0.125384 -0.791635 -0.533279 0.298207 -0.718513 -0.675791 0.164453 -0.691959 -0.666383 0.277716 -0.961965 0.273172 9.19004e-08 -0.252592 -0.477924 0.8413 -0.280642 -0.324777 0.903194 -0.374741 -0.484909 0.790211 -0.708292 -0.0244082 0.705497 -0.785488 -0.201969 0.584993 -0.686967 -0.190538 0.701264 -0.312541 0.00431306 0.949894 -0.164048 0.177639 0.970326 -0.315495 0.171018 0.933389 -0.441609 -0.170564 0.880846 -0.456836 -0.00393795 0.889542 -0.571392 -0.179983 0.800698 0.443291 0.185538 0.876966 0.554207 0.344157 0.757899 0.424984 0.346979 0.836059 -0.00862641 0.182497 0.983169 0.138091 0.346917 0.927674 -0.0125148 0.344035 0.938873 0.556398 0.745985 0.365962 0.499779 0.841609 0.204733 0.451321 0.84642 0.282635 0.463472 0.633978 0.619084 0.561755 0.630022 0.536195 0.483288 0.75069 0.45044 0.397063 0.915208 0.0688117 0.37015 0.919463 0.132575 0.3 0.953939 2.46089e-08 0.296308 0.953939 0.0469291 0.645855 0.624609 0.439016 0.615378 0.740129 0.271143 0.333575 0.923095 0.191374 0.353428 0.636381 0.685644 0.39785 0.75413 0.522497 0.394746 0.498679 0.771683 0.516083 0.49603 0.698292 -0.160513 0.010959 0.986973 0.263428 0.49955 0.825261 0.125362 0.498621 0.857707 -0.162977 0.339332 0.926441 -0.74165 -0.522587 0.420544 -0.673077 -0.512154 0.53354 -0.739665 -0.362145 0.567228 -0.589845 -0.0135909 0.807402 -0.902018 -0.396873 0.169867 -0.880984 -0.473146 -6.68716e-05 -0.831404 -0.554387 0.0377128 -0.809262 -0.0361233 0.586336 -0.864529 -0.213994 0.454747 -0.956915 -0.238638 0.165426 -0.927577 -0.373631 -1.14142e-07 -0.984949 -0.0737039 0.156342 -0.998386 0.0567873 -3.63963e-05 -0.87923 0.476398 -0.000134575 -0.824348 0.560339 0.0804456 -0.821651 0.56999 1.01898e-08 -0.926188 0.377061 -6.66876e-05 -0.721664 0.690114 0.0542535 -0.754163 0.656688 -0.000202102 -0.90389 0.414833 0.10438 -0.677577 0.735452 -0.000534347 -0.598722 0.800517 0.0265382 -0.592773 0.80537 -6.69468e-08 -0.500912 0.865497 -0.00117252 -0.57782 0.807923 0.115692 -0.986736 -0.162331 -4.30119e-05 -0.443197 0.894038 0.0653689 -0.3 0.953939 -1.62992e-08 -0.402741 0.915313 0.00118524 -0.96297 -0.269609 -3.92977e-05 -0.595056 -0.788645 0.15475 -0.602123 -0.796313 0.0577457 -0.823755 -0.566946 -8.05936e-05 -0.680267 -0.732965 -0.000173775 -0.726967 -0.684964 0.0484087 -0.756583 -0.653898 -1.27798e-08 -0.595738 -0.803178 -0.000263466 -0.504037 -0.863682 3.73838e-08 -0.460376 -0.885307 0.0654617 -0.413986 -0.332402 0.847422 -0.5369 -0.341322 0.771517 -0.140556 -0.98488 0.101264 -0.301964 -0.945389 0.122706 -0.142454 -0.986939 0.0752158 -0.406175 -0.913795 -0.000753572 -0.305706 -0.94945 0.0713401 -0.140242 -0.988895 0.0491841 -0.301344 -0.953306 0.0200074 -0.303331 -0.952883 -0.00181047 -0.111169 -0.978594 0.173189 -0.244015 -0.932994 0.264537 -0.124719 -0.980656 0.150862 -0.133974 -0.990699 0.0238102 -0.197161 -0.980371 -2.26222e-08 -0.0822063 -0.996455 -0.0178939 -0.0942801 -0.976635 0.193121 -0.21071 -0.929129 0.303841 0.0121786 -0.999463 -0.030422 0.0247969 -0.996724 0.0769801 -0.0744674 -0.974825 0.210167 -0.171641 -0.925561 0.337454 -0.0522192 -0.973211 0.223906 -0.127769 -0.922378 0.364547 0.300911 -0.147353 0.9422 0.449155 0.0188883 0.893254 0.304138 0.0198502 0.952421 -0.270734 -0.937059 0.220508 -0.134596 -0.982769 0.126688 -0.29021 -0.941225 0.17284 -0.454895 -0.87936 0.140703 -0.814522 -0.373534 0.443876 -0.8218 -0.543967 0.16954 -0.99859 -0.0530907 7.06047e-08 -0.0801746 -0.919656 0.384454 -0.028083 -0.971831 0.234001 -0.572859 -0.78078 0.249429 -0.869088 -0.385206 0.310326 -0.437678 -0.873259 0.21414 -0.922145 -0.226319 0.313734 -0.949315 -0.0610784 0.308336 -0.949836 0.105876 0.294281 -0.923694 0.269859 0.271966 -0.871622 0.426266 0.242016 -0.891015 0.118459 0.438247 -0.866749 0.28204 0.411338 -0.795082 0.570707 0.205273 -0.696223 0.699128 0.162767 -0.654068 0.708145 0.265943 -0.0300293 -0.917464 0.396684 -0.00265341 -0.970719 0.240204 -0.536078 -0.772913 0.33945 -0.647959 -0.656971 0.385407 -0.409149 -0.867157 0.283965 -0.890268 -0.0484479 0.452853 -0.818153 0.437704 0.372883 -0.788628 0.293926 0.540069 -0.810318 0.130736 0.57122 -0.746589 0.58108 0.32396 -0.596235 0.716944 0.36124 -0.417055 0.89963 0.12935 -0.543185 0.815331 0.20046 -0.29631 0.953938 0.0469292 0.0234436 -0.969903 0.24236 0.0214322 -0.915855 0.400936 -0.485619 -0.765235 0.422598 -0.587595 -0.647787 0.484875 -0.37001 -0.861202 0.348458 -0.646358 -0.351319 0.677346 -0.587604 -0.502237 0.634412 -0.744799 0.448864 0.493757 -0.691253 0.305224 0.654987 -0.709734 0.142407 0.689926 -0.680062 0.591202 0.433584 -0.52415 0.725308 0.446313 -0.381192 0.905086 0.188446 -0.495671 0.822561 0.278755 -0.285323 0.953937 0.0927035 0.0729422 -0.914869 0.397106 -0.422724 -0.757938 0.496824 -0.512355 -0.639057 0.57367 -0.321226 -0.855542 0.406032 -0.487336 -0.49308 0.720677 -0.653367 0.459473 0.601662 -0.591739 0.153182 0.791442 -0.577022 0.315656 0.753264 -0.436446 0.829432 0.34865 -0.439587 0.733031 0.519066 -0.59714 0.600823 0.531447 -0.267311 0.953937 0.136196 -0.336491 0.910273 0.241201 0.0156775 -0.732869 0.680189 0.0188192 -0.836098 0.548258 0.112955 -0.731008 0.672955 -0.348942 -0.7512 0.560302 -0.424091 -0.630997 0.649608 -0.263997 -0.850316 0.455268 -0.546108 0.469268 0.69394 -0.459239 0.162799 0.873268 -0.44875 0.324965 0.832479 -0.36697 0.835777 0.408423 -0.499863 0.609707 0.615137 -0.344627 0.739922 0.577708 -0.242715 0.953937 0.176335 -0.284052 0.915062 0.286316 0.0993254 -0.969393 0.224527 0.171066 -0.914848 0.365772 -0.266089 -0.745187 0.611468 -0.324976 -0.623803 0.710816 -0.199733 -0.845652 0.494955 -0.00449535 0.0158361 0.999865 -0.152473 -0.156028 0.975914 -0.309592 0.332922 0.890683 -0.425664 0.478009 0.768321 -0.390628 0.617635 0.682596 -0.288952 0.841439 0.456603 -0.241611 0.745813 0.620795 -0.212143 0.953937 0.212133 -0.225166 0.919335 0.322681 0.215263 -0.915814 0.339039 0.121739 -0.969882 0.210971 -0.176207 -0.740047 0.649062 -0.217452 -0.617655 0.755789 -0.130016 -0.841665 0.524114 -0.056562 -0.838454 0.542029 -0.081507 -0.735907 0.672158 -0.300814 -0.162513 0.939734 -0.294999 0.485481 0.822973 -0.272124 0.624411 0.732161 -0.204315 0.846279 0.492004 -0.176347 0.953937 0.242707 -0.161284 0.922988 0.3494 0.539171 -0.612564 0.577979 0.381727 -0.732791 0.563296 0.456272 -0.735792 0.500426 -0.104164 -0.612703 0.783419 -0.123897 -0.472298 0.872688 -0.140152 -0.318636 0.937459 -0.157332 0.491499 0.856549 -0.14727 0.629869 0.762612 -0.133073 0.750558 0.647267 -0.115141 0.850177 0.513752 -0.0939775 0.92593 0.365816 -0.0927156 0.953937 0.28532 -0.136208 0.953937 0.267304 0.141756 -0.970688 0.194088 0.254736 -0.917403 0.305748 0.0120961 -0.609068 0.793025 0.00817501 -0.46817 0.883601 0.00402492 -0.314129 0.949372 -0.000238562 -0.151269 0.988493 0.234331 0.637171 0.734236 0.302188 0.756219 0.580358 -0.0160515 0.495915 0.868222 0.146943 0.185474 0.9716 -0.0191381 0.633874 0.773199 -0.0216874 0.75404 0.656471 0.0898038 0.756173 0.64818 -0.0249054 0.92809 0.371523 -0.0236282 0.853038 0.521314 -0.0469404 0.953938 0.29631 0.158885 -0.97179 0.174296 0.288513 -0.919577 0.266719 0.942809 0.305575 0.133172 0.903609 0.428358 2.68225e-05 0.880969 0.459803 0.111693 0.128467 -0.606842 0.784372 0.0942716 -0.834654 0.542647 0.140373 -0.46564 0.873771 0.148338 -0.311367 0.938641 0.152139 -0.148354 0.977162 0.15167 0.0188244 0.988252 0.298829 0.186496 0.935906 0.28513 0.347906 0.893119 0.0679721 0.854791 0.514503 0.198656 0.756905 0.622599 0.109114 0.636329 0.763662 0.0442327 0.929413 0.366382 -9.78345e-06 0.953938 0.300003 0.172704 -0.973162 0.15208 0.315763 -0.922282 0.222911 0.207929 -0.730369 0.650636 0.242082 -0.606077 0.757672 0.167938 -0.834158 0.525335 0.26944 -0.464772 0.843439 0.289235 -0.310419 0.905529 0.157404 0.855392 0.493486 0.0469209 0.953939 0.296309 0.111733 0.929867 0.350519 0.410042 -0.841549 0.351654 0.449958 -0.845512 0.287485 0.571522 -0.745007 0.343988 0.298261 -0.730968 0.61378 0.350145 -0.606794 0.713582 0.238004 -0.834623 0.496748 0.3922 -0.465586 0.793353 0.423246 -0.311308 0.850853 0.44241 -0.148291 0.884468 0.763627 0.609979 0.211659 0.713703 0.617872 0.329943 0.791992 0.478271 0.37948 0.242465 0.854828 0.458781 0.175935 0.929441 0.324325 0.136187 0.95394 0.267304 0.0926954 0.953939 0.285319 0.182872 -0.97477 0.127989 0.335814 -0.925452 0.175405 0.449994 -0.608974 0.653189 0.302744 -0.836037 0.45759 0.505629 -0.468063 0.724746 0.547071 -0.314012 0.775958 0.606935 -0.472141 0.639307 0.573155 -0.151146 0.805387 0.583149 0.0159625 0.812208 0.576774 0.182623 0.796229 0.535436 0.835971 0.120253 0.32106 0.853112 0.411243 0.235257 0.928145 0.288444 0.176325 0.953941 0.242707 0.18914 -0.976574 0.102615 0.348173 -0.929009 0.12537 0.360565 -0.838364 0.408825 0.919438 -0.350982 0.17733 0.966331 -0.190182 0.173306 0.884813 -0.341016 0.317512 0.657661 -0.318464 0.682688 0.689925 -0.155847 0.706905 0.702822 0.0111446 0.711279 0.695989 0.177824 0.695685 0.669619 0.339511 0.660563 0.624451 0.491667 0.606897 0.288239 0.926013 0.24376 0.391255 0.850286 0.352041 0.212122 0.953941 0.212135 0.497432 -0.855366 0.144605 0.479329 -0.850156 0.217897 0.520061 -0.739897 0.426718 0.61548 -0.617476 0.489804 0.693622 -0.477721 0.53914 0.752293 -0.324555 0.573341 0.789845 -0.162278 0.591447 0.805225 0.00455349 0.592951 0.798002 0.171258 0.577809 0.768377 0.333154 0.546448 0.717182 0.485699 0.499746 0.242695 0.953941 0.176339 0.191352 -0.978529 0.0765834 0.352535 -0.932865 0.074037 0.677042 -0.623588 0.390835 0.722341 -0.63075 0.28351 0.815016 -0.4928 0.304789 0.763556 -0.484664 0.426711 0.828637 -0.332135 0.450608 0.870456 -0.170282 0.461856 0.88784 -0.00364874 0.460138 0.8803 0.163087 0.445504 0.848049 0.325244 0.418364 0.285309 0.953941 0.0927086 0.267293 0.953941 0.136201 0.189454 -0.980588 0.0505349 0.348793 -0.936926 0.0226711 0.609388 -0.750994 0.254273 0.929771 -0.17966 0.321322 0.978183 0.14277 0.150913 0.995973 0.0896545 5.7173e-06 0.978568 0.205925 4.28852e-05 0.948629 -0.01326 0.316112 0.940858 0.153512 0.302028 0.906675 0.315975 0.279465 0.84704 0.469568 0.249058 0.685528 0.725568 0.060019 0.658778 0.733267 0.168319 0.465566 -0.885013 0.00037281 0.760116 -0.647497 0.0545015 0.640966 -0.764993 0.0628388 0.742736 -0.669584 0.000120836 0.632728 -0.757711 0.15978 0.750262 -0.638786 0.170471 0.846734 -0.501929 0.176376 0.986098 -0.0240437 0.164417 0.794398 0.601123 0.087078 0.778863 0.627194 0.000127225 0.557413 0.829646 0.0312748 0.409816 0.912168 0.000837247 0.358023 -0.933705 -0.00388674 0.503822 -0.861014 0.0694122 0.857929 -0.511825 0.0446342 0.965582 -0.260097 1.80809e-05 0.989435 -0.144976 5.93669e-05 0.947637 0.319349 5.29682e-05 0.847091 0.531448 5.62246e-05 0.699872 0.714269 0.000122127 0.611208 0.79147 9.18837e-05 0.514072 0.857747 0.000467407 0.566261 -0.824225 0.00128948 0.65904 -0.752108 0.000567492 0.816187 -0.577788 0.00014721 0.878357 -0.478006 0.000145401 0.928385 -0.371621 5.6684e-05 0.999612 -0.0278529 3.95435e-05 0.93008 -4.17359e-16 0.367357 0.891007 -3.99825e-16 0.45399 0.951056 -4.26772e-16 0.309017 1 -4.48735e-16 -1.19249e-08 0.982365 -4.40821e-16 0.186976 0.987688 -4.4321e-16 0.156435 0.707107 -3.17303e-16 0.707107 0.649263 -2.91347e-16 0.760564 0.587785 -2.63759e-16 0.809017 0.763869 -3.42774e-16 0.645371 0.809017 -3.63034e-16 0.587785 0.858306 -3.85151e-16 0.513138 0.0558965 -2.50827e-17 0.998437 0.156435 -7.01976e-17 0.987688 0.216861 -9.73131e-17 0.976202 0.3721 -1.66974e-16 0.928193 0.453991 -2.03721e-16 0.891007 0.517514 -2.32226e-16 0.855675 -0.309017 1.38667e-16 0.951056 -0.266171 1.1944e-16 0.963926 -0.41877 1.87917e-16 0.908092 8.74228e-08 -3.92296e-23 1 -0.106544 4.781e-17 0.994308 -0.156434 7.01975e-17 0.987688 -0.68706 3.08308e-16 0.726601 -0.795667 3.57043e-16 0.605735 -0.707107 3.17303e-16 0.707107 -0.560313 2.51432e-16 0.828281 -0.587785 2.6376e-16 0.809017 -0.453991 2.03721e-16 0.891006 -0.809017 3.63034e-16 0.587785 -0.883265 3.96351e-16 0.468875 -0.947541 4.25194e-16 0.319635 -0.891006 3.99825e-16 0.453991 -0.986798 4.4281e-16 0.161956 -0.951056 4.26772e-16 0.309017 -0.987688 4.4321e-16 0.156434 -1 4.48735e-16 4.37114e-08 -1 4.48735e-16 4.37114e-08 0.309017 -1.38667e-16 0.951057 1 -4.48735e-16 -1.19249e-08 0 0 -1 0 0 -1 0 0 -1 0 0 -1 0 0 -1 0 0 -1 0 0 -1 0 0 -1 0 0 -1 0 0 -1 0 0 -1 0 0 -1 0 0 -1 0 0 -1 0 0 -1 0 0 -1 0 0 -1 0 0 -1 0.0825792 -0.996584 0 -0.0424412 -0.999099 -0 -0.0825794 -0.996584 -0 0.996397 0.0848059 0 0.996397 -0.0848059 0 1 8.74228e-08 0 -0.210679 -0.977555 -0 -0.245485 -0.9694 -0 -0.401695 -0.915773 -0 -0.372856 -0.927889 -0 -0.524307 -0.851529 -0 -0.546948 -0.837166 -0 -0.660675 -0.750672 -0 -0.677282 -0.735724 -0 -0.789141 -0.614213 -0 -0.778036 -0.62822 -0 -0.873014 -0.487695 -0 -0.879474 -0.475947 -0 -0.942877 -0.33314 -0 -0.945817 -0.324699 -0 -0.986361 -0.164595 -0 -0.985616 -0.169001 -0 -1 8.88178e-16 0 -1 1.37157e-11 0 0.127018 -0.9919 0 0.245485 -0.9694 0 0.292823 -0.956167 0 0.401695 -0.915773 0 0.450204 -0.892926 0 0.594633 -0.803997 0 0.546948 -0.837166 0 0.677282 -0.735724 0 0.721956 -0.691939 0 0.78914 -0.614213 0 0.82851 -0.559975 0 0.911229 -0.411901 0 0.879474 -0.475947 0 0.945817 -0.324699 0 0.967733 -0.251978 0 0.986361 -0.164595 0 0.82851 0.559975 0 0.911228 0.411901 0 0.879474 0.475947 0 0.967733 0.251978 0 0.986361 0.164595 0 0.945817 0.324699 0 0.546948 0.837167 0 0.450204 0.892926 0 0.594633 0.803997 0 0.78914 0.614213 0 0.677282 0.735724 0 0.721956 0.691939 0 0.127018 0.9919 0 0.0825794 0.996584 0 -0.0424415 0.999099 0 0.292823 0.956167 0 0.401695 0.915773 0 0.245486 0.9694 0 -0.524307 0.851529 0 -0.372856 0.927889 0 -0.401695 0.915773 0 -0.245485 0.9694 0 -0.210679 0.977555 0 -0.0825794 0.996584 0 -0.789141 0.614213 0 -0.778036 0.62822 0 -0.677282 0.735724 0 -0.546948 0.837166 0 -0.660675 0.750672 0 -0.873014 0.487695 0 -0.879474 0.475947 0 -0.945817 0.324699 0 -0.942877 0.33314 0 -0.986361 0.164595 0 -0.985616 0.169001 0 0 0 -1 0 0 -1 0 0 -1 0 0 -1 0 0 -1 0 0 -1 0 0 -1 0 0 -1 0 0 -1 0 0 -1 0 0 -1 0 0 -1 0 0 -1 0 0 -1 0 0 -1 0 0 -1 0 0 -1 0 0 -1 0 0 -1 0 0 -1 0 0 -1 0 0 -1 0 0 -1 0 0 -1 0 0 -1 0 0 -1 0 0 -1 0 0 -1 0 0 -1 0 0 -1 0 0 -1 0 0 -1 0 0 -1 0 0 -1 0 0 -1 0 0 -1 0 0 -1 0 0 -1 0.0825792 -0.996584 0 -0.0424412 -0.999099 -0 -0.0825794 -0.996584 -0 0.996397 0.0848059 0 0.996397 -0.0848059 0 1 8.74228e-08 0 -0.210679 -0.977555 -0 -0.245485 -0.9694 -0 -0.401695 -0.915773 -0 -0.372856 -0.927889 -0 -0.524307 -0.851529 -0 -0.546948 -0.837166 -0 -0.660675 -0.750672 -0 -0.677282 -0.735724 -0 -0.789141 -0.614213 -0 -0.778036 -0.62822 -0 -0.873014 -0.487695 -0 -0.879474 -0.475947 -0 -0.942877 -0.33314 -0 -0.945817 -0.324699 -0 -0.986361 -0.164595 -0 -0.985616 -0.169001 -0 -1 8.88178e-16 0 -1 1.37157e-11 0 0.127018 -0.9919 0 0.245485 -0.9694 0 0.292823 -0.956167 0 0.401695 -0.915773 0 0.450204 -0.892926 0 0.594633 -0.803997 0 0.546948 -0.837166 0 0.677282 -0.735724 0 0.721956 -0.691939 0 0.78914 -0.614213 0 0.82851 -0.559975 0 0.911229 -0.411901 0 0.879474 -0.475947 0 0.945817 -0.324699 0 0.967733 -0.251978 0 0.986361 -0.164595 0 0.82851 0.559975 0 0.911228 0.411901 0 0.879474 0.475947 0 0.967733 0.251978 0 0.986361 0.164595 0 0.945817 0.324699 0 0.546948 0.837167 0 0.450204 0.892926 0 0.594633 0.803997 0 0.78914 0.614213 0 0.677282 0.735724 0 0.721956 0.691939 0 0.127018 0.9919 0 0.0825794 0.996584 0 -0.0424415 0.999099 0 0.292823 0.956167 0 0.401695 0.915773 0 0.245486 0.9694 0 -0.524307 0.851529 0 -0.372856 0.927889 0 -0.401695 0.915773 0 -0.245485 0.9694 0 -0.210679 0.977555 0 -0.0825794 0.996584 0 -0.789141 0.614213 0 -0.778036 0.62822 0 -0.677282 0.735724 0 -0.546948 0.837166 0 -0.660675 0.750672 0 -0.873014 0.487695 0 -0.879474 0.475947 0 -0.945817 0.324699 0 -0.942877 0.33314 0 -0.986361 0.164595 0 -0.985616 0.169001 0 0 0 -1 0 0 -1 0 0 -1 0 0 -1 0 0 -1 0 0 -1 0 0 -1 0 0 -1 0 0 -1 0 0 -1 0 0 -1 0 0 -1 0 0 -1 0 0 -1 0 0 -1 0 0 -1 0 0 -1 0 0 -1 0 0 -1 0 0 -1 0 0 -1 0 0 -1 0 0 -1 0 0 -1 0 0 -1 0 0 -1 0 0 -1 0 0 -1 0 0 -1 0 0 -1 0 0 -1 0 0 -1 0 0 -1 0 0 -1 0 0 -1 0 0 -1 0 0 -1 0 0 -1</float_array>
          <technique_common>
            <accessor count="2527" source="#ID7" stride="3">
              <param name="X" type="float"/>
              <param name="Y" type="float"/>
              <param name="Z" type="float"/>
            </accessor>
          </technique_common>
        </source>
        <vertices id="ID8">
          <input semantic="POSITION" source="#ID4"/>
          <input semantic="NORMAL" source="#ID6"/>
        </vertices>
        <triangles count="3632" material="ID9">
          <input offset="0" semantic="VERTEX" source="#ID8"/>
          <p>0 1 2 3 4 5 6 7 4 6 8 7 9 8 6 0 2 10 11 12 13 14 15 16 17 18 19 20 14 21 11 22 23 24 25 26 27 26 25 28 22 13 16 23 29 15 30 11 15 31 30 32 33 34 28 35 36 37 38 39 40 41 4 41 40 42 43 44 45 46 47 48 49 50 51 52 53 54 55 56 57 58 59 60 61 58 62 63 64 61 59 65 66 58 61 67 68 59 67 59 66 69 70 71 72 73 74 65 75 76 77 75 78 79 80 81 82 74 73 76 83 84 85 86 81 87 67 59 58 76 73 77 88 89 90 64 91 56 92 93 94 91 57 56 57 91 95 57 95 52 57 52 54 96 97 98 99 100 101 102 103 104 53 105 106 107 108 103 109 101 51 92 110 111 112 113 114 115 110 116 117 5 4 41 117 4 118 119 120 113 121 114 122 123 120 124 125 126 109 51 50 127 104 128 129 130 112 67 61 131 47 132 133 56 55 64 63 61 62 58 60 62 134 98 131 96 134 46 48 135 46 101 100 51 136 135 101 50 137 138 139 112 130 129 138 130 140 141 142 140 114 121 143 102 144 145 146 141 147 119 148 120 119 141 148 119 118 118 126 149 148 149 150 151 116 152 153 123 152 154 115 155 111 154 107 156 128 155 157 144 127 158 159 127 144 104 127 158 160 106 161 106 105 161 158 106 53 52 105 143 144 162 117 41 162 41 143 162 5 117 163 41 42 143 153 93 125 117 162 163 157 162 144 164 163 162 143 42 102 165 166 152 162 157 164 104 144 102 159 164 157 102 42 103 127 128 160 159 157 127 108 104 103 158 127 160 161 167 158 159 158 167 42 107 103 124 120 123 155 115 168 108 128 104 154 108 107 169 170 171 155 128 108 106 160 172 156 172 160 171 54 172 106 172 54 54 53 106 42 111 107 150 173 174 156 155 168 154 155 108 110 154 111 175 176 177 172 156 175 128 156 160 168 175 156 175 169 171 175 171 172 178 171 179 54 171 178 179 180 181 54 178 57 64 55 61 42 92 111 173 182 183 168 115 184 110 115 154 94 116 110 185 168 184 115 116 184 176 168 185 176 175 168 169 175 177 170 186 171 171 186 179 181 180 187 57 178 55 178 179 181 89 88 181 55 178 88 88 47 134 55 131 61 98 68 67 60 59 69 42 93 92 147 188 189 151 190 116 92 94 110 153 152 94 184 190 191 190 184 116 185 184 191 89 181 187 178 181 88 47 90 132 55 88 131 90 47 88 192 48 193 134 131 88 59 68 70 98 67 131 65 70 80 86 82 81 66 65 74 70 65 59 78 77 82 73 80 82 78 75 77 42 125 93 38 194 182 94 152 116 93 153 94 124 123 153 151 152 166 195 48 133 48 195 193 48 47 133 71 68 97 46 134 47 196 97 197 96 98 134 80 70 72 97 68 98 81 198 85 73 82 77 65 80 73 72 81 80 78 82 86 42 126 125 188 183 199 123 165 152 125 124 153 118 120 124 122 165 123 101 192 99 96 46 200 101 48 192 197 201 196 135 200 46 197 97 96 96 200 197 196 71 97 72 71 202 68 71 70 71 196 202 81 72 198 202 198 72 85 87 81 42 149 126 39 203 204 205 122 120 126 118 124 148 118 149 146 205 120 206 136 207 135 48 101 101 109 136 200 135 206 135 136 206 201 197 200 206 201 200 201 208 196 209 210 202 209 202 196 210 83 198 210 198 202 85 198 83 42 150 149 211 37 212 141 213 145 141 146 120 150 174 148 142 114 140 142 141 119 213 141 140 139 113 112 129 50 138 45 109 50 49 137 50 50 129 45 214 136 109 109 45 214 215 216 201 215 201 206 201 216 208 196 208 209 42 173 150 217 218 203 147 142 119 174 147 148 173 183 174 199 219 188 174 188 147 220 114 142 142 189 220 221 112 114 114 220 221 222 129 112 112 221 222 222 43 129 44 223 214 44 214 45 214 223 207 206 207 215 214 207 136 42 182 173 224 225 217 189 188 219 183 188 174 194 183 182 220 189 226 221 220 226 147 189 142 219 226 189 227 228 221 228 229 222 228 222 221 43 45 129 229 43 222 42 38 182 225 230 231 219 199 232 194 199 183 194 37 211 233 219 232 199 211 232 233 234 226 233 226 219 226 227 221 234 227 226 42 39 38 224 32 34 194 211 199 38 37 194 212 37 204 232 235 236 235 232 211 233 232 236 42 203 39 34 230 225 212 218 231 39 204 37 231 218 225 235 211 212 42 217 203 237 33 32 218 212 204 203 218 204 212 231 235 42 224 217 36 238 33 217 225 218 224 42 32 35 238 36 230 34 239 224 34 225 32 42 237 240 21 29 34 33 239 237 42 36 17 241 240 239 33 238 36 33 237 36 42 28 241 24 20 12 238 35 28 42 22 18 242 243 12 35 13 28 13 35 22 42 23 19 25 24 22 11 13 11 16 15 30 12 11 23 42 29 244 242 1 23 16 11 16 21 14 31 15 245 29 42 240 243 244 25 14 245 15 29 21 16 21 241 20 246 245 14 240 42 17 244 247 248 20 246 14 240 241 21 241 19 24 249 246 20 17 42 18 244 1 0 24 249 20 17 19 241 243 25 19 26 249 24 18 42 242 2 250 10 251 252 25 18 243 19 25 252 27 242 42 1 244 251 25 242 244 243 248 251 244 1 42 2 10 250 253 254 247 0 244 0 247 2 42 250 8 255 253 256 254 10 0 10 254 250 42 253 42 40 7 255 256 253 253 256 10 42 8 253 4 3 6 9 255 8 42 7 8 40 4 7 3 9 6 257 258 259 260 261 262 263 264 261 263 265 264 266 265 263 257 259 267 268 269 270 271 272 273 274 275 276 277 271 278 268 279 280 281 282 283 284 283 282 285 279 270 273 280 286 272 287 268 272 288 287 289 290 291 285 292 293 294 295 296 297 298 261 298 297 299 300 301 302 303 304 305 306 307 308 309 310 311 312 313 314 315 316 317 318 315 319 320 321 318 316 322 323 315 318 324 325 316 324 316 323 326 327 328 329 330 331 322 332 333 334 332 335 336 337 338 339 331 330 333 340 341 342 343 338 344 324 316 315 333 330 334 345 346 347 321 348 313 349 350 351 348 314 313 314 348 352 314 352 309 314 309 311 353 354 355 356 357 358 359 360 361 310 362 363 364 365 360 366 358 308 349 367 368 369 370 371 372 367 373 374 262 261 298 374 261 375 376 377 370 378 371 379 380 377 381 382 383 366 308 307 384 361 385 386 387 369 324 318 388 304 389 390 313 312 321 320 318 319 315 317 319 391 355 388 353 391 303 305 392 303 358 357 308 393 392 358 307 394 395 396 369 387 386 395 387 397 398 399 397 371 378 400 359 401 402 403 398 404 376 405 377 376 398 405 376 375 375 383 406 405 406 407 408 373 409 410 380 409 411 372 412 368 411 364 413 385 412 414 401 384 415 416 384 401 361 384 415 417 363 418 363 362 418 415 363 310 309 362 400 401 419 374 298 419 298 400 419 262 374 420 298 299 400 410 350 382 374 419 420 414 419 401 421 420 419 400 299 359 422 423 409 419 414 421 361 401 359 416 421 414 359 299 360 384 385 417 416 414 384 365 361 360 415 384 417 418 424 415 416 415 424 299 364 360 381 377 380 412 372 425 365 385 361 411 365 364 426 427 428 412 385 365 363 417 429 413 429 417 428 311 429 363 429 311 311 310 363 299 368 364 407 430 431 413 412 425 411 412 365 367 411 368 432 433 434 429 413 432 385 413 417 425 432 413 432 426 428 432 428 429 435 428 436 311 428 435 436 437 438 311 435 314 321 312 318 299 349 368 430 439 440 425 372 441 367 372 411 351 373 367 442 425 441 372 373 441 433 425 442 433 432 425 426 432 434 427 443 428 428 443 436 438 437 444 314 435 312 435 436 438 346 345 438 312 435 345 345 304 391 312 388 318 355 325 324 317 316 326 299 350 349 404 445 446 408 447 373 349 351 367 410 409 351 441 447 448 447 441 373 442 441 448 346 438 444 435 438 345 304 347 389 312 345 388 347 304 345 449 305 450 391 388 345 316 325 327 355 324 388 322 327 337 343 339 338 323 322 331 327 322 316 335 334 339 330 337 339 335 332 334 299 382 350 295 451 439 351 409 373 350 410 351 381 380 410 408 409 423 452 305 390 305 452 450 305 304 390 328 325 354 303 391 304 453 354 454 353 355 391 337 327 329 354 325 355 338 455 342 330 339 334 322 337 330 329 338 337 335 339 343 299 383 382 445 440 456 380 422 409 382 381 410 375 377 381 379 422 380 358 449 356 353 303 457 358 305 449 454 458 453 392 457 303 454 354 353 353 457 454 453 328 354 329 328 459 325 328 327 328 453 459 338 329 455 459 455 329 342 344 338 299 406 383 296 460 461 462 379 377 383 375 381 405 375 406 403 462 377 463 393 464 392 305 358 358 366 393 457 392 463 392 393 463 458 454 457 463 458 457 458 465 453 466 467 459 466 459 453 467 340 455 467 455 459 342 455 340 299 407 406 468 294 469 398 470 402 398 403 377 407 431 405 399 371 397 399 398 376 470 398 397 396 370 369 386 307 395 302 366 307 306 394 307 307 386 302 471 393 366 366 302 471 472 473 458 472 458 463 458 473 465 453 465 466 299 430 407 474 475 460 404 399 376 431 404 405 430 440 431 456 476 445 431 445 404 477 371 399 399 446 477 478 369 371 371 477 478 479 386 369 369 478 479 479 300 386 301 480 471 301 471 302 471 480 464 463 464 472 471 464 393 299 439 430 481 482 474 446 445 476 440 445 431 451 440 439 477 446 483 478 477 483 404 446 399 476 483 446 484 485 478 485 486 479 485 479 478 300 302 386 486 300 479 299 295 439 482 487 488 476 456 489 451 456 440 451 294 468 490 476 489 456 468 489 490 491 483 490 483 476 483 484 478 491 484 483 299 296 295 481 289 291 451 468 456 295 294 451 469 294 461 489 492 493 492 489 468 490 489 493 299 460 296 291 487 482 469 475 488 296 461 294 488 475 482 492 468 469 299 474 460 494 290 289 475 469 461 460 475 461 469 488 492 299 481 474 293 495 290 474 482 475 481 299 289 292 495 293 487 291 496 481 291 482 289 299 494 497 278 286 291 290 496 494 299 293 274 498 497 496 290 495 293 290 494 293 299 285 498 281 277 269 495 292 285 299 279 275 499 500 269 292 270 285 270 292 279 299 280 276 282 281 279 268 270 268 273 272 287 269 268 280 299 286 501 499 258 280 273 268 273 278 271 288 272 502 286 299 497 500 501 282 271 502 272 286 278 273 278 498 277 503 502 271 497 299 274 501 504 505 277 503 271 497 498 278 498 276 281 506 503 277 274 299 275 501 258 257 281 506 277 274 276 498 500 282 276 283 506 281 275 299 499 259 507 267 508 509 282 275 500 276 282 509 284 499 299 258 501 508 282 499 501 500 505 508 501 258 299 259 267 507 510 511 504 257 501 257 504 259 299 507 265 512 510 513 511 267 257 267 511 507 299 510 299 297 264 512 513 510 510 513 267 299 265 510 261 260 263 266 512 265 299 264 265 297 261 264 260 266 263 514 515 516 517 518 519 520 521 522 523 524 525 526 524 527 528 529 530 531 532 533 534 535 536 537 538 539 540 541 539 542 538 543 538 537 543 544 542 545 542 544 538 546 547 534 548 549 529 539 541 550 539 550 537 540 539 551 547 546 551 552 551 546 540 551 552 534 547 535 553 536 535 517 520 522 553 528 530 553 535 528 530 529 549 533 532 548 548 529 533 531 533 523 525 524 554 531 523 525 526 527 519 554 524 526 527 517 519 517 555 556 518 517 556 555 517 522 557 520 558 520 557 521 559 520 560 559 558 520 515 561 560 560 520 515 561 515 562 514 516 563 515 514 562 564 565 566 567 568 569 570 571 572 573 574 575 576 574 577 578 579 580 581 582 583 584 585 586 587 588 589 590 591 592 593 591 594 591 590 594 595 593 596 593 595 591 597 598 587 599 600 579 592 601 602 592 602 590 597 584 598 592 584 586 601 592 586 585 584 597 587 598 588 603 589 588 604 571 570 603 578 580 603 588 578 580 579 600 583 582 599 599 579 583 581 583 573 575 574 605 581 573 575 576 577 569 605 574 576 568 567 606 577 567 569 570 572 606 567 570 606 565 607 604 604 570 565 564 566 608 565 564 607 609 610 611 612 613 614 614 615 612 612 609 611 615 609 612 616 611 610 617 612 611 618 619 620 621 622 623 624 625 626 627 628 629 630 628 631 632 633 634 635 636 637 638 639 640 641 642 643 644 645 643 646 642 647 642 641 647 648 646 649 646 648 642 650 651 638 652 653 633 643 645 654 643 654 641 644 643 655 651 650 655 656 655 650 644 655 656 638 651 639 657 640 639 621 624 626 657 632 634 657 639 632 634 633 653 637 636 652 652 633 637 635 637 627 629 628 658 635 627 629 630 631 623 658 628 630 631 621 623 621 659 660 622 621 660 659 621 626 661 624 662 624 661 625 663 624 664 663 662 624 619 665 664 664 624 619 665 619 666 618 620 667 619 618 666 668 669 670 671 672 673 674 675 676 677 678 679 680 678 681 682 683 684 685 686 687 688 689 690 691 692 693 694 695 696 697 695 698 695 694 698 699 697 700 697 699 695 701 702 691 703 704 683 696 705 706 696 706 694 701 688 702 696 688 690 705 696 690 689 688 701 691 702 692 707 693 692 708 675 674 707 682 684 707 692 682 684 683 704 687 686 703 703 683 687 685 687 677 679 678 709 685 677 679 680 681 673 709 678 680 672 671 710 681 671 673 674 676 710 671 674 710 669 711 708 708 674 669 668 670 712 669 668 711 713 714 715 716 717 718 718 719 716 716 713 715 719 713 716 720 715 714 721 716 715 722 723 724 725 726 727 722 728 729 730 728 731 732 733 731 724 734 735 728 736 729 737 738 739 740 739 741 742 743 734 744 745 746 741 738 747 748 749 750 750 749 751 752 753 754 745 751 746 755 756 757 745 744 758 759 760 761 762 759 763 764 765 766 767 768 769 765 770 771 764 772 770 773 774 775 776 777 764 778 779 780 781 782 766 783 727 784 761 785 786 747 768 767 787 788 789 790 791 792 788 793 789 794 795 726 787 792 791 796 794 726 790 769 797 726 798 796 768 797 769 747 738 768 799 800 801 763 759 771 759 762 744 802 803 804 797 791 790 791 788 787 788 795 793 793 795 794 726 725 798 805 727 806 795 807 726 781 808 782 783 806 727 806 809 805 784 778 783 810 780 811 777 812 813 774 814 815 760 785 761 744 762 758 816 817 818 751 749 746 749 753 819 748 754 749 756 755 754 756 754 820 756 821 822 757 822 743 823 735 822 739 740 824 768 737 825 741 739 738 797 825 826 737 768 738 826 827 791 825 797 768 788 827 828 797 826 791 828 807 795 791 827 788 829 784 807 788 828 795 726 807 727 805 725 727 798 725 805 730 830 739 740 736 824 728 824 736 731 831 730 824 730 739 832 825 737 737 830 832 803 826 825 832 803 825 802 827 826 826 803 802 804 833 802 827 802 834 835 836 837 827 834 828 838 778 839 828 829 807 784 727 807 840 806 783 809 806 840 841 722 729 723 722 841 830 730 831 728 730 824 732 731 728 832 830 842 842 843 844 739 830 737 830 831 842 803 832 844 832 842 844 845 804 844 803 844 804 846 833 847 835 837 833 828 834 829 833 834 802 837 829 834 779 784 829 840 783 848 783 838 848 838 783 778 849 848 838 728 722 732 733 850 735 733 831 731 850 733 732 733 851 831 842 852 853 852 842 831 843 842 853 843 854 844 845 844 854 845 847 804 804 847 833 835 833 846 834 833 837 837 836 811 829 837 779 811 855 856 784 779 778 837 811 779 778 780 839 857 849 838 724 850 722 734 723 742 858 859 733 722 850 732 733 859 851 831 851 852 811 836 855 810 856 812 779 811 780 810 773 780 857 839 773 838 839 857 723 734 724 743 742 799 735 858 733 724 735 850 823 858 735 810 811 856 777 774 810 857 773 775 780 773 839 734 822 735 743 822 734 800 860 861 757 756 822 821 823 822 813 772 764 812 777 810 764 777 813 810 774 773 777 776 814 775 774 815 743 801 757 799 801 743 862 863 864 865 821 756 801 866 757 755 867 752 748 820 754 756 820 865 759 765 771 764 766 868 765 764 770 869 814 776 777 814 774 776 868 869 815 814 870 801 861 866 800 861 801 871 872 862 866 755 757 873 866 861 867 874 752 867 755 866 875 753 752 752 754 755 876 819 753 754 753 749 877 746 819 749 819 746 760 744 877 744 746 877 765 761 781 744 760 759 868 766 782 765 759 761 782 869 868 869 870 814 764 868 776 878 870 869 873 861 860 860 871 873 863 862 872 866 873 867 873 862 864 864 879 874 873 864 867 874 880 875 874 875 752 881 882 883 875 876 753 884 877 819 876 884 819 885 760 877 885 877 884 886 887 786 885 785 760 786 781 761 888 782 808 765 781 766 781 786 808 782 878 869 888 878 782 889 890 863 871 862 873 864 863 890 867 864 874 864 890 879 879 891 880 879 880 874 876 875 883 880 883 875 884 876 882 876 883 882 885 884 818 882 818 884 785 885 817 885 818 817 886 786 785 817 886 785 808 887 892 887 808 786 888 808 892 889 893 890 890 893 879 893 891 879 891 894 880 894 895 880 895 896 883 895 883 880 881 883 896 881 897 882 897 898 818 897 818 882 816 818 898 816 899 817 899 900 886 899 886 817 887 886 900 901 902 903 904 905 906 901 907 908 909 907 910 911 912 910 903 913 914 907 915 908 916 917 918 919 918 920 921 922 913 923 924 925 920 917 926 927 928 929 929 928 930 931 932 933 924 930 925 934 935 936 924 923 937 938 939 940 941 938 942 943 944 945 946 947 948 944 949 950 943 951 949 952 953 954 955 956 943 957 958 959 960 961 945 962 906 963 940 964 965 926 947 946 966 967 968 969 970 971 967 972 968 973 974 905 966 971 970 975 973 905 969 948 976 905 977 975 947 976 948 926 917 947 978 979 980 942 938 950 938 941 923 981 982 983 976 970 969 970 967 966 967 974 972 972 974 973 905 904 977 984 906 985 974 986 905 960 987 961 962 985 906 985 988 984 963 957 962 989 959 990 956 991 992 953 993 994 939 964 940 923 941 937 995 996 997 930 928 925 928 932 998 927 933 928 935 934 933 935 933 999 935 1000 1001 936 1001 922 1002 914 1001 918 919 1003 947 916 1004 920 918 917 976 1004 1005 916 947 917 1005 1006 970 1004 976 947 967 1006 1007 976 1005 970 1007 986 974 970 1006 967 1008 963 986 967 1007 974 905 986 906 984 904 906 977 904 984 909 1009 918 919 915 1003 907 1003 915 910 1010 909 1003 909 918 1011 1004 916 916 1009 1011 982 1005 1004 1011 982 1004 981 1006 1005 1005 982 981 983 1012 981 1006 981 1013 1014 1015 1016 1006 1013 1007 1017 957 1018 1007 1008 986 963 906 986 1019 985 962 988 985 1019 1020 901 908 902 901 1020 1009 909 1010 907 909 1003 911 910 907 1011 1009 1021 1021 1022 1023 918 1009 916 1009 1010 1021 982 1011 1023 1011 1021 1023 1024 983 1023 982 1023 983 1025 1012 1026 1014 1016 1012 1007 1013 1008 1012 1013 981 1016 1008 1013 958 963 1008 1019 962 1027 962 1017 1027 1017 962 957 1028 1027 1017 907 901 911 912 1029 914 912 1010 910 1029 912 911 912 1030 1010 1021 1031 1032 1031 1021 1010 1022 1021 1032 1022 1033 1023 1024 1023 1033 1024 1026 983 983 1026 1012 1014 1012 1025 1013 1012 1016 1016 1015 990 1008 1016 958 990 1034 1035 963 958 957 1016 990 958 957 959 1018 1036 1028 1017 903 1029 901 913 902 921 1037 1038 912 901 1029 911 912 1038 1030 1010 1030 1031 990 1015 1034 989 1035 991 958 990 959 989 952 959 1036 1018 952 1017 1018 1036 902 913 903 922 921 978 914 1037 912 903 914 1029 1002 1037 914 989 990 1035 956 953 989 1036 952 954 959 952 1018 913 1001 914 922 1001 913 979 1039 1040 936 935 1001 1000 1002 1001 992 951 943 991 956 989 943 956 992 989 953 952 956 955 993 954 953 994 922 980 936 978 980 922 1041 1042 1043 1044 1000 935 980 1045 936 934 1046 931 927 999 933 935 999 1044 938 944 950 943 945 1047 944 943 949 1048 993 955 956 993 953 955 1047 1048 994 993 1049 980 1040 1045 979 1040 980 1050 1051 1041 1045 934 936 1052 1045 1040 1046 1053 931 1046 934 1045 1054 932 931 931 933 934 1055 998 932 933 932 928 1056 925 998 928 998 925 939 923 1056 923 925 1056 944 940 960 923 939 938 1047 945 961 944 938 940 961 1048 1047 1048 1049 993 943 1047 955 1057 1049 1048 1052 1040 1039 1039 1050 1052 1042 1041 1051 1045 1052 1046 1052 1041 1043 1043 1058 1053 1052 1043 1046 1053 1059 1054 1053 1054 931 1060 1061 1062 1054 1055 932 1063 1056 998 1055 1063 998 1064 939 1056 1064 1056 1063 1065 1066 965 1064 964 939 965 960 940 1067 961 987 944 960 945 960 965 987 961 1057 1048 1067 1057 961 1068 1069 1042 1050 1041 1052 1043 1042 1069 1046 1043 1053 1043 1069 1058 1058 1070 1059 1058 1059 1053 1055 1054 1062 1059 1062 1054 1063 1055 1061 1055 1062 1061 1064 1063 997 1061 997 1063 964 1064 996 1064 997 996 1065 965 964 996 1065 964 987 1066 1071 1066 987 965 1067 987 1071 1068 1072 1069 1069 1072 1058 1072 1070 1058 1070 1073 1059 1073 1074 1059 1074 1075 1062 1074 1062 1059 1060 1062 1075 1060 1076 1061 1076 1077 997 1076 997 1061 995 997 1077 995 1078 996 1078 1079 1065 1078 1065 996 1066 1065 1079 1080 1081 1082 1082 1083 1080 1084 1085 1086 1087 1085 1088 1085 1087 1086 1089 1090 1088 1087 1088 1090 1089 1091 1092 1092 1090 1089 1093 1091 1094 1091 1093 1092 1095 1096 1094 1093 1094 1096 1095 1097 1098 1098 1096 1095 1099 1097 1100 1097 1099 1098 1101 1102 1100 1099 1100 1102 1101 1103 1104 1104 1102 1101 1105 1103 1106 1103 1105 1104 1107 1108 1106 1105 1106 1108 1107 1109 1110 1110 1108 1107 1111 1109 1112 1109 1111 1110 1113 1114 1112 1111 1112 1114 1113 1115 1116 1116 1114 1113 1117 1115 1118 1115 1117 1116 1119 1120 1118 1117 1118 1120 1119 1121 1122 1122 1120 1119 1123 1121 1124 1121 1123 1122 1125 1126 1124 1123 1124 1126 1125 1127 1128 1128 1126 1125 1129 1127 1130 1127 1129 1128 1131 1132 1130 1129 1130 1132 1133 1132 1131 1134 1084 1086 1134 1135 1136 1136 1084 1134 1137 1135 1138 1135 1137 1136 1139 1140 1138 1137 1138 1140 1139 1141 1142 1142 1140 1139 1143 1141 1144 1141 1143 1142 1145 1146 1144 1143 1144 1146 1145 1147 1148 1148 1146 1145 1149 1147 1150 1147 1149 1148 1151 1152 1150 1149 1150 1152 1151 1153 1154 1154 1152 1151 1155 1153 1156 1153 1155 1154 1157 1158 1156 1155 1156 1158 1157 1159 1160 1160 1158 1157 1161 1159 1162 1159 1161 1160 1163 1164 1162 1161 1162 1164 1163 1165 1166 1166 1164 1163 1167 1165 1168 1165 1167 1166 1169 1170 1168 1167 1168 1170 1169 1171 1172 1172 1170 1169 1173 1171 1174 1171 1173 1172 1175 1176 1174 1173 1174 1176 1175 1177 1178 1178 1176 1175 1179 1177 1180 1177 1179 1178 1179 1180 1181 1182 1183 1184 1183 1182 1185 1186 1187 1188 1189 1187 1190 1187 1189 1188 1191 1192 1190 1189 1190 1192 1191 1193 1194 1194 1192 1191 1195 1193 1196 1193 1195 1194 1197 1198 1196 1195 1196 1198 1197 1199 1200 1200 1198 1197 1201 1199 1202 1199 1201 1200 1203 1204 1202 1201 1202 1204 1203 1205 1206 1206 1204 1203 1207 1205 1208 1205 1207 1206 1209 1210 1208 1207 1208 1210 1209 1211 1212 1212 1210 1209 1213 1211 1214 1211 1213 1212 1215 1216 1214 1213 1214 1216 1215 1217 1218 1218 1216 1215 1219 1217 1220 1217 1219 1218 1221 1222 1220 1219 1220 1222 1221 1223 1224 1224 1222 1221 1225 1223 1226 1223 1225 1224 1227 1228 1226 1225 1226 1228 1227 1229 1230 1230 1228 1227 1231 1229 1232 1229 1231 1230 1233 1234 1232 1231 1232 1234 1235 1234 1233 1236 1186 1188 1236 1237 1238 1238 1186 1236 1239 1237 1240 1237 1239 1238 1241 1242 1240 1239 1240 1242 1241 1243 1244 1244 1242 1241 1245 1243 1246 1243 1245 1244 1247 1248 1246 1245 1246 1248 1247 1249 1250 1250 1248 1247 1251 1249 1252 1249 1251 1250 1253 1254 1252 1251 1252 1254 1253 1255 1256 1256 1254 1253 1255 1257 1256 1257 1258 1259 1255 1258 1257 1260 1261 1259 1257 1259 1261 1260 1262 1263 1263 1261 1260 1264 1262 1265 1262 1264 1263 1266 1267 1265 1264 1265 1267 1266 1268 1269 1269 1267 1266 1270 1268 1271 1268 1270 1269 1272 1273 1271 1270 1271 1273 1272 1274 1275 1275 1273 1272 1276 1274 1277 1274 1276 1275 1278 1279 1277 1276 1277 1279 1278 1280 1281 1281 1279 1278 1282 1280 1283 1280 1282 1281 1282 1283 1284 1284 1283 1285 1286 1287 1288 1289 1290 1291 1292 1293 1294 1295 1296 1297 1298 1299 1300 1301 1286 1288 1302 1303 1304 1305 1306 1307 1308 1298 1309 1301 1310 1286 1311 1312 1313 1314 1315 1316 1309 1317 1318 1319 1310 1301 1320 1321 1322 1323 1324 1325 1326 1327 1328 1329 1330 1310 1331 1332 1333 1334 1335 1336 1337 1327 1338 1339 1340 1341 1338 1289 1337 1342 1343 1340 1344 1345 1342 1346 1347 1291 1348 1349 1350 1344 1349 1348 1351 1352 1350 1350 1349 1351 1353 1354 1355 1290 1346 1291 1356 1357 1358 1359 1360 1357 1361 1362 1363 1364 1365 1366 1367 1368 1369 1361 1367 1362 1370 1371 1372 1370 1373 1374 1375 1376 1377 1372 1376 1375 1378 1377 1379 1374 1371 1370 1372 1375 1370 1374 1373 1368 1380 1381 1382 1369 1383 1367 1373 1369 1368 1384 1293 1385 1386 1387 1388 1362 1367 1383 1389 1390 1391 1364 1392 1393 1392 1361 1363 1365 1364 1393 1393 1392 1363 1394 1389 1395 1396 1397 1398 1399 1400 1401 1389 1292 1395 1402 1364 1366 1294 1395 1292 1294 1293 1384 1403 1384 1385 1304 1404 1302 1403 1385 1404 1302 1405 1303 1304 1403 1404 1307 1405 1305 1405 1307 1303 1312 1306 1305 1406 1311 1313 1311 1306 1312 1407 1408 1409 1407 1406 1410 1411 1412 1413 1413 1414 1411 1415 1322 1416 1417 1418 1419 1418 1420 1419 1421 1331 1422 1423 1424 1425 1426 1427 1425 1333 1427 1426 1422 1428 1429 1425 1424 1426 1419 1335 1417 1323 1415 1430 1431 1420 1432 1431 1433 1434 1435 1321 1320 1414 1436 1316 1412 1411 1435 1399 1365 1400 1437 1424 1423 1438 1336 1439 1437 1325 1324 1437 1423 1325 1324 1323 1430 1430 1415 1416 1416 1322 1321 1432 1420 1418 1440 1355 1434 1435 1320 1412 1414 1413 1436 1431 1432 1433 1316 1436 1314 1433 1398 1434 1315 1314 1409 1434 1398 1440 1408 1407 1410 1315 1409 1408 1355 1440 1353 1410 1406 1313 1441 1402 1442 1443 1444 1445 1446 1447 1448 1449 1447 1450 1445 1444 1441 1451 1452 1449 1453 1451 1454 1448 1443 1446 1454 1455 1295 1447 1449 1452 1456 1297 1457 1391 1458 1457 1389 1394 1390 1391 1390 1458 1457 1458 1456 1457 1297 1296 1296 1295 1455 1455 1454 1451 1453 1452 1451 1446 1450 1447 1443 1448 1444 1445 1441 1442 1397 1396 1459 1402 1366 1442 1440 1398 1397 1417 1335 1334 1334 1336 1438 1438 1439 1428 1429 1421 1422 1439 1429 1428 1421 1332 1331 1333 1426 1331 1329 1310 1319 1317 1326 1460 1330 1339 1341 1330 1329 1339 1341 1340 1343 1343 1342 1345 1345 1344 1348 1461 1347 1462 1290 1289 1338 1352 1351 1354 1463 1464 1461 1465 1466 1464 1352 1354 1353 1462 1347 1346 1466 1467 1359 1462 1463 1461 1459 1396 1401 1463 1465 1464 1459 1401 1400 1467 1466 1465 1360 1359 1467 1468 1469 1356 1366 1365 1399 1357 1360 1358 1470 1471 1472 1356 1358 1468 1471 1473 1474 1475 1476 1388 1469 1470 1472 1477 1478 1387 1472 1471 1474 1478 1479 1480 1475 1474 1473 1382 1381 1479 1378 1481 1380 1377 1376 1379 1378 1379 1481 1378 1380 1382 1479 1381 1480 1479 1478 1477 1477 1387 1386 1386 1388 1476 1476 1475 1473 1470 1469 1468 1328 1460 1326 1337 1328 1327 1460 1318 1317 1318 1308 1309 1308 1299 1298 1299 1287 1300 1286 1300 1287 1482 1483 1484 1485 1486 1487 1487 1482 1485 1487 1486 1488 1489 1490 1491 1486 1492 1488 1493 1494 1492 1494 1488 1492 1485 1482 1484 1495 1496 1494 1497 1494 1498 1495 1494 1493 1496 1495 1499 1500 1501 1502 1503 1501 1499 1504 1505 1501 1504 1501 1503 1506 1507 1508 1505 1509 1506 1510 1511 1502 1506 1510 1502 1512 1513 1514 1509 1505 1515 1514 1513 1509 1516 1517 1518 1496 1499 1501 1519 1483 1482 1483 1519 1520 1521 1522 1523 1524 1520 1525 1519 1525 1520 1525 1526 1527 1527 1524 1525 1527 1526 1528 1528 1526 1529 1530 1528 1529 1531 1532 1533 1529 1534 1535 1535 1530 1529 1535 1534 1536 1536 1534 1537 1538 1536 1537 1539 1538 1537 1540 1541 1539 1542 1538 1539 1543 1541 1540 1539 1541 1542 1544 1545 1546 1545 1543 1540 1545 1547 1548 1549 1547 1545 1550 1551 1552 1553 1554 1555 1556 1557 1558 1559 1560 1561 1562 1563 1517 1564 1565 1560 1566 1560 1559 1567 1568 1569 1569 1570 1567 1571 1572 1573 1574 1575 1576 1577 1575 1574 1578 1576 1575 1569 1579 1580 1581 1568 1582 1583 1565 1580 1565 1570 1569 1566 1564 1560 1564 1570 1565 1584 1585 1586 1587 1588 1589 1590 1591 1592 1593 1594 1595 1594 1593 1516 1596 1597 1598 1599 1600 1595 1601 1602 1603 1563 1604 1605 1603 1515 1504 1557 1598 1606 1514 1515 1558 1607 1604 1608 1514 1609 1512 1607 1610 1611 1612 1613 1614 1585 1615 1610 1550 1584 1616 1552 1559 1561 1551 1550 1617 1561 1550 1552 1618 1619 1620 1621 1622 1623 1617 1616 1619 1618 1620 1624 1625 1624 1620 1626 1627 1628 1555 1627 1629 1628 1554 1630 1631 1632 1633 1628 1622 1626 1555 1634 1553 1634 1555 1629 1635 1636 1637 1555 1628 1627 1638 1639 1548 1514 1509 1515 1506 1513 1507 1515 1505 1504 1505 1502 1501 1498 1496 1500 1496 1501 1500 1640 1497 1498 1496 1498 1494 1641 1488 1497 1488 1494 1497 1642 1643 1641 1488 1641 1487 1490 1482 1643 1487 1641 1643 1644 1519 1490 1482 1490 1519 1523 1525 1644 1519 1644 1525 1645 1526 1523 1526 1525 1523 1534 1529 1646 1526 1645 1529 1534 1531 1537 1645 1646 1529 1539 1537 1647 1534 1646 1531 1539 1648 1540 1537 1531 1647 1649 1648 1650 1539 1647 1648 1546 1540 1648 1506 1509 1513 1508 1510 1506 1651 1500 1511 1505 1506 1502 1498 1500 1640 1640 1652 1653 1653 1497 1640 1642 1641 1653 1641 1497 1653 1642 1654 1491 1643 1642 1491 1482 1487 1643 1490 1643 1491 1521 1644 1489 1644 1490 1489 1521 1655 1522 1644 1521 1523 1656 1645 1522 1645 1523 1522 1656 1657 1532 1646 1645 1656 1646 1656 1532 1531 1646 1532 1533 1650 1647 1647 1531 1533 1546 1648 1649 1648 1647 1650 1649 1658 1659 1546 1649 1544 1545 1540 1546 1502 1511 1500 1660 1500 1651 1660 1640 1500 1660 1652 1640 1652 1661 1653 1661 1662 1653 1653 1662 1642 1662 1654 1642 1654 1663 1491 1663 1664 1491 1491 1664 1489 1664 1665 1489 1665 1655 1521 1665 1521 1489 1655 1666 1522 1666 1667 1522 1667 1657 1656 1667 1656 1522 1668 1532 1657 1669 1670 1533 1658 1650 1670 1650 1533 1670 1658 1671 1659 1649 1650 1658 1672 1544 1659 1544 1672 1545 1669 1532 1668 1532 1669 1533 1669 1673 1670 1670 1673 1658 1673 1671 1658 1671 1674 1659 1675 1674 1676 1544 1649 1659 1672 1659 1675 1672 1675 1545 1675 1659 1674 1676 1549 1675 1675 1549 1545 1677 1638 1635 1639 1677 1548 1636 1634 1629 1677 1639 1638 1637 1636 1629 1677 1678 1548 1617 1550 1616 1619 1616 1620 1628 1630 1625 1630 1624 1625 1628 1555 1554 1632 1637 1629 1678 1637 1631 1678 1677 1637 1637 1677 1635 1629 1627 1632 1678 1679 1548 1575 1577 1680 1581 1578 1681 1682 1683 1684 1567 1582 1568 1681 1579 1568 1685 1686 1605 1579 1569 1568 1561 1560 1615 1565 1569 1580 1585 1550 1561 1583 1560 1565 1620 1616 1687 1560 1583 1615 1625 1620 1623 1585 1561 1615 1628 1625 1622 1585 1584 1550 1688 1689 1626 1687 1616 1584 1632 1627 1689 1687 1623 1620 1690 1691 1692 1622 1625 1623 1693 1688 1626 1679 1631 1694 1632 1631 1637 1626 1689 1627 1689 1633 1632 1679 1695 1548 1678 1631 1679 1681 1578 1575 1696 1680 1577 1680 1697 1698 1681 1568 1581 1680 1699 1681 1580 1700 1701 1700 1579 1699 1701 1702 1583 1700 1580 1579 1604 1611 1685 1701 1583 1580 1687 1584 1613 1702 1615 1583 1623 1687 1703 1702 1610 1615 1704 1705 1706 1586 1585 1610 1626 1622 1693 1586 1613 1584 1707 1708 1709 1703 1687 1613 1633 1689 1710 1703 1621 1623 1694 1633 1711 1693 1622 1621 1710 1688 1712 1695 1694 1691 1633 1694 1631 1688 1710 1689 1710 1711 1633 1548 1695 1545 1679 1694 1695 1575 1680 1681 1696 1697 1680 1698 1713 1714 1681 1699 1579 1698 1682 1699 1701 1684 1715 1682 1684 1700 1715 1611 1702 1700 1684 1701 1607 1614 1586 1701 1715 1702 1716 1717 1718 1610 1702 1611 1612 1719 1703 1610 1607 1586 1719 1720 1621 1614 1613 1586 1720 1706 1693 1613 1612 1703 1706 1712 1688 1719 1621 1703 1712 1708 1710 1621 1720 1693 1708 1692 1711 1693 1706 1688 1721 1722 1723 1707 1692 1708 1711 1691 1694 1710 1708 1711 1711 1692 1691 1545 1695 1724 1695 1691 1724 1680 1698 1699 1697 1713 1698 1714 1573 1572 1699 1682 1700 1682 1714 1683 1715 1725 1685 1683 1725 1684 1726 1562 1516 1684 1725 1715 1727 1614 1608 1685 1611 1715 1728 1612 1727 1611 1604 1607 1718 1719 1728 1607 1608 1614 1704 1720 1718 1614 1727 1612 1729 1705 1730 1612 1728 1719 1709 1712 1705 1719 1718 1720 1722 1731 1723 1720 1704 1706 1732 1692 1707 1706 1705 1712 1733 1690 1732 1712 1709 1708 1721 1732 1707 1734 1724 1690 1691 1690 1724 1690 1692 1732 1545 1724 1734 1698 1714 1682 1713 1573 1714 1735 1736 1737 1571 1738 1572 1683 1572 1739 1740 1741 1742 1686 1725 1739 1563 1743 1608 1686 1685 1725 1590 1727 1743 1605 1604 1685 1716 1728 1590 1608 1604 1563 1744 1745 1746 1608 1743 1727 1730 1704 1717 1727 1590 1728 1747 1748 1749 1728 1716 1718 1750 1709 1729 1718 1717 1704 1750 1721 1707 1704 1730 1705 1723 1732 1721 1705 1729 1709 1751 1733 1723 1707 1709 1750 1752 1731 1722 1753 1734 1733 1690 1733 1734 1733 1732 1723 1545 1734 1753 1714 1572 1683 1754 1738 1571 1738 1755 1756 1683 1739 1725 1738 1742 1739 1605 1741 1517 1686 1742 1741 1562 1591 1743 1605 1686 1741 1757 1758 1759 1605 1517 1563 1760 1716 1592 1743 1563 1562 1760 1761 1717 1743 1591 1590 1746 1730 1761 1716 1590 1592 1746 1762 1729 1716 1760 1717 1749 1750 1762 1717 1761 1730 1749 1722 1721 1729 1730 1746 1763 1764 1765 1729 1762 1750 1766 1751 1731 1721 1750 1749 1767 1768 1763 1769 1753 1751 1733 1751 1753 1731 1751 1723 1545 1753 1769 1572 1738 1739 1754 1755 1738 1737 1736 1756 1739 1742 1686 1756 1740 1742 1770 1771 1772 1741 1740 1518 1726 1773 1591 1741 1518 1517 1773 1774 1592 1517 1516 1562 1774 1757 1760 1591 1562 1726 1757 1744 1761 1592 1591 1773 1775 1776 1777 1760 1592 1774 1745 1747 1762 1761 1760 1757 1778 1779 1780 1761 1744 1746 1748 1752 1722 1762 1746 1745 1752 1781 1731 1762 1747 1749 1781 1763 1766 1722 1749 1748 1752 1782 1781 1768 1769 1766 1751 1766 1769 1781 1766 1731 1545 1769 1768 1738 1756 1742 1755 1737 1756 1735 1783 1736 1518 1740 1784 1736 1784 1740 1593 1785 1726 1784 1594 1518 1785 1786 1773 1516 1518 1594 1786 1758 1774 1726 1516 1593 1787 1788 1789 1773 1726 1785 1759 1790 1744 1774 1773 1786 1790 1777 1745 1757 1774 1758 1777 1776 1747 1744 1757 1759 1776 1791 1748 1744 1790 1745 1791 1782 1752 1747 1745 1777 1782 1764 1781 1748 1747 1776 1792 1793 1794 1752 1748 1791 1764 1779 1778 1765 1795 1767 1766 1763 1768 1764 1763 1781 1545 1768 1767 1736 1740 1756 1796 1783 1735 1598 1597 1606 1783 1797 1596 1798 1784 1783 1785 1593 1600 1595 1594 1798 1786 1785 1799 1600 1593 1595 1758 1786 1588 1799 1785 1600 1759 1758 1587 1588 1786 1799 1790 1759 1800 1587 1758 1588 1777 1790 1801 1587 1800 1759 1802 1803 1804 1801 1790 1800 1791 1776 1805 1775 1777 1801 1782 1791 1806 1805 1776 1775 1764 1782 1779 1806 1791 1805 1765 1764 1778 1779 1782 1806 1795 1765 1807 1808 1809 1807 1763 1765 1767 1778 1807 1765 1545 1767 1795 1736 1783 1784 1796 1797 1783 1603 1558 1515 1784 1798 1594 1798 1596 1810 1600 1811 1799 1810 1599 1595 1799 1812 1588 1599 1811 1600 1813 1814 1815 1812 1799 1811 1587 1816 1800 1812 1589 1588 1801 1800 1817 1816 1587 1589 1801 1789 1775 1816 1817 1800 1775 1788 1805 1789 1801 1817 1805 1818 1806 1789 1788 1775 1806 1819 1779 1788 1818 1805 1820 1792 1821 1819 1806 1818 1778 1808 1807 1819 1780 1779 1822 1807 1809 1808 1778 1780 1823 1793 1809 1545 1795 1822 1795 1807 1822 1783 1596 1798 1797 1597 1596 1811 1599 1824 1798 1810 1595 1598 1825 1810 1812 1811 1826 1825 1824 1599 1812 1827 1589 1824 1826 1811 1816 1589 1828 1827 1812 1826 1816 1829 1817 1827 1828 1589 1789 1817 1830 1828 1829 1816 1831 1832 1833 1829 1830 1817 1818 1788 1834 1830 1787 1789 1819 1818 1835 1787 1834 1788 1819 1836 1780 1834 1835 1818 1808 1780 1837 1836 1819 1835 1808 1823 1809 1836 1837 1780 1838 1809 1793 1837 1823 1808 1839 1840 1545 1545 1822 1838 1822 1809 1838 1598 1810 1596 1841 1557 1606 1826 1824 1602 1810 1825 1599 1557 1556 1825 1842 1602 1601 1824 1556 1602 1828 1827 1843 1826 1842 1827 1770 1843 1771 1842 1843 1827 1830 1829 1844 1828 1770 1829 1787 1830 1814 1770 1844 1829 1834 1787 1845 1844 1814 1830 1835 1834 1833 1814 1845 1787 1846 1833 1832 1834 1845 1833 1837 1836 1847 1835 1846 1836 1802 1847 1803 1846 1847 1836 1793 1823 1794 1837 1802 1823 1839 1793 1792 1802 1794 1823 1840 1792 1820 1545 1838 1839 1838 1793 1839 1598 1557 1825 1558 1841 1609 1601 1603 1504 1825 1556 1824 1556 1603 1602 1601 1848 1842 1771 1843 1848 1826 1602 1842 1843 1842 1848 1492 1772 1771 1815 1844 1772 1828 1843 1770 1844 1770 1772 1813 1815 1485 1844 1815 1814 1813 1831 1845 1845 1814 1813 1832 1831 1520 1845 1831 1833 1832 1849 1846 1803 1847 1849 1835 1833 1846 1847 1846 1849 1535 1804 1803 1821 1794 1804 1837 1847 1802 1794 1802 1804 1820 1821 1538 1794 1821 1792 1820 1850 1840 1840 1850 1545 1839 1792 1840 1841 1558 1557 1514 1558 1609 1504 1503 1601 1556 1558 1603 1503 1499 1601 1601 1499 1848 1499 1495 1848 1495 1493 1771 1495 1771 1848 1492 1771 1493 1492 1486 1772 1486 1485 1815 1486 1815 1772 1485 1484 1813 1484 1483 1813 1483 1520 1831 1483 1831 1813 1520 1524 1832 1524 1527 1832 1832 1527 1849 1527 1528 1849 1528 1530 1803 1528 1803 1849 1535 1803 1530 1535 1536 1804 1536 1538 1821 1536 1821 1804 1538 1542 1820 1542 1541 1820 1541 1543 1850 1541 1850 1820 1545 1850 1543 1851 1852 1853 1854 1855 1856 1857 1858 1859 1860 1861 1862 1863 1857 1859 1864 1865 1866 1867 1868 1869 1870 1871 1872 1873 1874 1875 1876 1877 1878 1879 1880 1881 1882 1883 1884 1885 1886 1887 1883 1888 1889 1890 1891 1888 1892 1893 1882 1894 1884 1889 1895 1885 1896 1897 1898 1885 1871 1899 1879 1900 1901 1880 1874 1873 1870 1871 1881 1902 1903 1904 1905 1875 1906 1869 1907 1908 1909 1910 1911 1868 1907 1912 1913 1914 1858 1915 1915 1858 1857 1916 1917 1918 1863 1859 1919 1917 1920 1921 1859 1922 1919 1917 1921 1918 1921 1920 1923 1923 1924 1925 1926 1925 1924 1916 1922 1917 1926 1924 1927 1914 1928 1912 1929 1930 1931 1912 1928 1932 1907 1913 1908 1913 1912 1932 1933 1861 1934 1908 1935 1909 1936 1937 1938 1909 1935 1938 1936 1939 1934 1909 1938 1937 1934 1940 1941 1934 1937 1936 1942 1873 1943 1944 1945 1946 1947 1948 1941 1947 1941 1940 1949 1946 1948 1950 1948 1947 1950 1951 1949 1952 1953 1954 1955 1949 1956 1956 1949 1951 1955 1956 1957 1958 1959 1952 1960 1961 1957 1851 1961 1960 1961 1954 1957 1962 1963 1958 1957 1949 1955 1964 1965 1962 1949 1948 1950 1951 1950 1947 1957 1946 1949 1966 1967 1968 1954 1969 1970 1939 1940 1934 1945 1948 1946 1970 1971 1944 1972 1948 1945 1860 1903 1973 1948 1972 1941 1861 1974 1937 1941 1933 1934 1937 1934 1861 1974 1907 1909 1974 1909 1937 1975 1928 1914 1944 1946 1957 1976 1964 1977 1978 1862 1933 1933 1941 1972 1971 1945 1944 1979 1974 1860 1980 1945 1971 1981 1907 1979 1972 1945 1980 1982 1912 1981 1972 1978 1933 1983 1858 1914 1933 1862 1861 1914 1915 1975 1860 1974 1861 1858 1984 1859 1979 1907 1974 1859 1985 1922 1907 1981 1912 1922 1916 1919 1983 1914 1982 1986 1987 1983 1984 1858 1983 1917 1988 1989 1985 1859 1984 1920 1924 1923 1922 1988 1917 1990 1989 1988 1917 1989 1920 1929 1926 1927 1970 1944 1957 1991 1977 1992 1993 1994 1978 1978 1972 1980 1969 1971 1970 1903 1862 1994 1971 1969 1995 1911 1979 1973 1971 1995 1980 1996 1981 1911 1980 1993 1978 1982 1986 1983 1978 1994 1862 1860 1862 1903 1984 1983 1987 1982 1914 1912 1973 1979 1860 1985 1984 1997 1911 1981 1979 1998 1986 1999 1982 1996 1986 2000 1990 1988 2001 1990 2000 1985 1988 1922 1984 1987 1997 1989 1927 1920 2000 1988 1985 1927 2002 1929 1926 1929 1931 1920 1927 1924 1927 2003 2002 1930 1929 2004 1954 1970 1957 2005 2006 1992 1993 2007 2008 1993 1980 1995 1953 1969 1954 2008 1904 1994 2009 1969 1953 1869 1905 2010 1969 2009 1995 2011 1904 2008 1993 1995 2007 1999 1986 1996 2008 1994 1993 1904 1903 1994 1987 1986 1998 1996 1982 1981 1905 1973 1903 1997 1987 2012 1868 1911 1973 2013 1999 2014 1996 1910 1999 2015 2001 2000 2016 2001 2015 1997 2000 1985 1987 1998 2012 1990 2003 1989 2015 2000 1997 2003 2017 2002 2002 2004 1929 1989 2003 1927 2003 2018 2017 2019 2004 2002 1961 1952 1954 1856 2020 2005 2007 2021 2022 2007 1995 2009 1952 1959 1953 2008 2022 2011 2023 1953 1959 2011 2010 1904 2023 2009 1953 1868 1973 1905 2007 2009 2021 2022 2024 2011 2008 2007 2022 1999 1910 2014 1998 1999 2013 1910 1996 1911 2010 1905 1904 2012 1998 2025 1869 1868 1905 2014 2026 2027 1867 2014 1910 2028 2001 2016 2029 2016 2030 2012 2015 1997 1998 2013 2025 2001 2018 1990 2030 2015 2012 2031 2017 2032 2017 2019 2002 1990 2018 2003 2018 2028 2032 2031 2019 2017 1952 1961 1958 2033 2034 2035 2021 2036 2037 2021 2009 2023 1958 1963 1959 2022 2037 2024 1963 2038 1959 2011 2024 1943 2023 1959 2038 1943 1875 2010 2036 2021 2023 2024 2037 1866 2022 2021 2037 2014 1867 2026 2014 2027 2013 1867 1910 1868 2010 2011 1943 2025 2013 2039 1875 1869 2010 2026 2040 2041 1906 2026 1867 2042 2016 2029 2030 2016 2015 2025 2030 2012 2039 2013 2027 2029 2043 2044 2043 2030 2025 2045 2032 2046 2018 2032 2017 2001 2028 2018 2028 2042 2046 2031 2032 2045 1958 1961 1962 2047 2048 1854 2036 2049 2050 2036 2023 2038 1962 1965 1963 2037 2050 1866 1965 2051 1963 2024 1866 1942 2051 2038 1963 2052 1899 2053 2036 2038 2049 2054 1872 1902 2037 2036 2050 2026 1906 2040 2026 2041 2027 1906 1867 1869 2024 1942 1943 2027 2055 2039 1873 1875 1943 2044 2043 2056 1874 2040 1906 2057 2029 2044 2043 2029 2030 2039 2043 2025 2027 2041 2055 2044 2056 2058 2056 2043 2039 2059 2046 2060 2028 2046 2032 2016 2042 2028 2042 2057 2060 2045 2046 2059 1962 1961 1964 2061 2047 2062 2049 2063 2064 2049 2038 2051 1964 1976 1965 2050 2064 1864 1976 2065 1965 2065 2066 2067 2065 2051 1965 1865 1942 1866 2049 2051 2063 2068 1873 1942 2050 2049 2064 2040 1874 1872 2069 2055 2041 1874 1906 1875 1942 1865 2068 1871 1902 1872 1870 1873 2068 2056 2070 2058 1870 1872 1874 1872 2054 2040 2058 2071 2044 2055 2056 2039 2041 2054 2069 2044 2071 2057 2056 2055 2070 2072 2060 2073 2042 2060 2046 2029 2057 2042 2057 2071 2073 2059 2060 2072 1964 1961 1977 2074 2075 2076 2067 2063 2065 2063 2051 2065 1976 1977 1991 2077 2064 2063 1991 2066 1976 2078 1864 2064 1865 1864 2079 1864 1866 2050 2067 2077 2063 2068 1865 2053 2077 2078 2064 2068 1899 1870 2079 1864 2078 2080 2069 2054 1865 2079 2053 2054 2041 2040 2053 1899 2068 1881 1871 1879 1870 1899 1871 2081 2082 2070 2083 2058 2082 2069 2070 2055 2054 1902 2080 2084 2073 2071 2070 2069 2081 2060 2057 2073 2070 2082 2058 2071 2083 2084 2085 2086 2073 2073 2086 2072 1977 1961 1992 2087 2088 2062 2067 2066 2033 2066 2065 1976 1991 1992 2006 2077 2067 2089 1991 2006 2034 2090 2078 2077 2034 2033 2066 2079 2078 2091 2033 2089 2067 2053 2079 2092 2089 2090 2077 1878 1877 1898 2090 2091 2078 2093 1895 2094 2092 2079 2091 2080 1902 2095 2052 2053 2092 1880 1879 2096 1879 1899 2052 2097 2098 2081 2099 2098 2097 2080 2081 2069 1902 1881 2095 2100 2084 2083 2081 2080 2097 2082 2081 2098 2073 2084 2085 2058 2083 2071 2100 2083 2101 2102 2085 2084 1992 1961 2005 2087 2103 2104 2105 2106 2107 2034 2066 1991 2006 2005 2020 2089 2033 2108 2006 2020 2109 2090 2089 2110 2034 2109 2035 2111 2091 2090 2035 2108 2033 2092 2091 2112 2108 2110 2089 2113 2052 2092 2110 2111 2090 1879 2052 2096 2112 2091 2111 2095 1881 1901 2112 2113 2092 2114 2115 2096 2113 2096 2052 2116 2098 2099 2117 2099 2118 2095 2097 2080 1881 1880 1901 2098 2101 2082 2118 2097 2095 2101 2119 2100 2084 2100 2102 2082 2101 2083 2101 2116 2119 2120 2102 2100 2005 1961 1856 2121 2122 2103 2123 2035 2109 2109 2034 2006 2020 1856 1855 2124 2108 2035 1855 2125 2020 2110 2108 2126 2109 2125 2123 2127 2111 2110 2035 2123 2124 1966 2112 2111 2124 2126 2108 1968 2113 2112 2110 2126 2127 2114 2096 2113 2127 1966 2111 2115 1880 2096 2112 1966 1968 2117 2118 2093 2114 2113 1968 2128 2099 2117 2118 2099 2097 1901 2118 2095 1900 1880 2115 2117 2093 2094 2093 2118 1901 2129 2119 2130 2119 2120 2100 2098 2116 2101 2116 2128 2130 2129 2120 2119 1856 1961 1854 2131 2132 2133 2134 2123 2125 2125 2109 2020 1855 1854 2048 2135 2124 2123 1855 2048 2136 2137 2126 2124 2125 2136 2134 2138 2127 2126 2123 2134 2135 2139 1966 2127 2124 2135 2137 2140 2141 2142 2126 2137 2138 1876 2114 1968 2127 2138 2139 1878 2115 2114 2139 1967 1966 1900 2115 1897 1876 1968 1967 1878 2114 1876 2094 2143 2117 1900 2093 1901 1878 1897 2115 2144 2130 2128 2093 1900 1895 2145 2146 2130 2116 2130 2119 2099 2128 2116 2128 2143 2144 2129 2130 2146 1854 1961 2047 2121 2147 2148 2075 2134 2136 2136 2125 1855 2048 2047 2061 2149 2135 2134 2048 2061 2150 2151 2137 2135 2136 2150 2075 2152 2138 2137 2134 2075 2149 2149 2153 2151 2135 2149 2151 2139 2154 2155 2151 2152 2137 1967 2155 2156 2139 2138 2154 1876 2156 1877 1967 2139 2155 1883 1893 2157 1876 1967 2156 1884 1887 1882 2158 2094 1896 1897 1895 1900 1878 1898 1897 2159 2144 2143 1895 1897 1885 2094 1895 1896 2130 2144 2145 2117 2143 2128 2159 2143 2158 2160 2145 2144 2047 1961 2062 2147 2161 2162 2150 2163 2076 2150 2136 2048 2061 2062 2088 2164 2165 2166 2150 2061 2163 2149 2074 2153 2075 2150 2076 2151 2153 2167 2074 2149 2075 2152 2167 2168 2168 2169 2154 2152 2154 2138 2152 2151 2167 2169 2170 2155 2154 2152 2168 2170 2171 2156 2155 2154 2169 2171 2172 1877 2156 2155 2170 2172 1886 1898 2156 2171 1877 1882 1887 1886 1898 1877 2172 2159 2158 2173 1886 1885 1898 1896 1885 1887 2144 2159 2160 2094 2158 2143 2158 2174 2173 2175 2160 2159 2062 1961 2087 2176 2177 2148 2131 2178 2163 2088 2163 2061 2104 2088 2087 2178 2179 2076 2131 2163 2088 2074 2179 2180 2076 2163 2178 2180 2181 2153 2179 2074 2076 2181 2182 2167 2180 2153 2074 2168 2182 2183 2167 2153 2181 2183 2184 2169 2182 2168 2167 2170 2184 2185 2169 2168 2183 2185 2186 2171 2184 2170 2169 2172 2186 1892 2171 2170 2185 1892 1882 1886 2186 2172 2171 1887 2174 1896 1886 2172 1892 2187 2173 1894 2173 2175 2159 1896 2174 2158 2174 1884 1894 2187 2175 2173 2087 1961 2103 2161 2188 2189 2190 2191 2192 2104 2131 2088 2122 2104 2103 2133 2190 2178 2132 2131 2104 2179 2190 2193 2133 2178 2131 2180 2193 2194 2179 2178 2190 2194 2195 2181 2193 2180 2179 2182 2195 2196 2194 2181 2180 2183 2196 2197 2195 2182 2181 2184 2197 2198 2196 2183 2182 2185 2198 2142 2184 2183 2197 2142 2141 2186 2198 2185 2184 1892 2141 1893 2186 2185 2142 1893 1883 1882 1892 2186 2141 2199 2200 1894 2174 1894 2173 1887 1884 2174 1884 1883 1889 2187 1894 2200 2103 1961 2121 2188 2201 2202 2132 2177 2203 2122 2132 2104 2121 2148 2122 2133 2203 2191 2177 2132 2122 2203 2133 2132 2193 2192 2166 2191 2190 2133 2194 2166 2204 2192 2193 2190 2205 2206 2207 2166 2194 2193 2208 2196 2195 2204 2208 2195 2209 2197 2196 2208 2209 2196 2210 2198 2197 2209 2210 2197 2211 2142 2198 2210 2211 2198 2212 2213 2140 2211 2140 2142 2213 1893 2141 2140 2213 2141 1888 1891 1889 2157 1893 2213 2157 1888 1883 1891 2199 1889 1894 1889 2199 2121 1961 2147 2214 2189 2202 2215 2216 2217 2148 2177 2122 2162 2176 2148 2218 2203 2177 2177 2176 2218 2219 2191 2203 2203 2218 2219 2220 2192 2191 2219 2220 2191 2164 2166 2192 2192 2220 2164 2165 2204 2166 2208 2204 2221 2194 2204 2195 2165 2221 2204 2209 2208 2205 2208 2221 2205 2210 2209 2105 2205 2105 2209 2211 2210 2107 2210 2105 2107 2140 2211 2222 2211 2107 2222 2212 2222 2223 2140 2222 2212 2157 2213 2224 2213 2212 2224 2157 2224 2225 1890 1888 2225 2147 1961 2161 2202 2201 2226 2176 2162 2227 2147 2162 2148 2162 2189 2227 2216 2218 2176 2227 2216 2176 2219 2218 2215 2218 2216 2215 2220 2219 2228 2219 2215 2228 2220 2228 2164 2229 2165 2164 2230 2221 2165 2206 2205 2221 2207 2231 2105 2207 2105 2205 2106 2105 2231 2106 2232 2107 2232 2223 2222 2232 2222 2107 2212 2223 2233 2233 2234 2212 2212 2234 2224 2234 2235 2224 2224 2235 2225 2157 2225 1888 2161 1961 2188 2226 2201 1853 2214 2236 2227 2161 2189 2162 2214 2227 2189 2236 2237 2216 2236 2216 2227 2217 2216 2237 2217 2238 2215 2215 2238 2228 2238 2239 2228 2239 2240 2228 2229 2164 2240 2228 2240 2164 2229 2230 2165 2230 2241 2221 2221 2241 2206 2188 1961 2201 1852 2226 1853 2214 2202 2226 2188 2202 2189 2201 1961 1853 1851 1853 1961 2242 2243 2244 2245 2246 2247 2248 2249 2250 2251 2252 2253 2254 2255 2256 2257 2258 2259 2260 2261 2262 2263 2264 2265 2266 2267 2268 2269 2270 2271 2272 2267 2273 2267 2272 2268 2274 2275 2273 2272 2273 2275 2274 2276 2277 2277 2275 2274 2278 2276 2279 2276 2278 2277 2268 2270 2266 2278 2279 2280 2269 2266 2270 2271 2260 2262 2269 2271 2262 2261 2265 2264 2261 2260 2265 2254 2263 2255 2254 2264 2263 2257 2256 2281 2281 2256 2255 2259 2258 2250 2257 2281 2258 2251 2249 2248 2249 2259 2250 2243 2253 2252 2252 2251 2248 2244 2246 2242 2243 2242 2253 2245 2247 2282 2244 2247 2246 2283 2284 2285 2284 2286 2285 2283 2287 2284 2287 2288 2289 2289 2284 2287 2290 2289 2288 2291 2284 2289 2292 2293 2294 2293 2295 2294 2292 2296 2293 2296 2297 2298 2298 2293 2296 2299 2298 2297 2300 2293 2298 2301 2302 2303 2304 2305 2306 2307 2308 2303 2303 2302 2307 2309 2308 2310 2307 2310 2308 2309 2311 2312 2311 2309 2310 2313 2314 2312 2312 2311 2313 2315 2314 2316 2313 2316 2314 2315 2317 2318 2317 2315 2316 2319 2320 2318 2318 2317 2319 2321 2320 2322 2319 2322 2320 2321 2323 2324 2323 2321 2322 2301 2325 2302 2325 2326 2327 2326 2325 2301 2328 2329 2327 2327 2326 2328 2330 2329 2331 2328 2331 2329 2330 2332 2333 2332 2330 2331 2334 2335 2333 2333 2332 2334 2336 2335 2337 2334 2337 2335 2336 2338 2339 2338 2336 2337 2340 2305 2339 2339 2338 2340 2340 2306 2305 2341 2342 2343 2344 2345 2346 2347 2348 2349 2350 2351 2352 2353 2354 2355 2356 2357 2358 2359 2360 2361 2362 2363 2364 2365 2366 2367 2368 2367 2369 2370 2365 2371 2365 2370 2366 2371 2372 2373 2373 2370 2371 2374 2375 2372 2373 2372 2375 2323 2374 2324 2374 2323 2375 2359 2368 2369 2367 2366 2369 2361 2360 2362 2368 2359 2361 2363 2355 2364 2360 2363 2362 2353 2358 2354 2355 2354 2364 2348 2357 2356 2356 2358 2353 2351 2347 2349 2347 2357 2348 2350 2352 2341 2351 2349 2352 2343 2342 2346 2350 2341 2343 2344 2304 2345 2342 2344 2346 2306 2345 2304 2376 2377 2378 2379 2380 2381 2382 2383 2378 2376 2378 2383 2382 2384 2385 2385 2383 2382 2385 2384 2386 2387 2388 2386 2386 2384 2387 2388 2389 2390 2389 2388 2387 2391 2392 2393 2389 2391 2390 2394 2395 2396 2397 2398 2399 2379 2381 2400 2401 2402 2380 2403 2404 2405 2406 2407 2408 2409 2410 2411 2412 2409 2413 2413 2404 2412 2409 2412 2410 2405 2407 2403 2413 2405 2404 2406 2408 2400 2403 2407 2406 2381 2380 2402 2400 2408 2379 2395 2394 2401 2401 2394 2402 2395 2397 2396 2398 2392 2399 2397 2399 2396 2391 2393 2390 2398 2393 2392 2414 2415 2416 2417 2418 2419 2420 2421 2416 2416 2415 2420 2422 2421 2423 2420 2423 2421 2422 2424 2425 2424 2422 2423 2426 2427 2425 2425 2424 2426 2428 2427 2429 2426 2429 2427 2428 2430 2431 2430 2428 2429 2432 2433 2431 2431 2430 2432 2434 2433 2435 2432 2435 2433 2434 2436 2437 2436 2434 2435 2414 2438 2415 2438 2439 2440 2439 2438 2414 2441 2442 2440 2440 2439 2441 2443 2442 2444 2441 2444 2442 2443 2445 2446 2445 2443 2444 2447 2448 2446 2446 2445 2447 2449 2448 2450 2447 2450 2448 2449 2451 2452 2451 2449 2450 2453 2418 2452 2452 2451 2453 2453 2419 2418 2454 2455 2456 2457 2458 2459 2460 2461 2462 2463 2464 2465 2466 2467 2468 2469 2470 2471 2472 2473 2474 2475 2476 2477 2478 2479 2480 2481 2480 2482 2483 2478 2484 2478 2483 2479 2484 2485 2486 2486 2483 2484 2487 2488 2485 2486 2485 2488 2436 2487 2437 2487 2436 2488 2472 2481 2482 2480 2479 2482 2474 2473 2475 2481 2472 2474 2476 2468 2477 2473 2476 2475 2466 2471 2467 2468 2467 2477 2461 2470 2469 2469 2471 2466 2464 2460 2462 2460 2470 2461 2463 2465 2454 2464 2462 2465 2456 2455 2459 2463 2454 2456 2457 2417 2458 2455 2457 2459 2419 2458 2417 2489 2490 2491 2492 2493 2494 2495 2496 2491 2489 2491 2496 2495 2497 2498 2498 2496 2495 2498 2497 2499 2500 2501 2499 2499 2497 2500 2501 2502 2503 2502 2501 2500 2504 2505 2506 2502 2504 2503 2507 2508 2509 2510 2511 2512 2492 2494 2513 2514 2515 2493 2516 2517 2518 2519 2520 2521 2522 2523 2524 2525 2522 2526 2526 2517 2525 2522 2525 2523 2518 2520 2516 2526 2518 2517 2519 2521 2513 2516 2520 2519 2494 2493 2515 2513 2521 2492 2508 2507 2514 2514 2507 2515 2508 2510 2509 2511 2505 2512 2510 2512 2509 2504 2506 2503 2511 2506 2505</p>
        </triangles>
      </mesh>
    </geometry>
  </library_geometries>

  <library_visual_scenes>
    <visual_scene id="ID1">
      <node id="ID2">
        <instance_geometry url="#ID3">
          <bind_material>
            <technique_common>
              <instance_material symbol="ID9" target="#ID9"/>
            </technique_common>
          </bind_material>
        </instance_geometry>
      </node>
    </visual_scene>
  </library_visual_scenes>

  <scene>
    <instance_visual_scene url="#ID1"/>
  </scene>

  <library_nodes/>

</COLLADA>
